✔ quest history and adventure record descriptions reserve fixed line counts (11.7358ms)
✔ rumor history reserves more lines and scrolls long dialogue (1.7414ms)
✔ adventure records summarize values already stored in the save (48.4229ms)
✔ adventure statistics include the original entries and new activity counters (1.6677ms)
✔ play time uses an hour counter that can exceed one day (0.2355ms)
✔ play time stops for hidden tabs and after five minutes without input (0.2657ms)
✔ play time preserves MVP saves and safely resets when the era changes (1.4015ms)
✔ chronicle restores achieved milestones from existing progress flags (6.2682ms)
✔ B1F survey achievement follows quest 003's one-hundred-cell flag (0.8149ms)
✔ reported survey quests rescue all three one-hundred-cell achievements (0.9966ms)
✔ unachieved stable and Otherworldly Wisdom milestones show their hints (0.8447ms)
✔ Mimic and ten-Maikaefer achievements expose their requested hidden hints (1.4887ms)
✔ midgame chronicle includes the seven new boss, floor, and survey achievements (0.8972ms)
✔ deep cold chronicle includes B45F, both ice bosses, B50F, and the second long march (0.8946ms)
✔ new deep-cold achievements conceal their names behind hints until achieved (0.9325ms)
✔ priest recovery achievement keeps its hidden hint until quest 016 is reported (0.7765ms)
✔ jungle achievements follow the requested order and preserve the musk hint (1.1906ms)
✔ the post-Fleischfresser chronicle uses durable progression flags and requested hints (1.6136ms)
✔ the final long march is placed between B100F arrival and the guardian gauntlet (0.6094ms)
✔ legacy Amayenak clears retain the B100F guardian achievement (0.5514ms)
✔ the completion achievement is revoked while new item compendium achievement is reserved (0.9141ms)
✔ mobile achievement labels stay on one line with a reduced dedicated font (9.8035ms)
✔ rare-event and long-play achievements use the existing immediate notification path (3.3382ms)
✔ Johanna medicine achievement unlocks only after quest 031 is reported (0.6623ms)
✔ new guardian, twelve zodiac kinds and maximum level use independent achievement conditions (3.9802ms)
✔ Anastasia's hidden outfit waits for both her assignment and the five-hundred-donation rumor (2.4279ms)
✔ the unlocked outfit and walking-picture suppression apply only on real Sundays (0.4611ms)
✔ Anastasia changes back only while the outfit event blackout is opaque (9.6173ms)
✔ maximum SP initializes independent barrier and shared cost permits SP zero (29.611ms)
✔ magic barrier absorbs complete multi-hit overflow then subsequent attacks hit HP (7.9048ms)
✔ normal barrier consumes one entire attack before magic layer; unequipped overflow stays unchanged (8.751ms)
✔ persistent changes and loaded saves remove barrier; next battle recreates from current max SP (11.0832ms)
✔ victory removes battle-only magic barrier (4.8215ms)
✔ all skill categories share free cost and normal reductions resume after barrier breaks (2.2392ms)
✔ arrow glint repeats two bounded pulses and is assigned to Zentaurin (2.1732ms)
✔ concealment and reduced motion clear both glint layers (0.5938ms)
✔ Web Audio uses one context with independent cached SE and BGM gain paths (13.662ms)
✔ auto return routes through an explored normal closed door (3.2944ms)
✔ auto return does not route through locked, boss, or special-room doors (0.8028ms)
✔ persistent auto return rejects duplicate starts and survives a battle input lock (2.9354ms)
✔ manual input interrupts persistent auto return without recreating its spent resource (10.6138ms)
✔ 003: 98 cells incomplete, 99 cells reportable while Leo remains sealed (8.2894ms)
✔ 003: old saved progress 99 survives normalization and return without migration (7.1516ms)
✔ 001+002+003: actual kill and exploration progress unlock B2F only after all reports (2.5528ms)
✔ only B1 survey uses 99; B35/B45 remain accessible 100-cell surveys (2.0011ms)
✔ new B100F, zone, reserved boss, and ending audio assets are registered (2.942ms)
✔ zone and B100F final boss BGM selectors use their dedicated tracks (0.8237ms)
✔ B100F warp waits for A, starts warp SE, fades, and applies its destination while dark (0.423ms)
✔ B100F queen shadow overlay fades after its warning (0.4576ms)
✔ B100F blocks minimap only and keeps the entrance portal canvas-rendered (0.4769ms)
✔ B100F warp and guardian prompts use large overlay imagery and phantom silhouettes (0.8332ms)
✔ B100F guardian progress is per exploration while repeat victories award zero EXP (0.7138ms)
✔ Amayenak receives a dedicated enlarged battle image without consuming the vital area (0.4157ms)
✔ guardian silhouettes remain forced between hit animations (0.43ms)
✔ nearby dungeon NPC and boss sprites receive a shared proximity enlargement (0.5127ms)
✔ B100F final prelude registers its altar layers and delays battle for two seconds (0.5522ms)
✔ B70 red chest exact 50/30/15/5 boundaries yield one item (12.4952ms)
✔ the existing medium strong potion is reused without changing its price or effects (0.5054ms)
✔ 蒼真珠: material limits, description, no use, no shop stock (1.102ms)
✔ 蒼真珠: lot settlement and partial sale preserve quantities and gold (11.4627ms)
✔ 蒼真珠: inventory overflow uses existing warehouse handling (1.1366ms)
✔ 水晶珊瑚: material limits, description, no use, no shop stock (0.3159ms)
✔ 水晶珊瑚: lot settlement and partial sale preserve quantities and gold (2.6445ms)
✔ 水晶珊瑚: inventory overflow uses existing warehouse handling (0.9308ms)
✔ 沈没王国の金貨袋: material limits, description, no use, no shop stock (0.8935ms)
✔ 沈没王国の金貨袋: lot settlement and partial sale preserve quantities and gold (2.4722ms)
✔ 沈没王国の金貨袋: inventory overflow uses existing warehouse handling (0.6385ms)
✔ B70 uses the common 1-3 placement count and avoids stairs, NPCs and feature reservations (1014.286ms)
✔ neighboring floors keep red placement and original loot; other chest types exclude new valuables (411.268ms)
✔ B70 saved chests are preserved and opened/old empty cells gain no chests on restore (42.6271ms)
✔ B99F Seelenwuerger uses the requested before/after event art and conditional dialogue (9.0859ms)
✔ B99F creates one trapped gold chest for its red-rust key and a sealed boss room (38.6011ms)
✔ B99F key chest is not recreated after pickup, door unlock, or boss victory (84.662ms)
✔ B99F key chest restoration can exclude the player's saved cell (20.4966ms)
✔ B99F pre-battle dialogue waits for A, then starts the battle immediately once (1.5141ms)
✔ battle HP presentation applies attacks, poison, bleeding and healing without drifting (3.131ms)
✔ quick-status HP can follow every player presentation event through zero HP (0.9043ms)
✔ multi-enemy HP presentation updates only the event target in real time (0.3501ms)
✔ battle speed defaults to the existing fast pace and normalizes all three modes (3.1051ms)
✔ battle speed cycles from fast to normal to slow (0.336ms)
✔ legacy slow settings migrate to the renamed normal pace (0.351ms)
✔ fast mode preserves every existing standard presentation delay (0.3133ms)
✔ normal mode preserves the former slow pace at 1.8 times (0.2435ms)
✔ slow mode lengthens presentation and auto-battle pacing by 2.6 times (0.2471ms)
✔ three speeds add distinct readable pauses after dedicated effects (0.2753ms)
✔ battle timing is applied only to presentation and automatic action spacing (27.2228ms)
✔ battle speed uses versioned device-wide settings (5.7512ms)
✔ battle speed control exposes all labels through an accessible touch-sized button (6.3278ms)
✔ battle speed handles touchend once even when the global touch guard suppresses click (2.5352ms)
✔ a declined battle chest disappears without awarding loot (3.6283ms)
✔ an opened battle chest uses the normal trap and loot hooks (1.3098ms)
✔ an adjacent NPC does not overwrite the opened chest reward message (0.5174ms)
✔ boss HP meter reports one of 100 remaining segments (1.3735ms)
✔ B9 strange statue boss data is isolated and balance-adjustable (3.4942ms)
✔ only bosses with dedicated remains content leave a dungeon remnant (0.4013ms)
✔ boss victory persists independently from its future reward (3.9389ms)
✔ B2 lingering ghost is a repeatable undead event boss with experience only (0.3191ms)
✔ B4 otherworldly wisdom is a one-time superboss with Libra reward (0.4563ms)
✔ B19 fallen mage is a one-time magic floor boss with a placeholder reward (0.608ms)
✔ B29 Iron Maiden is a physical checkpoint boss with a low-HP death bite (0.339ms)
✔ B39 Wicker Man is a fire checkpoint boss with dedicated event art (0.2924ms)
✔ B49 Eiskoenigin is an ice checkpoint boss stronger than Glacies (0.4642ms)
✔ peacefully resolved Sphinx reuses the pre-battle event image while sleeping (0.5649ms)
✔ B16 Jabberwock is a one-time high-difficulty event boss (0.252ms)
✔ B9 always creates one sealed 1x3 boss room and one trapped key chest (1431.1683ms)
✔ opened B9 red door stays red and defeated boss never respawns (37.518ms)
✔ B19 creates a reusable 1x3 checkpoint room and leaves remains after victory (113.8359ms)
✔ B29 creates a keyed 1x3 checkpoint room and leaves remains after victory (104.2775ms)
✔ B39 creates a keyed 1x3 checkpoint room and leaves Wicker Man remains (95.6759ms)
✔ B49 creates a keyed 1x3 checkpoint room and leaves Eiskoenigin remains (97.2583ms)
✔ the B9 red rust key is a non-sellable key item (1.5344ms)
✔ B9 through B49 red rust keys share a display name but keep separate IDs (0.4604ms)
✔ B10 stairs up is marked as the transfer portal (33.8095ms)
✔ B20 stairs up is marked as the second transfer portal (33.8539ms)
✔ B30 stairs up is marked as the third transfer portal (28.8518ms)
✔ every tenth floor through B100F contains a transfer portal (211.4287ms)
✔ Brass Bull is a B36F quest event boss with a guaranteed unique material reward (0.5227ms)
✔ Glacies is the B46F quest event boss with a warrior hammer reward (0.2991ms)
✔ Bouncing Coin is the B1F-B4F one-to-three enemy with fixed per-unit rewards (4ms)
✔ Bouncing Coin only calls one ally at a time and stops after two reinforcements (32.0213ms)
✔ fixed coin gold counts every defeated initial or summoned unit and ignores living units (0.6357ms)
✔ multi-enemy UI hides HP bars and preserves defeated layout slots invisibly (1.5782ms)
✔ Bouncing Coin multi-hit accuracy averages only one or two hits out of five (0.8037ms)
✔ a multi-battle enemy defeated before its queued turn cannot attack (7.8447ms)
✔ battle presentation skips queued hits after their target has vanished (0.9294ms)
✔ Cancer keeps the existing Z identity and exposes the confirmed public and detailed descriptions (4.3331ms)
✔ Cancer raises maximum HP by 25 percent after additive bonuses without healing or duplicate recalculation (15.2203ms)
✔ Cancer maximum HP survives protected save and load without multiplying again (28.1276ms)
✔ Cancer does nothing while unequipped and succeeds below but not at the 30 percent boundary (1.2295ms)
✔ Cancer aggregates a multi-hit enemy action and rolls one 120-damage counter after all three hits (29.8634ms)
✔ Cancer uses HP loss after barrier absorption and does not count barrier damage (8.74ms)
✔ Cancer excludes zero damage, player death, damage-over-time, traps, self damage, reflection, and counters (0.6369ms)
✔ Cancer keeps the recorded loss when the player is healed during the same action (0.6092ms)
✔ Cancer supports attack spells and never applies critical, defense, resistance, or player damage multipliers (0.4708ms)
✔ Cancer never answers player attacks or other non-enemy attack sources (0.4309ms)
✔ Cancer counters each enemy action against its original attacker in multi-enemy battles (9.3114ms)
✔ Cancer counter can defeat a normal enemy or boss and boss rewards retain duplicate protection (9.0768ms)
✔ Cancer counter is a fixed presentation event and cannot recursively trigger hit effects (0.4136ms)
✔ card gallery lists only owned production cards (2.8063ms)
✔ card gallery rarity filter keeps owned cards of the selected rarity (0.665ms)
✔ B90F cat gold chests map every job to one unique unenhanced weapon (8.2486ms)
✔ cat weapon special descriptions stay in details but are omitted from the compact status row (0.5536ms)
✔ B90F to B98F use the five-percent boundary without affecting B50F gold chests (275.8128ms)
✔ cat weapons are detected in equipment, inventory, warehouse, and the loot bag (1.2591ms)
✔ cat weapons remain unique and unenhanced through loot settlement and save normalization (6.8034ms)
✔ cat weapon bonuses and active effects disappear when the weapon is unequipped (47.5624ms)
✔ B90F ordinary black chests retain the existing generic fallback (0.9722ms)
✔ Katzbalger is a one-handed DEF-piercing HP weapon and repeats only low-HP normal attacks (37.5029ms)
✔ Katzendolch performs four independent half-power hits with capped critical and penetration (2.7028ms)
✔ Katzenkolben is one-handed, boosts miracles, and heals once after a landed normal command (40.1795ms)
✔ Katzenstab applies spell power and multiplicative-before-fixed SP reduction in field and battle paths (7.568ms)
✔ Cat Whim recasts below thirty percent, stops at the boundary, and never charges extra SP (12.8929ms)
✔ Gemini duplicates every target attack before Cat Whim without recursive copies (7.1179ms)
✔ Cat Whim excludes support, healing, charge, and ultimate actions (15.9257ms)
✔ Cat Whim repeats all-target attack spells against only living enemies and stops after a wipe (15.1063ms)
✔ temple renaming changes only the name and fixed fee (9.0519ms)
✔ temple renaming rejects insufficient gold and empty names without charging (2.0393ms)
✔ character names retain the registration trim and twelve-character limit (0.225ms)
✔ a renamed character keeps its name through save serialization and normalization (5.4674ms)
✔ rename cancellation precedes the rename callback and successful UI refreshes are wired (13.8328ms)
✔ only B40F to B49F are damaging cold floors (1.6414ms)
✔ cold floors deal one step damage and use the shared nonlethal path (28.6665ms)
✔ coldproof boots negate cold floor damage and hide their ice resistance (5.0134ms)
✔ cold area uses a dedicated blue mist palette (4.4206ms)
✔ Golden Beetle increases battle experience by 25 percent (10.6069ms)
✔ Maikaefer usually escapes and leaves no battle reward (14.2625ms)
✔ Maikaefer escape resolves before NPC opening support (2.8379ms)
✔ all classes have 24 stat points and 45 HP+SP (0.2332ms)
✔ registration jobs use the intended order and localized labels (1.1923ms)
✔ initial equipment matches every class profile (1.5293ms)
✔ early enemies use the MVP difficulty profile (0.3219ms)
✔ B2F adds rabbit, undead and poison slime encounters (0.5021ms)
✔ B50F to B59F encounter Abyss Tiger, Abyss Panther, and Abyss Mushroom (1.674ms)
✔ B60F to B69F encounter the three desert enemies and only Abyss Lizards form groups (4.6108ms)
✔ poison slime sometimes selects an attack that can inflict poison (0.5066ms)
✔ enemy action tables select weighted spells and multi-hit attacks (0.722ms)
✔ all initial classes can damage the adjusted cave slime (3.2808ms)
✔ the oak staff alone uses 0.75 INT and ignores defense (0.5621ms)
✔ future staves do not inherit the oak staff rescue attack (0.204ms)
✔ Wisdom to Power adds half INT to normal attacks except with the oak staff (0.4858ms)
✔ equipment bonuses are included in combat stats (0.5571ms)
✔ detail status derives current character percentages (1.0913ms)
✔ detail status attack power includes weapon and equipment stats (0.8873ms)
✔ detail status includes the dagger DEX damage contribution (0.538ms)
✔ collected main stats are capped at 30 (0.3406ms)
✔ DEF is capped independently at 60 (0.7904ms)
✔ fixed RNG reproduces physical attack results (0.4634ms)
✔ miss deals zero and a landed hit deals at least one (0.7365ms)
✔ combatants can define a lower physical hit floor and an evasion bonus (0.2485ms)
✔ critical is 1.5x normal with minimum two (0.3137ms)
✔ dagger normal attack, quick strike and poison blade are two hits (0.4354ms)
✔ dagger attacks add one quarter of DEX to attack power (0.1756ms)
✔ dagger battle round exposes two separate hit presentation events (11.168ms)
✔ healing skill exposes a green-number presentation event (4.1253ms)
✔ Holy Strike ignores defense and uses the combined STR and INT holy formula (0.3348ms)
✔ Guardian Prayer grants five DEF for the full battle and cannot stack (0.1522ms)
✔ Triage is a level-ten battle-only miracle that always acts before ordinary enemy actions (0.9802ms)
✔ poison blade resolves poison once on the first landed hit (0.6578ms)
✔ defense penetration is capped at 75 percent (0.2469ms)
✔ fireball is unavoidable, immunity is zero and weakness is 1.5x (5.1762ms)
✔ Ice, Pierce uses explicit self and enemy turn-order wording (0.1826ms)
✔ the three basic elemental spells use their revised costs and Lightning, Pierce unlocks at level 8 (0.3481ms)
✔ magic damage reduction lowers final spell damage without changing status resistance (0.3584ms)
✔ three Magic Barrier cards combine with deep equipment up to the 75 percent cap (0.5053ms)
✔ the complete anti-magic armor set grants a hidden ten-percent bonus and still respects the cap (0.3684ms)
✔ negative ability cards cost one and cannot lower STR or AGI below one (0.2965ms)
✔ Elemental Spell Resistance and Scorching Resistance reduce only their intended spell damage (0.5514ms)
✔ elemental staves amplify matching magic and increase opposite incoming damage (0.8753ms)
✔ Magic Resistance affects non-elemental spells only (0.3041ms)
✔ SP Saver reduces skill costs to a minimum of one (0.2435ms)
✔ all implemented enemies and bosses expose internal reference levels (4.177ms)
✔ healing uses no RNG and cannot overheal (0.4561ms)
✔ Sylvan Emera multiplies DEF and healing miracles by 1.5 (0.3413ms)
✔ Grain Choker healing bonus multiplies with Sylvan Emera (1.7169ms)
✔ Comet Booster grants Fall the Meteor only while equipped (4.0806ms)
✔ ice immunity does not prevent ice bind status roll (0.2742ms)
✔ immune status always fails (0.1556ms)
✔ environment saves expose the configured success effect (0.2569ms)
✔ instant death is capped at 50 percent and immunity is zero (0.2731ms)
✔ surprise chance is reduced by LUC and never below zero (0.2225ms)
✔ normal enemy surprise is capped at 30 percent and resistance at 15 percent (0.2887ms)
✔ surprise saving throw uses the final reduced rate (0.3049ms)
✔ zero torch fuel can force an ambush regardless of normal resistance (0.1409ms)
✔ enemy ambush grants exactly one enemy opening action (3.2973ms)
✔ escape uses the enemy escape rate with injectable RNG (0.2623ms)
✔ poison damages at target action end and never expires naturally (0.6567ms)
✔ poison damage stops at one HP (4.356ms)
✔ deadly poison deals five percent per action lethally and per step nonlethally (0.4861ms)
✔ death poison deals ten percent lethally and is cleared after battle (4.0966ms)
✔ Todes Scorpio is the level 85 B64 optional superboss that inflicts death poison (0.2795ms)
✔ Deadly Poison Immunity is a unique legendary card with full resistance (0.1937ms)
✔ same status refreshes instead of stacking (0.2234ms)
✔ action skip consumes one opportunity and is removed (0.351ms)
✔ electrified skips the next action and uses LUC plus action-disable resistance (1.3921ms)
✔ turn order uses AGI, speed modifier and raw AGI tie-break (1.3002ms)
✔ illusion changes the physical hit floor to 50 percent (0.2639ms)
✔ initial character receives class vitals and starting skills (0.851ms)
✔ every initial skill has a display description of up to three lines (0.8261ms)
✔ legacy characters migrate to their class vitals and skills (0.6596ms)
✔ Magic Wall blocks three weak physical actions but not a strong hit (9.2257ms)
✔ Magic Wall blocks the rat, rabbit, slime and lingering ghost normal attacks (10.934ms)
✔ existing mage saves receive Magic Wall as a starting skill (1.0547ms)
✔ Magic Wall expires when battle-only statuses are cleared (0.1839ms)
✔ inn recovery restores HP and SP to maximum (0.3357ms)
✔ legacy poison turn counters are removed when character data is normalized (0.989ms)
✔ temple revival restores one HP and preserves death-time SP (0.1907ms)
✔ dungeon defeat loses carried experience unless it is protected (0.2154ms)
✔ growth curve reaches the formal level 197 HP and SP caps (0.3605ms)
✔ HP and SP growth is front-loaded without changing endpoints or job identities (16.432ms)
✔ deck cost starts at three and rises only at prime-numbered levels (1.1155ms)
✔ new characters have an empty six-slot card deck ready for future cards (0.4417ms)
✔ card deck normalization rejects unknown, unowned, duplicate and over-cost cards (0.5412ms)
✔ inn deck editing equips and removes owned cards without exceeding cost (1.6514ms)
✔ common event cards share inventory with future drops and apply deck bonuses (2.0719ms)
✔ the three initial common cards use the Excel effect values (0.2272ms)
✔ Dexterity Lesson is a stackable cost-one C card with DEX plus one (0.2573ms)
✔ Alertness is a stackable cost-one C card with two percent surprise resistance (3.6865ms)
✔ common HP and SP cards stack up to six copies and raise maximum vitals (6.8264ms)
✔ main card registry contains every rarity and all twelve zodiac cards (0.4621ms)
✔ Aries stores the complete opening-strike contract (0.1799ms)
✔ Aries prevents an enemy ambush and preserves the player's command phase (1.8479ms)
✔ Aries makes every hit of the first attack unavoidable and then expires (5.9319ms)
✔ Aries keeps its opening attack after guard and defeats Maikaefer before escape (5.7585ms)
✔ Aries doubles the first attack spell without affecting later spells (8.1201ms)
✔ Capricorn gains one long-battle stage every five turns up to three (0.2656ms)
✔ Capricorn raises dealt damage and reduces received damage in a long battle (7.1971ms)
✔ Libra grants thirty percent offense and defense only against bosses or higher-level enemies (12.649ms)
✔ Ability Boost grants five to every ability and rejects a fourth deck copy (2.478ms)
✔ Ability Boost Plus grants ten to every ability and rejects a fourth deck copy (2.2563ms)
✔ three Ability Boost cards and three Plus cards coexist, survive normalization, and respect the stat cap (6.1876ms)
✔ Resistance Spirit stacks to sixty percent across three R cards (0.3796ms)
✔ Floor Detection is a unique SR exploration card and Defense Up uses the shield icon (0.1859ms)
✔ early detection cards are unique C cards with individual minimap effects (0.2344ms)
✔ Search and Destroy is a unique R card with guaranteed thrown-item accuracy (0.1433ms)
✔ Vorpal Sword raises normal encounter escape rate to 85 percent without affecting bosses (0.2071ms)
✔ First Aid is an R card with thirty percent bleeding resistance (0.1536ms)
✔ legendary vitality cards allow max HP and SP to exceed four digits (8.2538ms)
✔ a landed Vorpal Sword normal attack executes only Jabberwock (7.1925ms)
✔ Indomitable Spirit is a six-copy SR card with HP and defense bonuses (0.2868ms)
✔ black-chest R cards cost two and allow six copies (0.3923ms)
✔ Defense Up is a six-copy R card with three defense (0.267ms)
✔ Goddess's Grace is a unique cost-one C card that preserves defeat experience (0.753ms)
✔ battle rewards are carried and settled into consecutive inn level-ups (0.5827ms)
✔ one inn settlement can gain several levels and stops at level 197 (1.9463ms)
✔ healing prayer can restore HP and consume SP outside battle (0.5871ms)
✔ field skills reject battle-only actions and full-HP healing (0.3416ms)
✔ Triage resolves before NPC charge skills and uses its explicit healing message (4.5219ms)
✔ Die Triage unlocks at level 40 and resolves before NPC charge skills (3.5064ms)
✔ priests learn Antidote at level 3 and Exorcism at level 5 (1.2567ms)
✔ Antidote cures poison for 3 SP without restoring HP (4.6198ms)
✔ Die Antidote is learned at level 25 and cures poison plus deadly poison for 5 SP (1.3306ms)
✔ the three jobs learn their new dungeon skills at the intended levels (2.2086ms)
✔ mages learn Wisdom to Power at level 25 and cannot activate the passive manually (1.2232ms)
✔ Staff Light restores fifty torch points and Conceal Presence cannot stack (2.3516ms)
✔ Survival Instinct cures poison nonlethally in the field and battle (4.376ms)
✔ Exorcism banishes only non-boss undead for 5 SP and grants no experience (10.2469ms)
✔ defeat presentation is skipped only when a future recovery resolver restores HP (0.4505ms)
✔ warriors and thieves learn their normal-attack instant-death passives at level 38 (2.3001ms)
✔ passive instant death reaches fifteen percent only with the intended extreme stats (0.4526ms)
✔ Mana Amplifier boosts attack spells and Master's Necklace raises passives only to twenty percent (1.9423ms)
✔ Poison Mask contributes equal poison and deadly-poison application resistance (0.7735ms)
✔ The Five Star attacks five times and Musashi Blade is a two-handed two-hit warrior weapon (0.2714ms)
✔ Glacies Hammer is a warrior-only ice two-handed weapon (0.1551ms)
✔ midgame class skills unlock at levels 22 to 34 with intended costs (6.4774ms)
✔ action seal forces normal enemy attacks for three turns and bosses for one (0.4521ms)
✔ greater healing scales with max HP and full INT while magic focus is a one-use multiplier (0.195ms)
✔ a successful Flash Slash ends remaining hits and requests the shared slash effect (3.5725ms)
✔ B50F black-chest weapons retain their job roles through plus three (0.2578ms)
✔ basic spells scale with INT 1.5 and spend revised SP in real rounds (8.4216ms)
✔ compendium records encounters, defeats, counts, and discovered drops (4.2806ms)
✔ equipment compendium uses the base equipment id independently of enhancement (0.7396ms)
✔ legacy saves backfill held collectibles and existing boss victory flags (10.082ms)
✔ compendium normalization discards unknown ids without losing known progress (0.3436ms)
✔ main game connects battle encounters, victories, drops, and saves to the compendium (30.3498ms)
✔ only B80F through B89F drain SP through the crystal floor (1.5283ms)
✔ the crystal floor drains one SP every third successful step (3.9663ms)
✔ crystal SP drain never goes below zero and resets outside the region (0.3047ms)
✔ legacy saves receive a safe crystal step counter (6.8317ms)
✔ crystal SP damage is presented beside the SP value (17.0754ms)
✔ B80F through B89F use progressive crystal-region formations (11.1725ms)
✔ crystal enemies divide weaknesses, defenses, statuses, rewards, and SP drain (1.3575ms)
✔ crystal multi-hit ranges and SP drain use the shared battle engine safely (23.4076ms)
✔ B89F Creeping Chaos is summoned with the Trapezohedron and gates B90F (0.5237ms)
✔ available crystal monster and boss images exist at their declared paths (12.1646ms)
✔ B80F shop unlocks exactly one unenhanced final armor set for each job (11.9401ms)
✔ final armor enhancements preserve job identity through plus three (0.4358ms)
✔ B80F to B89F red chests cycle final armor with 70/25/5 enhancements (7.1173ms)
✔ B80F black chests use four crystal-breaking weapons and B88F is job-fixed (2.0242ms)
✔ crystal weapons retain job mechanics while all deal blunt-type physical damage (0.4721ms)
✔ B80F to B89F place red chests and keep the B89F boss floor free of black chests (249.7189ms)
✔ boss and mimic battles conceal enemies when the torch is empty (13.2252ms)
✔ concealed enemies retain a blue-white glowing silhouette in darkness (2.899ms)
✔ 暗黒区域の4体はB90F～B99Fだけで通常抽選される (3.1747ms)
✔ 暗黒区域の編成は指定された1～3体構成を返す (1.2598ms)
✔ 各敵は通常・中頻度特殊・条件付き低頻度特殊の3行動を持つ (3.4673ms)
✔ 区域内の強さと経験値は★1から★4の順に段階化される (0.3989ms)
✔ 暗黒区域の状態効果と画像参照は既存処理で利用できる (8.2735ms)
✔ new characters see the deck tutorial while legacy recipients do not repeat it (10.5581ms)
✔ deck tutorial isolates and highlights the inn deck command (1.5957ms)
✔ lucky charm acquisition starts one locked three-second tutorial (3.9809ms)
✔ B60F through B99F normal enemies use the requested HP and spawn at full health (5.531ms)
✔ the HP adjustment leaves every other field of the fifteen enemy definitions unchanged (2.3429ms)
✔ B30F through B59F normal-enemy HP remains unchanged (1.3983ms)
✔ boss, fixed-enemy, obstacle, and B100F HP remains unchanged (0.3659ms)
✔ deep-region formations keep their single, grouped, and mixed encounter shapes (1.7182ms)
✔ monster compendium reports the adjusted HP after a defeat is recorded (52.5414ms)
✔ legacy character normalization is unaffected by enemy HP data changes (6.42ms)
✔ deep normal-enemy pacing uses attainable level, gear, cards, and NPC growth by region (54.9333ms)
✔ all four jobs clear every representative party battle within the pacing average (0.3726ms)
✔ the same seeded matrix records solo action counts as a non-balancing reference (0.2615ms)
✔ Lightning Armament uses a registered elemental sword icon (1.6544ms)
✔ Jirene rematch and victory presentation use the requested assets and copy (0.6709ms)
✔ quest 028 reporting unlocks the B80 transfer portal (1.3984ms)
✔ Mana Booster and DEF overcap presentation are visible (0.3487ms)
✔ normal, red and purple dungeon doors load their dedicated WebP textures (13.1478ms)
✔ door images keep generated Canvas textures as a load-failure fallback (3.5041ms)
✔ feature reservations protect footprints and their interaction approaches (2.2248ms)
✔ failed placement transactions restore every changed cell (1.5652ms)
✔ generation order keeps mandatory boss rooms ahead of optional features (0.3067ms)
✔ post-generation validation protects future feature approaches (233.6801ms)
✔ sealed save cells are distinguished from rooms with an operable door (32.3411ms)
✔ B3F restores generated unopened red chests at their saved positions (77.8332ms)
✔ B10F restores generated unopened red chests at their saved positions (65.7033ms)
✔ B40F restores generated unopened red chests at their saved positions (63.5045ms)
✔ B80F restores generated unopened red chests at their saved positions (49.8812ms)
✔ opened chests remain absent while other saved treasure kinds keep their existing rules (0.3966ms)
✔ the three combat jobs learn only their own level 12 multi-target skill (22.281ms)
✔ old level 12 saves are normalized with the new skill and level-up reports it (5.649ms)
✔ level 12 skill definitions keep their requested combat values (1.3837ms)
✔ physical sweeps use one hit, inherit weapon power and element, and exclude attack-only effects (0.7033ms)
✔ wide swing and blade dance strike each living enemy once without passive executions (33.0032ms)
✔ flame sweep hits every living enemy and applies fire affinity per target (5.9292ms)
✔ multi-target skills reject insufficient SP and a party defeat keeps one reward per enemy (5.288ms)
✔ Survival Instinct cures only poison and costs one quarter max HP without killing (1.8813ms)
✔ Full Sprint unlocks only for level 20 warriors and old saves receive it (3.859ms)
✔ Full Sprint consumes 30 SP only after dungeon auto-return eligibility succeeds (1.9561ms)
✔ export/import retains target anchoring, image assets and all audio settings (4.4646ms)
✔ every positional part follows a moving target and old parts remain screen anchored (6.3355ms)
✔ target coordinates follow the selected party image including CSS scale and motion (0.5053ms)
✔ damage and healing placeholders resolve without losing target or audio data (0.473ms)
✔ audio offsets, fades, loop and speed use one timeline and pause releases sources (1.0239ms)
✔ stopping while assets prepare settles playback instead of leaving the battle waiting (0.9764ms)
✔ ice orbit rotation is animated, reversible and backward compatible (1.9904ms)
✔ editor can preview empty cutin slots while runtime and invalid images remain strict (1.5082ms)
✔ messages seek deterministically, clear in gaps and preserve multiline text (0.9691ms)
✔ magic circle image survives JSON and draws with its dimensions; new popup defaults to k8x12 (1.0872ms)
✔ lot bag cracker JSON remains compatible with the generic effect schema (13.8403ms)
✔ fire ball uses its data-driven depth orb timeline and runtime damage popup (3.9291ms)
✔ the shared battle effect schema retains every generator-only presentation part (0.6533ms)
✔ lot bag identification is skipped only when all carried loot is already known (0.3826ms)
✔ lot bag highlights SR-or-higher cards and equipment enhanced to plus three or more (0.3186ms)
✔ special unique weapons use the orange lot-bag highlight ahead of plus-three yellow (0.3169ms)
✔ inventory, equipment selection, status, and lot bag share equipment highlight priority (0.2967ms)
✔ lightning spells share the requested temporary enemy-following timeline (6.5664ms)
✔ fire export preserves its screen trajectory, enemy impact and 100ms SE (2.8512ms)
✔ ice spell uses one enemy-relative orbit with screen damage and the requested cutoff (3.0937ms)
✔ meteor export keeps all 116 parts and resolves damage through the equipment skill registration (27.8635ms)
✔ Eiskrabbe has the requested optional B47 superboss data and existing image (11.26ms)
✔ B47 fixed room contains Eiskrabbe and no random purple chest (62.7599ms)
✔ Eiskrabbe weighted actions use 40/35/25 and a stance reserves the next great pincer (22.4399ms)
✔ an unbroken reservation executes the great pincer once and then clears (7.2839ms)
✔ a faster fire spell cancels the already selected great pincer into a wait (4.9191ms)
✔ Flame Armament breaks the stance once even on a four-hit physical attack (5.7013ms)
✔ fire oil application alone does not break the stance, but the following physical hit does (7.8526ms)
✔ misses and non-fire elements do not clear a reserved attack (0.5342ms)
✔ fresh retries reset HP and stance, while first-victory reward and flag are idempotent (5.7971ms)
✔ victory unlocks the Eiskrabbe achievement and event-boss compendium entry (38.8373ms)
✔ escape remains retryable and the normal boss gate blocks defeated re-entry (10.2823ms)
✔ elemental barriers are expensive one-battle consumables behind independent shop flags (3.0932ms)
✔ using an elemental barrier consumes one item and rejects duplicate use (25.8506ms)
✔ fire and ice reductions affect physical and spell damage and cap at 75 percent (1.1633ms)
✔ empty normal pools explicitly fall back to the rat and never to a roaming boss (6.6167ms)
✔ real main encounter selection connects B89 to crystal formations and preserves rare encounters (11.1356ms)
✔ 編成条件でB1Fを単独、B2F以降を混成にできる (3.5988ms)
✔ 特定階・除外階・進行フラグを編成ごとに併用できる (0.7408ms)
✔ 条件適合後の編成は設定した重みで抽選される (0.5693ms)
✔ ending audio waits for decoding, follows the real audio clock, fades and cleans up (9.223ms)
✔ blocked audio times out and late loading never starts a ghost BGM (31.4492ms)
✔ old characters default to no ending, medal, or blessing without losing regalia (14.2588ms)
✔ story commits the return and unique medal once and leaves credits pending (3.75ms)
✔ completed ending survives normalization and credits completion without duplicate rewards (3.4518ms)
✔ resume chooses restoration, automatic arrival, then credits only (0.9022ms)
✔ Queen's Blessing has the correct scope at B1F (1.4164ms)
✔ Queen's Blessing has the correct scope at B9F (1.1691ms)
✔ Queen's Blessing has the correct scope at B10F (1.2248ms)
✔ Queen's Blessing has the correct scope at B50F (0.8817ms)
✔ Queen's Blessing has the correct scope at B99F (1.0731ms)
✔ Queen's Blessing has the correct scope at B100F (0.7312ms)
✔ Queen's Blessing has the correct scope at B101F (0.5668ms)
✔ Queen's Blessing has the correct scope at B200F (2.6376ms)
✔ town and B100 block regalia while torch and minimap blocking remain renderer responsibilities (1.5045ms)
✔ assets exist, epilogue is ordered and ending collaborators precede production (2.2381ms)
✔ roll timing reserves the medal pause, stationary final image, and final five-second fade (0.516ms)
✔ confetti reuses the cracker renderer for three inward bursts before a five-second hold (0.8514ms)
✔ arrival uses the normal main viewport and its ordinary message area (2.4555ms)
✔ main bridges real victory to automatic entrance, common return settlement, and story autosave (3.0772ms)
✔ configured bosses retain their ambient effect through combat cloning (7.1595ms)
✔ water splash moves over time and stays static with reduced motion (2.6491ms)
✔ PC supports 60/30; phones and tablets cap even a 60fps setting at 30 (0.3241ms)
✔ contain geometry follows actual sprite at PC/mobile widths, including party borders (0.5842ms)
✔ ordinary/unknown/dead enemies allocate neither canvas nor animation/listeners (1.2507ms)
✔ multiple targets and repeated sync share exactly one RAF and two layers per enemy (2.6235ms)
✔ tentacle deformation uses the sprite bounds and toggles its host presentation class (0.5483ms)
✔ 60/30 caps work on 60/120Hz RAF without slowing real-time animation (6.1697ms)
✔ 30fps switches live, lowers backing resolution and preserves time (0.6869ms)
✔ hidden document or scene stops all updates; reopening resets scheduling (0.9579ms)
✔ death removes only that target immediately; vanish flags cannot resurrect fire (0.4764ms)
✔ unloaded images wait for load and detached enemies release their scheduler (0.4276ms)
✔ repeated end/restart cycles do not leave RAF, canvases or image listeners (0.6296ms)
✔ reduced-motion draws a static glow once without a permanent loop (0.2805ms)
✔ actual painter halves sparks at 30fps and keeps identical time-based tongue positions (1.8805ms)
✔ tentacle painter deforms only its two clipped regions and stays static for reduced motion (2.0168ms)
✔ battle integration tears down before vanish and close; normal render uses presentation HP (26.091ms)
✔ enemy battle display uses four reusable size categories (5.1797ms)
✔ ordinary enemies default to small and combatants retain explicit sizes (0.8976ms)
✔ representative bosses use the intended large image categories (1.0836ms)
✔ new enemies follow the B3F to B5F encounter progression (1.9057ms)
✔ mimic is excluded from random encounters and uses the black chest reward profile (3.6497ms)
✔ Maikaefer is a 1.5 percent all-floor rare encounter with floor-scaled experience (0.9646ms)
✔ Maikaefer is frail, evasive, poison-proof, and highly resistant to action lock (0.4903ms)
✔ viper and vampire bat materials are sell-only drops and bouncing coin carries 20G (1.0538ms)
✔ viper has poison and vampire bat reserves its future drain attack id (0.3309ms)
✔ the legacy mid-depth enemies give way to the torture-region pool on B20F (0.482ms)
✔ B11F to B20F enemies carry their intended attacks, rewards and materials (0.3702ms)
✔ B30F to B39F fire enemies unlock progressively and replace the previous pool (0.6012ms)
✔ B30F to B39F enemies use fire and heavy attacks with balanced rewards (0.7094ms)
✔ B40F to B49F ice enemies unlock progressively and use their intended attacks (0.437ms)
✔ vanish effect catalog is generator-compatible and contains every fallback (1.7894ms)
✔ enemy-specific vanish effect takes priority over race and boss defaults (0.396ms)
✔ unknown individual effect safely falls back to category and default (0.2507ms)
✔ each defeated enemy receives an independent visual playback record without reward state (1.4958ms)
✔ boss timeline can combine shake flash aura shatter and fade (0.3534ms)
✔ completed vanish playback keeps the defeated image hidden until the next battle reset (10.9506ms)
✔ instant-death slash hands its hidden image directly to vanish playback (1.3813ms)
✔ entrance cursor reaches all six slots and wraps within rows (4.712ms)
✔ B delegates to the game menu without leaving the entrance (5.3002ms)
✔ blank slots do nothing on confirm; explicit return still returns to town (4.8277ms)
✔ depth return bonus uses integer floor division for specified examples (2.4387ms)
✔ Goddess's Grace disables only the depth bonus when equipped (1.5746ms)
✔ settlement breakdown distinguishes normal bonus from Goddess suppression (37.5715ms)
✔ Johanna bonus adds ten percent of base experience with floor rounding (0.3769ms)
✔ Johanna bonus is independent of Deep Floor Proof and Goddess protection (9.8422ms)
✔ unlocking Johanna bonus after return updates pending settlement and settles once (2.6796ms)
✔ owning Goddess's Grace does not disable the bonus unless it is in the deck (1.112ms)
✔ Deep Floor Proof adds ten points unless Goddess protection suppresses the depth bonus (1.9122ms)
✔ Deep Floor Proof bonus remains fixed through normalization and later deck changes (6.13ms)
✔ Deep Floor Proof settlement survives the protected save and load path (16.5327ms)
✔ Johanna bonus is restored without duplication through save normalization (9.0724ms)
✔ Goddess's Grace settlement effect is locked when returning from the dungeon (1.1985ms)
✔ return floor survives save normalization and is settled exactly once at the inn (1.4816ms)
✔ stable lodging settles experience but only restores thirty percent of HP and SP (1.2599ms)
✔ normal lodging restores HP and SP without curing poison (0.6882ms)
✔ temple treatment costs level times two and cures persistent ailments without changing HP or SP (0.9205ms)
✔ tent backgrounds switch at all local-hour boundaries (2.7927ms)
✔ 0, 1, 5, 6 and 10 fixtures paginate and wrap without invalid selection (0.7165ms)
✔ second touch opens details, cancelled touch selection is reset by navigation (0.3365ms)
✔ fixtures include identical content with different signatures and long names (0.3442ms)
✔ debug gate starts off and only notifies UI subscribers (1.7369ms)
✔ locked entrance preview buttons are skipped and cannot open a preview (2.211ms)
✔ save-facing town state maps preview back to entrance without persisting fixtures (2.5916ms)
✔ layout-mobile: native taps select twice, explicit actions execute once (23.9377ms)
✔ layout-tablet: native taps select twice, explicit actions execute once (5.0321ms)
✔ appraisal touch sequence saves only after final confirmation and then opens registered detail (4.98ms)
✔ duplicate appraisal can be cancelled without consumption even with ten registered maps (6.4558ms)
✔ failed UI appraisal keeps unidentified map and reports failure rather than success (2.956ms)
✔ touch guard still protects the game surface and preserves existing command exemptions (7.4051ms)
✔ keyboard/gamepad action routing retains paging and detail return position (6.8384ms)
✔ exploration confirms registered selection, routes runtime input and disposes on return (8.6295ms)
✔ appraisal, registration and management actions need only one tap (9.3568ms)
✔ signature gamepad navigates input, register, back without losing typed signature (2.5789ms)
✔ management delete confirmation clamps six maps to first page and save failure retains map (6.5701ms)
✔ share display/import uses original discoverer and duplicate keeps ten slots (9.3075ms)
✔ clipboard failure retains visible selectable code and reports a manual-copy fallback (5.3495ms)
✔ paste success: never auto-registers and keeps manual input usable (3.1936ms)
✔ paste denied: never auto-registers and keeps manual input usable (2.634ms)
✔ paste unavailable: never auto-registers and keeps manual input usable (2.7264ms)
✔ late clipboard response cannot replace input on another screen (3.5826ms)
✔ B100F loads the mapper JSON as a terminal fixed floor (13.1076ms)
✔ B100F converts bottom-left mapper coordinates and warp targets (3.1607ms)
✔ B100F warp portals wait for confirmation and apply every configured arrival direction (13.3892ms)
✔ B100F return portals always face west and missing facing preserves the prior direction (10.3026ms)
✔ B100F queen shadows carry the final warnings and fade after confirmation (0.5148ms)
✔ B100F begins with all ten unique checkpoint bosses and no final boss (2.1546ms)
✔ B100F unlocks Erzdaemonin only after all ten rematch flags (3.4243ms)
✔ persistent first-victory flags do not prevent guardian phantoms from returning on a new exploration (1.5436ms)
✔ B100F resumes with Amayenak after Erzdaemonin is defeated (2.4241ms)
✔ Erzdaemonin starts through the five-page altar prelude and layered portraits (1.2031ms)
✔ B100F boss definitions form the final two-stage battle (0.3132ms)
✔ floors before B100F retain one downward staircase (39.028ms)
✔ B95F reserves the Lichtbringer pickup for request 033's event room (4.0332ms)
✔ B99F Soul Strangler has all three specials and Lichtbringer weakens it (14.6775ms)
✔ the Trapezohedron is a consumable important item reserved for B89F summoning (0.4641ms)
✔ accepting request 030 grants the Trapezohedron once (4.9013ms)
✔ Lichtbringer restores normal torch behavior instead of permanent illumination (7.0977ms)
✔ only B30F to B39F are damaging fire floors (1.6427ms)
✔ fire floors deal one step damage unless fireproof boots are equipped (12.1354ms)
✔ fireproof boots secretly reduce fire damage while displaying only floor immunity (19.6707ms)
✔ only new characters are eligible for the first dungeon tutorial (10.4188ms)
✔ the tutorial exposes the minimap and torch meter through labeled windows (1.2821ms)
✔ the first dungeon tutorial locks input and enables confirmation after three seconds (0.8639ms)
✔ Fleischfresserknospe has the requested event-boss data and artwork (16.2569ms)
✔ Fleischfresserknospe actions use 40/25/20/15 weights and reserve predation (2.8212ms)
✔ the bleed roll is per action and life drain is based on actual HP loss (0.6121ms)
✔ life drain integration heals only the HP actually removed from its target (26.5588ms)
✔ Knospe stance requires a landed fire attack that removes HP (0.9858ms)
✔ the reserved predation waits for the player's response even when the boss is faster (5.5472ms)
✔ existing Eiskrabbe still breaks on a landed fire hit even when damage is zero (0.4895ms)
✔ both herbicides deal 500 fixed damage to Knospe and refresh five turns (9.3176ms)
✔ legacy herbicide target ids remain usable even without the new data trait (0.7783ms)
✔ herbicide descriptions cover both flesh-eating plant bosses (0.6489ms)
✔ touch control AUTO follows coarse touch capability while ON and OFF override it (1.5126ms)
✔ floating stick applies its dead zone, radius cap, and circular diagonal normalization (1.8548ms)
✔ floating touch UI is available across town, dungeon, battle, and menus (17.3202ms)
✔ only B90F to B99F force the torch gauge to zero (1.5095ms)
✔ all themed dungeon areas use their fixed wall and floor colors (4.6096ms)
✔ all themed dungeon areas load their dedicated WebP wall textures and mist (17.6998ms)
✔ Lichtbringer changes only B90F to B99F to the light theme (0.7688ms)
✔ the named dungeon zones cover B1F through B100F exactly (4.1943ms)
✔ floor transition overlay renders the zone name beneath the floor number in a smaller font (22.7039ms)
✔ entering through a transfer portal also shows the destination floor and zone (4.6249ms)
✔ Follow-Up Plus definition, shared icon, cost and ownership/deck limits (18.5737ms)
✔ Follow-Up 10: warrior attack applies one combined event (19.7204ms)
✔ Follow-Up 10: warrior wide_swing applies one combined event (6.9718ms)
✔ Follow-Up 10: mage fireball applies one combined event (4.9658ms)
✔ Follow-Up 50: warrior attack applies one combined event (4.3064ms)
✔ Follow-Up 50: warrior wide_swing applies one combined event (12.179ms)
✔ Follow-Up 50: mage fireball applies one combined event (4.7696ms)
✔ Follow-Up 60: warrior attack applies one combined event (6.8368ms)
✔ Follow-Up 60: warrior wide_swing applies one combined event (5.7643ms)
✔ Follow-Up 60: mage fireball applies one combined event (9.6466ms)
✔ Five Star's five landed hits add only 50, never 250 or recursive follow-ups (6.8087ms)
✔ all-enemy spell applies once to each surviving damaged target (8.5962ms)
✔ eight random hits deduplicate each affected target, including repeated selections (17.2257ms)
✔ SR excludes all misses, zero damage, direct kills and capture puzzle fights (16.0815ms)
✔ DOT, item and NPC damage do not trigger SR follow-ups (9.4266ms)
✔ DEF, elemental resistance, critical hits and magic focus do not scale fixed damage (15.2238ms)
✔ Gemini keeps one follow-up per casting for C, SR and combined cards (14.5068ms)
✔ SR lethal follow-up produces one victory with all enemies defeated (5.9127ms)
✔ Follow-Up Plus is exclusive to B70-B79 purple chests (131.4381ms)
✔ protected auto and manual saves restore the new card and preserve C-only legacy saves (25.6302ms)
✔ B50F through B58F place five giant vines until Fleischfresser is defeated (226.5343ms)
✔ giant vines and Fleischfresser use their dedicated confirmed artwork and escape rules (0.3257ms)
✔ herbicide quests, items, and legendary step-recovery cards keep their contract (1.9343ms)
✔ strong herbicide is available immediately when any living battle target is a giant vine (6.1505ms)
✔ strong herbicide always deals its configured 500 fixed damage and refreshes regain suppression (20.2073ms)
✔ strong herbicide can defeat Fleischfresser through the normal victory path (4.5906ms)
✔ Fleischfresser loses five regain opportunities before its ordinary five-percent regain returns (13.4002ms)
✔ trial herbicide still removes a giant vine in one use and records only that quest use (4.3051ms)
✔ multi-enemy herbicide damage stays on the selected Fleischfresser target (5.6132ms)
✔ the hidden legacy enemy stage cannot appear behind a multi-enemy formation (19.8733ms)
✔ the formation highlight follows the target-selection cursor (1.2931ms)
✔ multi-enemy names use the k8x12 pixel font (1.0306ms)
✔ healing fountains appear on floors ending in 5 or 9 through B99F (3.8135ms)
✔ configured floors place fountains without competing with stairs, NPCs, or treasures (914.0564ms)
✔ B65F and B69F contain one real oasis and two identical mirages (99.3619ms)
✔ oasis mirages share the prompt and disappear with a reduced-motion-safe fade (14.3623ms)
✔ fountain rest fully restores HP and SP without curing status conditions (4.2355ms)
✔ B40F to B47F black chests select all frost weapons evenly and never fall back to the stiletto (5.8409ms)
✔ B48F black chests guarantee the current job weapon (0.6157ms)
✔ frost-region black chest weapons always use the existing 70/25/5 enhanced drop rates (0.4281ms)
✔ frost weapons keep physical damage, job restrictions, enhancement stats, and prices (1.7866ms)
✔ B41F to B49F red chests use 10/10/80 bands and select all frost accessories evenly (3.7252ms)
✔ frost accessories always drop enhanced and expose the requested bonuses at every level (1.1645ms)
✔ all four jobs can equip every frost accessory (16.9883ms)
✔ B40F keeps its existing armor table while adjacent loot bands remain unchanged (0.9426ms)
✔ loot settlement, identification, equipping, locking, warehouse, sale, and save-load preserve frost gear (28.0853ms)
✔ frost accessories reduce actual ice damage and stack with coldproof boots by the existing additive rule (32.0881ms)
[NDA] Gamepad connected: TEST PAD
✔ left stick ignores small drift and resolves cardinal directions (4.2545ms)
✔ D-pad directions override stick input (0.3832ms)
✔ direction input fires immediately, waits, repeats, and rearms at neutral (2.0676ms)
✔ buttons use rising edges and expose standard mappings (0.3815ms)
✔ standard mapping uses the lower button to confirm and right button to cancel (0.3701ms)
✔ custom bindings override a controller mapping and keep actions unique (0.3442ms)
✔ resume suppression waits for neutral and prevents a held button burst (0.4044ms)
✔ connection polling announces once, removes disconnects, and permits reconnect (0.5034ms)
✔ Gamepad API unsupported environments return a harmless cleanup (0.9123ms)
✔ focused special-map forms allow real gamepad polling while ordinary text fields remain protected (3.6175ms)
✔ gamepad polling supports iOS wake and lifecycle recovery without OS sniffing (9.3998ms)
✔ connection notification is nonblocking, timed, and separate from battle messages (3.9589ms)
✔ options include the iPhone and iPad reconnection hint (2.9808ms)
✔ options put press-to-bind gamepad config first and persist four shortcuts (5.1ms)
✔ equipment lock is available without a mouse through keyboard and configured item button (3.3948ms)
✔ Gemini sun grants a unique key item and persistent stage one completion (5.5858ms)
✔ Moon failure survives reload and blocks retries until a new expedition (0.6522ms)
✔ Gemini dialogue uses A, choice uses A/B, and opening ignores repeated input (4.065ms)
✔ Final access, unique reward, existing ownership, save/load and marker lifecycle (5.4862ms)
✔ Placement supports cancellation, wrong order, unique pieces, timed convergence and single reward (3.7401ms)
✔ Refusing leaves retry available without reward; B73 has fixed event (60.2806ms)
✔ B59 event coexists with floor boss and does not become insect room (68.6534ms)
✔ Fourth questions have one solution, persist retry and grant only once (2.2076ms)
✔ Fourth selector wraps with sound; failure and success fade and reward is not repeated (3.457ms)
✔ Gemini duplicates every eligible cast at half damage with one SP and charge payment (26.0592ms)
✔ Gemini independently rolls poison and excludes charge, normal attacks and killed targets (12.0283ms)
✔ Gemini copy does not inherit Aries opening boost and all-target copies skip dead enemies (10.7493ms)
✔ Leo doubles normal attacks, triples at 25%, pays rounded snapshot HP only once (8.7266ms)
✔ Leo multi-hit and automatic weapon repeat pay only once (3.5681ms)
✔ Leo costs HP on misses and out-of-range; never on skills, skipped or invalid commands (5.6271ms)
✔ Leo HP cost bypasses Aquarius and Pisces invincibility but cannot cause death (5.4133ms)
✔ Leo snapshot is fresh after healing, applies with Aries, and does not persist into another battle (5.5553ms)
✔ card IDs, rarity, cost and copy limits remain unchanged (0.3579ms)
✔ B22 released entrance opens immediately without twenty bumps (6.8307ms)
✔ Gemini follow-up audio runs after popup closes; other card rewards keep their sound (3.2603ms)
✔ Retry scenes alternate on failure, survive save/load, and reward the displayed correct box (3.2484ms)
✔ B31 fixed room and markers move from B20 to B30 to B40 with source condition intact (1.2124ms)
✔ Second act fades after two pages, saves completion, and revisits show only reminder (3.3431ms)
✔ Retry A opens moon and produces reward with matching emblem (0.6954ms)
✔ Third act gates, saves, fixed rooms and marker persist until red sister finishes (5.2409ms)
✔ Single-sister dialogue fades, saves only at end and exits with A; white revisit recalls hint (5.6783ms)
✔ Canvas draws only the selected sister on her original side and removes her after fading (1.0734ms)
✔ Gemini transfer marker requires contact plus one of the three explicit detection sources (3.2697ms)
✔ Marker follows sisters presence; discovery persists across success and retry (0.6515ms)
✔ call_goddess_name retains supplied parameters and substitutes actual damage (6.4789ms)
✔ call_goddess_name real charge action emits registered presentation per actual target (31.6826ms)
✔ Return the Favor uses a configurable ten-percent effect and excludes HP/SP items (1.9626ms)
✔ field healing items restore SP from actual HP recovery in town and dungeon (9.8994ms)
✔ field SP return uses capped actual healing and does not activate without the card (2.7864ms)
✔ full HP gives no free SP and simultaneous HP/SP medicine is excluded (3.0035ms)
✔ battle healing items apply Return the Favor once and use the SP cap (17.8379ms)
✔ battle overheal counts its actual HP gain, while no-card use does not restore SP (7.2214ms)
✔ the quest notice reuses the bell layout with distinct blue presentation (4.4736ms)
✔ persistent state changes, reload resume, and guild rendering recheck quest notices (10.2062ms)
✔ notification assets use the current cache revision (1.7789ms)
✔ initial requests wait for guild introduction and then queue as one persistent batch (8.3195ms)
✔ availability uses quest conditions while active and completed requests are excluded (8.5565ms)
✔ a request accepted while waiting is removed before presentation (2.0234ms)
✔ completion marks only the displayed IDs and preserves requests unlocked during display (1.0098ms)
✔ notification completion does not accept or complete a request (1.311ms)
✔ legacy and malformed saved notification state is normalized safely (4.834ms)
✔ pending and notified request IDs survive character normalization (1.288ms)
✔ guild quest page size stays between three and six across layouts (2.0685ms)
✔ guild quest list keeps pager controls and clips rows inside the notice (11.7372ms)
✔ guild quest lists hide locked requests and separate acceptance from reporting (1.9416ms)
✔ healing fountain isolates its jingle, resets presence, and resumes dungeon BGM (9.9798ms)
✔ Iron Maiden has a dedicated reduced-motion-safe pendulum presentation (2.8046ms)
✔ Helen rumor requires both 500 recorded purchases and quest 020 completion (6.8803ms)
✔ quest 021 consumes the scent gland and grants Mana Barrier plus its shop-event flag (4.5011ms)
✔ Musk Beast formation supports independent targets and herbicide removes only a vine (29.5492ms)
✔ Discount Pass halves ordinary purchases and prevents resale profit (1.477ms)
✔ Discount Pass preserves resale values for drop-only items and equipment (1.4934ms)
✔ facility dialogue completion restores the facility menu after granting the Discount Pass (13.1884ms)
✔ an inn keeper stays fixed across redraws and may change only on a new visit or explicit story transition (1.8404ms)
✔ the selected inn keeper is saved, restored, and resolved with a new-visit boundary (3.8133ms)
✔ inn profiles can supply portraits, dialogue, stay messages, and one-shot voice cues (1.4698ms)
✔ medicine delivery locks input, swaps the portrait while black, and resumes a returned dialogue (6.0241ms)
✔ sad Anna keeps a subdued wake-up line and quest history respects custom headings (1.5919ms)
✔ inventory separates page navigation from tab navigation (11.535ms)
✔ category sort places recovery before exploration and treats antidote as a cure (3.5229ms)
✔ first acquisition order survives consumption, reacquisition and reload; missing history uses item number (1.2353ms)
✔ legacy equipment migrates to stable individual instances (12.9516ms)
✔ unique romance weapons reject duplicate grants and remain warehouse compatible (2.352ms)
✔ equipment preview can be normalized without mutating current HP (2.3607ms)
✔ identical equipment is kept as independent acquisition-ordered instances (1.791ms)
✔ enhanced equipped weapons retain their individual display name and effects (1.0213ms)
✔ warehouse fills partial consumable stacks before creating another (0.6168ms)
✔ shop warehouse deposits and withdraws one carried item (1.3811ms)
✔ shop warehouse deposits a selected quantity from a stack (0.8236ms)
✔ shop warehouse withdraws a selected quantity from a stack (1.2945ms)
✔ shop warehouse preserves an equipment instance while depositing and withdrawing it (2.1058ms)
✔ shop warehouse refuses to deposit equipped gear (0.9425ms)
✔ inventory overflow and loot settlement retain every acquired item (1.4765ms)
✔ Allheilmittel carries one, stores ninety-nine total, then converts overflow to gold (0.6196ms)
✔ Zaubertrank carries five, stores ninety-nine total, then converts overflow to gold (0.6092ms)
✔ a full Allheilmittel warehouse refuses manual deposit without consuming the carried item (0.4767ms)
✔ unidentified stiletto quality is retained when the loot bag is settled (0.4888ms)
✔ final shop armor keeps its class identity and enhancement stat profiles (0.3643ms)
✔ B50F armor enhancements improve defense and preserve each class identity (0.2457ms)
✔ tiara draft has exact display copy without altering the real item (2.8828ms)
✔ library item catalog is wired into the menu (13.306ms)
✔ wing gift catalog preserves the requested wording and display price (0.8527ms)
✔ unobtained catalog entries expose neither names nor detail data (7.0622ms)
✔ purchase then sell or consume before a save preserves discovery across reload (7.7509ms)
✔ consumed key items stay unlocked and failed grants do not unlock items (2.1663ms)
✔ legacy saves retain old acquisition history and backfill warehouse and loot (2.792ms)
✔ Molten Brass is a valuable unique material that can be bought back (9.837ms)
✔ buyback keeps only the latest eligible item or equipment (2.0606ms)
✔ selling ordinary equipment does not erase the single eligible buyback slot (0.9774ms)
✔ legacy buyback records receive stable ids and quantity-correct totals (4.4761ms)
✔ locked equipment cannot be sold and retains its lock through normalization (2.4143ms)
✔ legacy characters receive an empty normalized inventory (2.619ms)
✔ shop equipment costs 100G and creates an individual weapon instance (0.7706ms)
✔ B10 weapon upgrades require the strange statue victory and keep their enhancement profiles (4.4878ms)
✔ the anti-magic necklace unlocks after B10 and the strange statue victory (4.2876ms)
✔ Spell-Sealing Talisman unlocks at B50 and scales spell resistance through plus three (1.6395ms)
✔ B60 shop unlocks four new base accessories and their plus-three profiles (2.1765ms)
✔ Rebellious Choker unlocks with the large healing potion and grants action-skip resistance (3.0994ms)
✔ Rebellious Choker uses the compact Japanese resistance label in status displays (19.5448ms)
✔ Rebellious Choker compact resistance label is also used by the detail status screen (1.7433ms)
✔ thief armor shop tiers share enhancement-aware purchase and stat handling (3.4256ms)
✔ thief plus-three armor requires both B20 progression flags (1.1323ms)
✔ warrior armor tiers preserve the shield and two-handed defense tradeoff (3.6243ms)
✔ equipment below plus three is sold without entering buyback (1.2233ms)
✔ priest armor tiers trade some defense growth for LUC and AGI (2.4144ms)
✔ priest plus-two armor requires B10 arrival and the strange statue victory (0.9761ms)
✔ mage armor tiers exchange defense for INT and AGI (2.418ms)
✔ mage plus-two armor requires B10 arrival and the strange statue victory (1.444ms)
✔ inventory respects the per-item ownership limit (0.3369ms)
✔ healing potion restores 30 HP and is consumed (1.9004ms)
✔ small, medium and large healing potions use the intended recovery and prices (1.3657ms)
✔ shop healing potions unlock permanently by deepest reached floor (1.5317ms)
✔ strong small healing potion unlocks at B50F and heals 30 percent of max HP (1.1118ms)
✔ strong antidote unlocks at B50F and cures poison plus deadly poison while healing 60 HP (1.1722ms)
✔ antidotes heal normally but explicitly cannot cure death poison (1.2323ms)
✔ Allheilmittel fully restores HP and SP and cures every registered ailment and debuff (0.7535ms)
✔ Allheilmittel can only be used once in each battle (15.4478ms)
✔ Zaubertrank restores twenty-five percent maximum SP in the field and cannot be used at full SP (1.1285ms)
✔ Zaubertrank restores SP up to the maximum during battle (7.0777ms)
✔ B50F enemy materials resolve to their registered item data (0.1798ms)
✔ Silent Steps passively stacks with Conceal Presence up to full reduction (0.5377ms)
✔ shop stock uses explicit arrival flags instead of a debug-inflated deepest floor (0.719ms)
✔ antidote cures poison and restores 15 HP (0.6748ms)
✔ medium antidote shares the final shop unlock and restores 30 HP with or without poison (0.8376ms)
✔ styptic cures bleeding and restores 15 HP (0.7253ms)
✔ styptic remains usable from the field inventory at full HP while bleeding (0.9853ms)
✔ shop and temple purchases spend gold and grant the selected item (1.2221ms)
✔ purchases reject insufficient gold and send full-stack overflow to storage (0.8049ms)
✔ shop can purchase several consumables at once (0.4284ms)
✔ shop sells one consumable for half its purchase price (0.5061ms)
✔ shop can sell several stacked consumables at once (0.4486ms)
✔ shop sells unequipped equipment instances but rejects equipped ones (0.5115ms)
✔ sold equipment can be bought back as the same individual instance (0.6193ms)
✔ torch and talisman expose dungeon environment effects (2.0903ms)
✔ Emergency Escape is an expensive shop consumable with a dungeon-only escape effect (0.9523ms)
✔ holy water only banishes a non-boss undead and awards no experience (3.0651ms)
✔ Active Healing Potion Small overheals by one hundred once per battle (3.447ms)
✔ presence reset clears a lingering talisman suppression (0.2669ms)
✔ restored presence suppression is capped at the item-defined 30 steps (0.1243ms)
✔ presence increase reduction halves odd gains in the player's favor and survives gauge resets (0.1756ms)
✔ a restored full presence gauge can trigger an encounter on the next step (0.2066ms)
✔ temple and shop event rewards enter inventory once only (1.0759ms)
✔ guild request unlocks only after every town introduction event (0.4621ms)
✔ quests 028 and 029 use the requested unlock flow and fifteen-count beeswax counter (9.6881ms)
✔ quest copy stays within 23 full-width characters and rewards are registered (0.621ms)
✔ Lightning Armament applies lightning after weapon and temporary imbue priority (2.8527ms)
✔ Mana Booster applies after additive max SP bonuses and recovers five percent once at battle start (8.9169ms)
✔ Musa's Crown exposes DEF while retaining hidden future temptation immunity (1.216ms)
✔ B8 hive and B58 Kirke house use the supplied event art (14.1752ms)
✔ the giant hive rumor follows quest 029 and delivery state (3.2039ms)
✔ quest presentation and safe Jirene transformation remain wired outside exploration data (5.5921ms)
✔ Jirene is the keyed B79F checkpoint boss and drops Musa's Crown (12.0765ms)
✔ B79F generates Jirene's isolated boss room and a red-rust-key chest (61.9457ms)
✔ Jirene's song selects only attacks, guard, or affordable hostile skills (7.2483ms)
✔ Jirene's first encounter runs three protected automatic turns without NPC support (20.8974ms)
✔ B80 remains locked until Jirene is genuinely defeated (0.4394ms)
✔ the scripted battle blocks saving, returns to B79F stairs, and prevents unprotected re-entry (6.3465ms)
✔ new and legacy characters have an independent empty key-item collection (13.3401ms)
✔ key-item normalization has no owned-type or stack capacity limit (3.0788ms)
✔ the queen's tiara is a permanent unsellable key item (0.6793ms)
✔ special medicine ingredients share one key-item slot and can be consumed together (0.9743ms)
✔ Johanna rescue materials are unique unsellable event items (0.4238ms)
✔ holy and dark armaments reach real normal attacks and physical skill rounds (41.1467ms)
✔ new armaments share weapon resolution, intrinsic priority and requested quick-status icons (2.1768ms)
✔ crystal smashing clamps SP and cannot be bypassed by Johan or Erika (47.7462ms)
✔ dark orb requires holy weapon or accompanying Erika, never Johan or generic magic (0.8944ms)
✔ crystal purple table is exclusively 50/50 on B80 through B89 (0.9256ms)
✔ new cards retain SR cost, one-copy limits and normalized serialized deck state (2.4164ms)
✔ Leo and Gemini textures apply only to their own special doors; other doors retain their textures (2.5126ms)
✔ Sealed Leo entrance rejects movement and interaction even for previously opened doors (53.7359ms)
✔ defeated queen door stays passable even without qualification; new players remain blocked (1.8554ms)
✔ first entry rolls 5 percent, exact boundary is ordinary empty throne (1.7735ms)
✔ timeline holds throne, fades 700ms, blacks out 300ms, blurs 28 to 22 to zero (1.7287ms)
✔ locked loading/reveal ignores repeated A/B, achievement only after reveal and 400ms hold (0.579ms)
✔ cancel prompt and ordinary throne exit; reduced motion reaches unblurred final frame (0.3486ms)
✔ five achievements: kill and bath separate, 50 insects, complete public bestiary, item placeholder locked (3.581ms)
✔ first/repeat pity boundaries, wins reset and floor resets discard visits (0.543ms)
✔ prompt ignores A/B for 3000ms without queuing, then presents choices (0.6198ms)
✔ actual judgment (including a miss) creates opening; roar and incapacitated judgment do not (38.6315ms)
✔ phase HP100000 multiplies final damage by 3 (4.1353ms)
✔ phase HP50000 multiplies final damage by 4 (7.5528ms)
✔ phase HP25000 multiplies final damage by 5 (3.857ms)
✔ power_strike: every hit amplified, one action consumed (5.5201ms)
✔ blade_dance: every hit amplified, one action consumed (2.9029ms)
✔ holy_light: every hit amplified, one action consumed (3.1579ms)
✔ lightning_bolt: every hit amplified, one action consumed (3.2689ms)
✔ miss uses opportunity; invalid command and incapacitation do not (2.7001ms)
✔ nonattack guard expires without use (2.6044ms)
✔ nonattack wait expires without use (2.1004ms)
✔ nonattack triage expires without use (1.9394ms)
✔ nonattack item expires without use (3.01ms)
✔ poison tick unchanged by opening (1.8599ms)
✔ deadly_poison tick unchanged by opening (2.4877ms)
✔ death_poison tick unchanged by opening (1.9073ms)
✔ bleeding tick unchanged by opening (1.8584ms)
✔ Cancer counter and phase-three self cost unchanged (5.1924ms)
✔ Gemini reruns at 50%, opening once on both; Aries only boosts original (11.2005ms)
✔ Sagittarius ignores physical DEF; opening applied after Capricorn and Libra (3.9005ms)
✔ Libra applies 1.3 dealt and .7 received to lower-level boss (2.4089ms)
✔ all-target spell only amplifies queen; multiple targets still consume once (7.1729ms)
✔ phase transition during action keeps original opening multiplier for Gemini (1.9883ms)
✔ victory and escape cleanup; fresh retry has no opening (3.7692ms)
✔ ordinary enemy never gains or receives opening multiplier (3.1657ms)
✔ NPC charge and normal support damage do not amplify or consume the opening (3.973ms)
✔ throwing item remains fixed damage and expires opening without using it (2.7412ms)
✔ priority healing expires opening, and restarting with a stale enemy cannot preserve it (7.3644ms)
✔ Capricorn full stacks and opening compose without changing incoming damage (3.3311ms)
✔ all eleven distinct non-Leo cards unlock rumor but not the door (11.7588ms)
✔ only completed reading opens the door; notification alone does not (3.6054ms)
✔ exact customer and Rosa text uses the shared typewriter format (2.1562ms)
✔ continuation requires both defeat and Leo; reading it moves full dialogue to history (1.4688ms)
✔ legacy saves and JSON normalization preserve new flags without migration (8.3395ms)
✔ B1 room connects queen intro, golden door remains isolated, battle selects holy-war music (1.8032ms)
✔ exact phase boundaries, direct skip, no healing regression or extra action (14.6395ms)
✔ all phase tables cover four actions and require ordinary action after judgment (9.9626ms)
✔ physical and magic damage scale 1/2/3 and defense works against judgment (33.3504ms)
✔ roar has no damage, reserves one judgment and lets slow player act first (3.3018ms)
✔ phase three self cost is once per action including multiple hits/misses, never lethal (13.7473ms)
✔ action skip preserves judgment and never pays self cost (1.4985ms)
✔ normal and Aquarius barriers retain action-level protection, even against fangs (3.7857ms)
✔ Pisces revives against judgment and Scorpio can poison the queen (5.739ms)
✔ queen-only damage over time caps preserve status and other enemy damage (8.1262ms)
✔ eleven distinct owned cards and the heard rumor unlock the public gate (1.2822ms)
✔ escape has no reward; retry resets state; victory flags and reward are one-time (7.2682ms)
✔ intro waits five seconds on challenge, victory awaits reward then fades out (0.8438ms)
✔ lot bag tutorial starts unseen only for new saves (11.7828ms)
✔ lot bag tutorial highlights the action after a three second lock (3.5032ms)
✔ loot identification results allow vertical touch scrolling without relaxing other touch guards (1.8145ms)
✔ loot result rows grow with wrapped names and destination descriptions (0.4563ms)
✔ the fixed identification action remains outside the scrolling result list (0.3375ms)
✔ Maikaefer drops the Golden Beetle card at one percent (4.7591ms)
✔ gold chests grant the player job's unique unenhanced romance weapon (7.1241ms)
✔ gold chest romance weapons cannot be obtained twice across storage locations (3.3976ms)
✔ B50F to B58F replace the black chest with a gold chest on the one-percent roll (153.5237ms)
✔ B1F to B9F purple chests use the card-only 30/30/30/9/1 table (2.3968ms)
✔ early enemy drops use 40/55/5 percent bands (0.3274ms)
✔ B1F to B9F red chests use the early reward bands and upgraded gold values (0.8912ms)
✔ B41F starts the frost accessory red chest table (0.9001ms)
✔ B10F to B19F red chests use the midgame consumable, card and anti-magic armor table (0.7884ms)
✔ B19F ends the anti-magic armor table and B20F starts the restraint equipment table (0.6334ms)
✔ B20F to B29F consistently use the torture-region red chest table (0.4189ms)
✔ B30F keeps the former midgame table at the region boundary (0.3462ms)
✔ B31F to B40F red chests use floor-fixed class armor and 70/25/5 enhancements (0.5424ms)
✔ B50F to B59F red chests cycle the new class armor with 70/25/5 enhancements (0.5361ms)
✔ B60F to B69F red chests feature all five enhanced accessory series (0.4452ms)
✔ B6F to B9F black chests use the potion, R-card and SR-card bands (0.7912ms)
✔ B10F to B19F black chests use SP cards, magic resistance, and the moved enhanced weapons (0.5053ms)
✔ B20F to B29F black chests provide four job weapon upgrades (0.4112ms)
✔ B20F to B29F red chests provide restraint armor and an accessory (0.2748ms)
✔ B50F to B59F black chests cycle job weapons with 70/25/5 enhancements (0.2713ms)
✔ B60F to B69F black chests repeat the B50F deep weapon table (0.2593ms)
✔ unidentified card loot settles into the card collection (2.0405ms)
✔ a duplicate unique C card converts into 100 gold when the loot bag settles (1.208ms)
✔ a duplicate Search and Destroy card converts into 1000 gold (1.2634ms)
✔ B1F to B4F keep one to three red chests alongside eligible purple special-room chests (142.4604ms)
✔ B10F to B20F place one to three red chests alongside any enabled black chest (189.4606ms)
✔ B21F to B30F place one to three red chests with the temporary midgame table (203.7935ms)
✔ B31F to B40F place red chests and keep B39F free of black chests (170.6045ms)
✔ B41F to B49F place frost-region red chests and keep B49F free of black chests (152.1922ms)
✔ B50F to B59F place one to three red chests and keep B59F free of black chests (185.9408ms)
✔ B60F to B69F place one to three red chests (217.0751ms)
✔ inn fee is two gold per level (0.2212ms)
✔ the inn stable restores thirty percent without exceeding maximums (0.2727ms)
✔ quest 029 hive moves to B8 and starts from active quest state without rumor 007 (7.5895ms)
✔ quest 029 paper uses the objective heading and requested objective (0.3819ms)
✔ quest 026 has a unique number and unlocks only after reported quests 028 and 029 (2.3852ms)
✔ Kirke gives one reusable birdlime and capture progress survives normalization (9.715ms)
✔ Maerchentiere uses a deterministic harmless three-action cycle (11.9416ms)
✔ three successful stones leave 3 HP and birdlime captures without being consumed (19.5403ms)
✔ birdlime fails at HP4, ignores unsupported targets, and HP0 is an unrewarded escape (12.1452ms)
✔ capture battles suppress NPC instant-death bonus damage without suppressing the NPC attack (3.4334ms)
✔ quest 026 report grants Swift Foot and five Zaubertrank once (2.1781ms)
✔ Swift Foot makes final presence gain zero and removing it restores normal gain (0.6363ms)
✔ Kirke result dialogue waits for input and exits only after every requested page (0.94ms)
✔ quest 026 assets and input-driven event wiring are present (10.9217ms)
✔ Magic Focus strengthens one single-target casting and is then consumed (36.9322ms)
✔ Magic Focus applies to every target in the original casting (18.2279ms)
✔ Magic Focus does not carry from the original casting into Gemini's extra casting (10.8913ms)
✔ B10F to B19F magic-region enemies use the requested names, images and display sizes (9.579ms)
✔ magic-region enemies use the B90F-style three-action weighting (0.7239ms)
✔ magic-region stats and spell damage stay appropriate for the shallow B10F band (2.0122ms)
✔ B10F begins with single enemies and unlocks larger groups gradually (45.2658ms)
✔ magic-region formations keep Junghexe single and the smaller enemies at one to three (15.1645ms)
✔ random encounters route B10F to B19F through the magic-region formation table (10.9901ms)
✔ B10F-B19F purple chest table uses the exact 33/33/33/1 boundaries (3.9892ms)
✔ B1F-B9F purple table keeps rarity rates and shares its SR slot with Astronomy (0.461ms)
✔ new card definitions expose the requested costs, limits, prices and gallery data (1.1144ms)
✔ new cards use generic grant, duplicate conversion, deck and save normalization (21.6261ms)
✔ Follow-Up triggers once after normal, physical-skill and spell direct damage (31.9157ms)
✔ Follow-Up applies only once to a target after a multi-hit attack (4.9222ms)
✔ Follow-Up applies to each damaged living target of an all-enemy attack (7.29ms)
✔ Follow-Up excludes misses, zero damage, DOT, banishment and NPC attacks (18.9196ms)
✔ Follow-Up can defeat one or several enemies without duplicating victory (17.5322ms)
✔ Guard Stone creates a fresh 15-point barrier and absorbs only enemy direct damage (17.1784ms)
✔ Guard Stone adds to the existing Sphinx Majesty barrier with existing rounding (3.381ms)
✔ Mana Recovery restores actual SP once on a real victory and persists on the battle player (5.8868ms)
✔ Mana Recovery is included in the persistent character state at battle completion (5.0563ms)
✔ Mana Recovery caps the actual amount and stays silent at full SP (7.8534ms)
✔ Mana Recovery also resolves once when NPC support defeats the last enemy (3.5068ms)
✔ Mana Recovery never activates for escape, defeat, forced defeat or interruption (11.9827ms)
✔ Mana Recovery runs once for a multi-enemy victory regardless of enemy count (4.4038ms)
✔ B10F-B19F purple chests use empty special rooms and never replace fixed contents (438.8782ms)
✔ purple chest save restoration keeps unopened chests and does not revive opened ones (19.0525ms)
✔ Mana Booster restores only SP and presents it in the SP status area (18.8123ms)
✔ Todes Scorpio grants the unique Zodiac Scorpio card through the boss reward path (2.3342ms)
✔ the final long march reaches B100F without return or transfer and allows dungeon backtracking (11.1409ms)
✔ the final long march grants Aries exactly once and survives save normalization (2.3583ms)
✔ legacy final-long-march clears receive Aries once without duplicating an owned card (1.4168ms)
✔ Aries cannot be claimed before the final long march is complete (0.51ms)
✔ returning, defeat, transfers, and skipped floors invalidate the final long march (2.907ms)
✔ the B1F to B42F marathon survives save normalization and completes in strict order (4.6409ms)
✔ all four checkpoint bosses are required for the marathon reward (1.0431ms)
✔ returning or breaking the sequential descent invalidates the marathon (0.5409ms)
✔ a completed marathon cannot be restarted (0.5568ms)
✔ the second long march tracks strict descent from B1F through B84F (1.0743ms)
✔ the second long march survives saves and fails on a skipped floor (1.0863ms)
✔ returning, defeat, and transfer entry invalidate the second long march (2.4415ms)
✔ the B84F long march starts only after the B80F transfer portal is unlocked (1.2427ms)
✔ a legacy B79F boss clear starts the long march whenever B80F is a valid transfer destination (0.6554ms)
✔ legacy quest 028 reports and reached B80F boss clears backfill the B80F portal flag (3.824ms)
✔ the town entrance route reaches B84F, grants Taurus once, and survives save normalization (2.7961ms)
✔ main grants Taurus after the B84F achievement presentation (2.1842ms)
✔ main grants Aries after the B100F achievement presentation and backfills legacy clears (2.8898ms)
✔ message pagination uses rendered height and preserves every character (2.1255ms)
✔ message pagination keeps a fitting message on one page and handles a hidden element (1.4322ms)
✔ the truth staff is a unique unsellable key item (2.6183ms)
✔ Michaela restoration preserves all six requested dialogue pages (1.2935ms)
✔ Michaela dialogue measures the message box, splits naturally, and always shows the A prompt (1.3572ms)
✔ Amayenak victory persists recovery flags and returns to the B100F entrance (4.2589ms)
✔ the real battle completion snapshot reaches the restoration bridge with Amayenak's ID (8.5439ms)
✔ restoration overlay uses the cat and both Michaela portraits (3.9706ms)
✔ restoration returns silently without an unrelated floor transition message (1.4436ms)
✔ main.js keeps the current top-level cache buster without versioned module imports (2.0351ms)
✔ midgame HP bonus joins the existing curve at levels 20 and 100 and peaks at level 60 (2.2541ms)
✔ levels 1 and 20 retain old HP while level 54 enters every requested job range (1.0605ms)
✔ levels 100 through 197 retain the old HP curve and B100F level-100 bases (4.2282ms)
✔ all jobs retain monotonic HP growth, including the level-99 to level-100 join (10.272ms)
✔ SP remains byte-for-byte identical to the previous curve at every level (7.9096ms)
✔ fixed HP cards and HP multipliers keep their existing addition and rounding order (20.005ms)
✔ save-load normalization recalculates max HP without healing or clearing persistent state (19.8763ms)
✔ normal lodging heals to the new maximum and level-up HP gain matches the actual growth delta (3.2955ms)
✔ a level-54 priest enters an actual jungle battle with the recalculated maximum HP (5.8495ms)
✔ black chest mimic scales in ten-floor tiers (2.2682ms)
✔ mimic scaling leaves unrelated enemies untouched (0.3025ms)
✔ mobile rendering skips frames until the 30fps interval elapses (3.179ms)
✔ desktop rendering remains unrestricted (0.3454ms)
✔ renderer uses existing mobile and tablet layout detection without double scheduling (15.8617ms)
✔ saved frame-rate modes override the automatic device default (0.4766ms)
✔ options page exposes the frame-rate toggle, motion warning, and HUD indicator (4.0615ms)
✔ main imports quest progress before gating the B6 special door (10.2765ms)
✔ main does not import the same module more than once (6.0746ms)
✔ internal ES module imports never use cache-busting query strings (1409.7247ms)
✔ dungeon state resolves to one shared ES module instance (1.204ms)
✔ player can start an actual move through an open entrance exit (56.3625ms)
✔ monster compendium exposes the requested floor filters and masks unknown public entries (11.1773ms)
✔ secret and event monsters have no pre-encounter slot but appear after encounter (3.1806ms)
✔ encounter, defeat, and discovered drop progressively unlock monster details (45.7689ms)
✔ completion rate counts defeated public entries without leaking hidden catalog size (1.8486ms)
✔ library and menu connect the monster compendium without versioned internal imports (12.5329ms)
✔ the requested debug settings are the defaults for data without saved options (5.1089ms)
✔ existing settings receive the requested defaults once without resetting unrelated options (0.455ms)
✔ a migrated setting keeps later user changes (0.2673ms)
✔ NEW GAME reapplies every requested setting and its display hooks (14.5809ms)
✔ night staff gold replacement has a strict 1% boundary only at B70-78 and requires eligibility (988.7535ms)
✔ gold reward survives loot settlement and reload and prevents duplicate ownership (9.5819ms)
✔ equipped staff grants all-target dark spell, consumes SP once and removal revokes it after reload (28.0615ms)
✔ dark multiplier applies once, respects resistance, and ordinary magic stays between existing staves (6.2061ms)
✔ supplied 80-part effect retains all parameters after normalization (7.9682ms)
✔ generic Mikan candidates contain the existing line and all four new lines (187.8116ms)
✔ B4F Mikan Nyanko warns the player away from the superboss room (68.4271ms)
✔ B2F and both B6F states keep their existing Mikan guidance (52.147ms)
✔ B5F Mikan Nyanko guides the player to the fountain (25.5104ms)
✔ B9F Mikan Nyanko guides the player to the red-door key (39.9866ms)
✔ Mikan Nyanko gives floor-specific guidance throughout the desert region (329.3078ms)
✔ B47F Mikan warns about Eiskrabbe until the optional boss is defeated (99.453ms)
✔ new regional Mikan guidance follows the existing floor-zone definitions (406.1619ms)
✔ queen-shadow quests keep priority over generic and regional Mikan (130.0018ms)
✔ Maikaefer encounter and nest rates remain unchanged (0.3866ms)
✔ a generated Mikan dialogue ID survives save and load without changing the encounter (188.5958ms)
✔ Mikan Nyanko no longer appears after all three queen regalia are collected (46.1629ms)
✔ quest 008 replaces Mikan with the queen shadow in strict floor order (108.819ms)
✔ main screen reserves three empty NPC status slots for future party members (11.5622ms)
✔ NPC charge skill cut-ins use the four battle assets and a sequential 2.5 second presentation (5.9444ms)
✔ Rebecca defense down is visible on the enemy name without expanding the charge message (1.9906ms)
✔ NPC management reserves four rows and follows keyboard selection while scrolling (2.1483ms)
✔ touch selection requires a second tap for NPC hiring and guild quests (3.5038ms)
✔ four initial NPC definitions use stable IDs, jobs and existing image paths (3.8096ms)
✔ legacy saves normalize to an empty independent NPC system (12.7342ms)
✔ NPC charge state is backward compatible, clamped and independently persisted (0.4788ms)
✔ stage six Erika and Johan passives recover one point every five successful steps (1.2497ms)
✔ exploration HP and SP passive recovery both have popup hooks (3.358ms)
✔ stage five exploration NPCs do not receive stage six passives (1.6248ms)
✔ Rebecca stage six charge skill checks assassination on every hit (6.1177ms)
✔ registration is unique and hiring charges level times five at growth stage zero (1.0065ms)
✔ NPC hiring fee scales with that NPC's growth stage through stage ten (0.913ms)
✔ party normalization enforces three slots, unique NPCs and unique NPC jobs (0.7818ms)
✔ expedition growth is confirmed on return and renewal preserves the roster (1.7816ms)
✔ NPC-free battle remains unchanged and active supports create presentation events (20.3248ms)
✔ three NPC supports target roughly one and a half heroes of combined contribution (2.4864ms)
✔ NPC stages seven and eight upgrade support, charge attacks and Erika recovery (7.6567ms)
✔ stage nine advanced passives damage instant-death-immune bosses and improve Goddess Breath (3.9365ms)
✔ stage ten capstones provide Vandervalke, Siegfried and Golden Wheat once per battle (9.9091ms)
✔ Johan stages seven through nine strengthen magic support, the wall and Mana Activation (5.5414ms)
✔ Der Zauberschild reduces a large hit before Siegfried and restores ten percent SP (3.4015ms)
✔ charge rates follow thief, priest, warrior, mage and cooldown skips one full turn (1.8451ms)
✔ Alec and Rebecca charge skills use the intended physical hit profiles (3.6265ms)
✔ Erika charge skill executes normal undead, preserves EXP and only deals triple damage to undead bosses (3.8259ms)
✔ Johan charge wall blocks low per-hit damage for three turns but lets strong hits through (5.9414ms)
✔ status page three derives each active NPC display from current support balance (3.447ms)
✔ NPC renewal hides background commands and restores its originating town screen (2.8862ms)
✔ NPC management clears every storage-only overlay state before reuse (3.017ms)
✔ fire oil flows through use, attack, physical skill and rejection (41.437ms)
✔ ice oil flows through use, attack, physical skill and rejection (7.5213ms)
✔ lightning oil flows through use, attack, physical skill and rejection (10.4221ms)
✔ item presentation includes actual healing and barrier reduction (3.0585ms)
✔ invalid oil and barrier elements are not silently converted to fire (0.2512ms)
✔ existing Pisces identity, description and limits remain one Z card (2.3667ms)
✔ normal: death revives once, preserves SP and protects the complete next turn (29.2052ms)
✔ multi: death revives once, preserves SP and protects the complete next turn (6.0387ms)
✔ spell: death revives once, preserves SP and protects the complete next turn (6.8616ms)
✔ instant death: death revives once, preserves SP and protects the complete next turn (4.1919ms)
✔ not equipped at start never revives, and later deck changes do not grant or revoke eligibility (4.6682ms)
✔ multi-enemy remaining actions deal zero after revival and protection expires after all actions (11ms)
✔ ambush protects first command turn only, invalid input does not shorten it (4.963ms)
✔ deadly_poison on the final action revives with full next-turn protection (3.6439ms)
✔ death_poison on the final action revives with full next-turn protection (2.3965ms)
✔ ordinary poison/bleeding retain existing nonlethal rules (3.5509ms)
✔ all registered ailments/debuffs clear, buffs and sealed-arrow gimmick survive (3.4338ms)
✔ fixed, percentage and reflection HP loss use the common gate; simultaneous death resolves before victory (2.6522ms)
✔ Alec lethal avoidance precedes Pisces without consuming both (2.8775ms)
✔ immunity persists through phase changes, allows healing and expires at turn end (3.9157ms)
✔ battle-local status is removed on normalization, cleanup and a new battle (5.437ms)
✔ scripted nonlethal event does not consume Pisces or prevent its ending (7.052ms)
✔ HP presentation places revival after the complete multi-hit damage sequence (2.4186ms)
✔ late turn and player-first ordering preserve the next full turn; minimum HP is one (5.7746ms)
✔ revival HP presentation is absolute even when an instant kill has no damage-number event (2.1032ms)
✔ invulnerability never triggers Cancer or consumes a damage barrier (2.6367ms)
✔ fixed-damage action goes through death and immunity in the real action pipeline (3.6351ms)
✔ simultaneous deaths without a remaining resurrection consistently end in defeat (6.8109ms)
✔ the early enemy-escape branch also removes immunity (2.6042ms)
✔ player charge is backward compatible and uses the requested action gains (3.839ms)
✔ using a full player charge resets it and skips one full action before charging again (0.4829ms)
✔ each job learns exactly one configured charge skill at level 55 (0.625ms)
✔ charge skills expose their intended hit, element and passive profiles (0.4138ms)
✔ a charge skill is selectable only when learned and fully charged (4.7884ms)
✔ legacy characters gain an independent normalized player charge state (6.8125ms)
✔ player charge presentation JSON is data-driven and safely normalized (0.7465ms)
✔ each job learns charge skills at levels 10, 30, 55 and 80 (0.4978ms)
✔ level 80 charge skills cost an unreduced 100 SP and are once per battle (21.623ms)
✔ mana spring makes ordinary attack spells free but not charge skills (3.4513ms)
✔ Blindheit lowers the afflicted enemy's physical accuracy (0.5093ms)
✔ level 80 priest and mage expose holy execution and resistance bypass rules (0.2155ms)
✔ Acht Streich randomly distributes its eight hits and retargets after a defeat (7.4603ms)
✔ normal player steps update the same presence observed by the HUD and encounter hook (2.3552ms)
✔ Auto Walker freezes presence until automatic travel ends (0.6694ms)
✔ exorcism talisman suppresses exactly 30 steps and growth resumes on step 31 (0.3826ms)
✔ プロローグ本文は指定文を変更せず保持する (1.5254ms)
✔ プロローグ画像と演出時間は一箇所に集約される (0.3399ms)
✔ NEW GAMEはプロローグから案内画面へ接続する (17.5414ms)
✔ ゲーム開始前の案内はセーブ方法と操作方法の二ページで進行する (4.9755ms)
✔ プロローグは表示後の画面高から本文開始位置を決める (1.6642ms)
✔ プロローグは二段階スキップとゲームパッド入力に対応する (2.6142ms)
✔ プロローグ画面はディザ端処理とモバイル調整を持つ (2.058ms)
✔ the queen regalia grant their separate hidden minimap effects (4.9941ms)
✔ the necklace map reveal requires an effective torch (0.3163ms)
✔ the hidden effects do not change the player-facing key-item descriptions (0.447ms)
✔ B100F minimap blocking remains higher priority than the regalia (11.8747ms)
✔ quest 011 links quest 010 to quest 012 without invalidating legacy quest 012 state (7.1976ms)
✔ three clues progress in any order, survive abandonment, and restore on reacceptance (1.7537ms)
✔ quest clue events are mandatory on B22, B24, and B26 only while needed (162.8837ms)
✔ B27 hideout requires an active quest and all three clues (0.4302ms)
✔ Thief Leader uses the requested art and balanced single-element actions (1.5188ms)
✔ boss defeat completes quest 011 and reporting grants only missing unique cards plus 2000G (4.3416ms)
✔ legacy completed quest 011 saves receive the Malicious recruitment unlock (4.8058ms)
✔ quest 015 follows quest 014 and restores the three B39F/B40F flags (4.8768ms)
✔ quest 019 is prepared after quest 018 and restores the three B49F/B50F flags (0.8538ms)
✔ Goddess's Mercy combines Grace and Floor Detection without separating the original pair (43.9609ms)
✔ Perpetual Torch exposes consumption suppression and forced torch effects (15.5267ms)
✔ quest 016 places one persistent ingredient event on every floor from B51F through B58F (316.1301ms)
✔ quest 024 unlocks after quest 020 and keeps accepted legacy progress (9.3549ms)
✔ quest 024 records B60F-B65F in any order and finishes at the B66F event room (1.8601ms)
✔ quest 024 suppresses Mikan throughout the desert and places only unfound shadows on B60F-B65F (161.9646ms)
✔ quest 024 copy, earring, reward, and finale dialogue match the specification (5.4649ms)
✔ Mirage rolls once for the first enemy attack and evades the whole attack on success (22.6489ms)
✔ quest 030 unlocks after quest 029 and B80F without rolling back accepted saves (7.2304ms)
✔ quest 030 uses the requested copy and grants Life Booster plus forty thousand gold (3.4726ms)
✔ Life Booster mirrors Mana Booster for HP and presents recovery over HP (8.8506ms)
✔ quest 031 has the requested unique paper and unlocks only after Anna explains the problem (7.1026ms)
✔ quest 031 flower, brewing, delivery, and recovery transitions are atomic and idempotent (4.7444ms)
✔ quest 031 report grants Return the Favor once and Johanna's thanks unlocks the bonus once (2.602ms)
✔ quest 031 report reward, thanks handoff, and achievement survive protected save loading without duplication (28.2664ms)
✔ post-quest innkeeper selection uses the 25 percent boundary without consuming hidden randomness (0.8265ms)
✔ quest 031 definitions and progression survive legacy normalization without duplicating key items (3.0082ms)
✔ B57 has the fixed medicine spring while the B57 ingredient and B58 Kirke room remain intact (65.6888ms)
✔ the B57 spring cannot start its boss before Kirke has been consulted (59.9475ms)
✔ the first spring visit is nine input-driven pages, changes to NPC_event_28, then starts one boss battle (24.3409ms)
✔ a revisit skips the long introduction and starts the retry from its confirmation (33.6739ms)
✔ victory resumes the NPC_event_29 flower handoff and grants the saved key item only once (31.6311ms)
✔ main wires the B57 battle identity, saved victory handoff, retry origin, and renderer assets (27.6132ms)
✔ quest 032 unlocks after quest 033 and preserves an already-owned necklace (8.0641ms)
✔ quest 032 records B90F-B98F in any order and finishes in the B99F event room (2.0094ms)
✔ dark-region floors place only needed queen shadows and never ordinary Mikan (69.5448ms)
✔ quest 032 copy, necklace, finale dialogue, and Vital Surge reward match the specification (5.8967ms)
✔ B100F requires the defeated B99F boss and all three pieces of queen regalia (0.7327ms)
✔ quest 033 unlocks after quest 030 and preserves an already-owned Lichtbringer (8.5627ms)
✔ quest 033 copy, event room, client scene, and Virgo reward match the specification (1.9983ms)
✔ B95F generation preserves the active Lichtbringer pickup inside its special room (42.4258ms)
✔ B95F does not restore Lichtbringer before acceptance or after acquisition (39.9762ms)
✔ reporting quest 033 grants the one-copy Z Virgo card (2.8377ms)
✔ Virgo raises maximum HP and SP by 25 percent and heals 10 percent on descent (6.0438ms)
✔ Virgo maximum HP and SP remain applied after either kind of inn stay (9.8841ms)
✔ inn recalculation preserves the established order of every vital multiplier card (16.5695ms)
✔ quest 016 unlocks after its rumor, consumes eight ingredients, and unlocks Loretta (13.9079ms)
✔ quest history lists reportable, active, then completed requests (2.9515ms)
✔ quest state is normalized into character saves (6.7202ms)
✔ quest 001 can be accepted and abandoned (0.953ms)
✔ rat defeats advance only quest 001 and stop at 15 (1.4162ms)
✔ defeat quest progress messages include the updated count (1.5455ms)
✔ B1F forces rats only until the active quest reaches its target (3.2287ms)
✔ quest 002 forces cave slimes on B1F and can progress beside quest 003 (2.3833ms)
✔ quest 002 report grants an HP card and 200G (0.9997ms)
✔ B2F remains locked until quests 001, 002, and 003 are completed (3.8351ms)
✔ B20F remains locked until the B19 checkpoint boss is defeated (0.4168ms)
✔ B30F remains locked until the B29 checkpoint boss is defeated (0.3605ms)
✔ B40F remains locked until the B39 checkpoint boss is defeated (0.5285ms)
✔ B60F remains locked until Fleischfresser is defeated (0.3347ms)
✔ B70F remains locked until Sphinx is defeated or answered (0.3211ms)
✔ quest 003 tracks B1F explored cells and resets before completion (0.5269ms)
✔ quest 003 completion survives return and grants an SP card and 200G (0.6581ms)
✔ quest 003 no longer installs or opens the obsolete tutorial overlay (3.0286ms)
✔ quest 004 unlocks with B2F and forces abyss rabbits until 15 defeats (0.8833ms)
✔ quest 004 report grants Alertness and 200G (0.8126ms)
✔ quest 005 forces wandering dead only on B4F and ignores other floors (0.5926ms)
✔ quest 005 report grants Dexterity Lesson and 400G once (0.7257ms)
✔ reporting a completed quest grants the C-rarity AGI card once (0.6614ms)
✔ invalid quest entries are discarded during normalization (0.228ms)
✔ quest 006 unlocks after quest 005 and rewards First Aid once (1.037ms)
✔ defeating the B6 quest mimic completes quest 006 (2.823ms)
✔ quest 007 requires the B9 boss and restores progress after abandonment (1.1328ms)
✔ quest 007 grants the defense card once when accepted (0.6632ms)
✔ completed quest 007 saves receive the missing acceptance card once (0.7827ms)
✔ quest 007 rescues saves where the B9 boss was defeated before acceptance (0.8133ms)
✔ quest 007 rescues an already-active legacy quest after the B9 boss was defeated (0.8947ms)
✔ quest 008 follows the queen shadow from B10F through B14F and rewards Resistance Spirit (1.1199ms)
✔ quest 008 keeps unique shadow progress after abandonment and reacceptance (0.4913ms)
✔ quest 009 unlocks after quest 006 and rewards Floor Detection plus 800G (0.7171ms)
✔ quest 010 requires completed quest 007 and B10F, then rewards Magic Barrier plus 1000G (0.7043ms)
✔ quest 010 rescues saves that already defeated the B19F boss (0.3977ms)
✔ quest 012 tracks the B29F red door, Iron Maiden, and B30F arrival (0.5774ms)
✔ quest 013 supplies ten large potions, resets on leaving B35F, and rewards fireproof boots (2.0009ms)
✔ quest 017 follows quest 015, supplies fifteen large potions, and rewards coldproof boots (1.1196ms)
✔ quest 014 is gated by quest 013, tracks the B36F Brass Bull, and unlocks Scorching Barrier sales (0.7647ms)
✔ quest 018 follows quest 017, tracks B46F Glacies, and unlocks Extreme Cold Barrier sales (4.8951ms)
✔ multi-item quest rewards pass their quantity separately to the item popup (32.7901ms)
✔ quest supplies use their actual item names in the item popup (39.5892ms)
✔ Helen's herbicide reward uses the important item popup (11.6874ms)
✔ active 100-cell surveys guarantee only their target floor special door (11.1035ms)
✔ quick status keeps separate Japanese and English job labels (4.6551ms)
✔ mobile quick status truncates only names of six or more characters (0.3548ms)
✔ quick status level uses at least two digits without truncating high levels (0.2285ms)
✔ quick status money is nonnegative and has no digit separators (0.2298ms)
✔ current HP becomes critical only below ten percent (0.3371ms)
✔ desert quicksand is limited to B60F through B68F (1.5716ms)
✔ explored quicksand uses a visible sand-colored minimap marker (1.6175ms)
✔ desert floors contain three cyclic quicksand points without feature overlap (246.5006ms)
✔ quicksand transition completes once on success, pre-fade rejection, and failure (0.5273ms)
✔ quicksand contact shows its image then uses a short fade transition (13.5698ms)
✔ fulgura gold loot, settlement, equip and save/load preserve unlock and prevent duplicate (19.9449ms)
✔ fulgura real combat uses exact hit count, attributes and SP40 once (21.8719ms)
✔ jormungandr gold loot, settlement, equip and save/load preserve unlock and prevent duplicate (6.5769ms)
✔ jormungandr real combat uses exact hit count, attributes and SP40 once (5.8132ms)
✔ cucullus_domini gold loot, settlement, equip and save/load preserve unlock and prevent duplicate (5.6975ms)
✔ cucullus_domini real combat uses exact hit count, attributes and SP40 once (6.7438ms)
✔ mixed hits independently respect immunity, weakness and ice reduction (0.8531ms)
✔ scepter normal attack ignores all DEF and has two 0.6 hits (0.4938ms)
✔ normal mixed weapon hits preserve innate attributes through oil and trigger second-element reactions (12.2113ms)
✔ rapid currents are generated only on B70F through B78F (136.7476ms)
✔ generated rapid currents are straight, separated, safe, and end on normal shores (96.5039ms)
✔ rapid-current placement is reproducible on the same completed map and RNG sequence (54.0487ms)
✔ forced-current paths move one cell at a time and finish at the saved shore (0.46ms)
✔ rapid-current presentation uses the supplied image and MP3 files (18.4828ms)
✔ discovered rapid currents use visible vector direction arrows on the minimap (1.0286ms)
✔ current_cleaving_longsword: every enhancement matches stats and existing weapon mechanics (7.2845ms)
✔ current_cleaving_longsword: job restriction, shield handling and normalized save restore (12.2175ms)
✔ current_cleaving_longsword: flame card and oil use existing physical imbue rules (35.1008ms)
✔ whirlpool_dagger: every enhancement matches stats and existing weapon mechanics (0.5148ms)
✔ whirlpool_dagger: job restriction, shield handling and normalized save restore (7.3687ms)
✔ whirlpool_dagger: flame card and oil use existing physical imbue rules (10.1556ms)
✔ tide_piercing_mace: every enhancement matches stats and existing weapon mechanics (0.5862ms)
✔ tide_piercing_mace: job restriction, shield handling and normalized save restore (2.4701ms)
✔ tide_piercing_mace: flame card and oil use existing physical imbue rules (13.7276ms)
✔ deep_current_staff: every enhancement matches stats and existing weapon mechanics (0.4856ms)
✔ deep_current_staff: job restriction, shield handling and normalized save restore (2.3576ms)
✔ deep_current_staff: flame card and oil use existing physical imbue rules (9.9457ms)
✔ B70-B77 weapon order and B78 four jobs use +1/+2/+3 boundaries (3.3763ms)
✔ mace total penetration is 35/35/40/45%, including standard blunt penetration exactly once (0.9335ms)
✔ staff SP equipment bonus neither heals on equip nor duplicates after remove/re-equip (2.2278ms)
✔ black chest unlock, one-per-floor, neighbors and saved empty cells keep existing rules (909.358ms)
✔ loot settlement and protected saves retain all four weapons and enhancement (23.3257ms)
✔ late-region obstacles preserve reserved rooms and place crystal purple chests in empty rooms (730.4377ms)
✔ crystal contact, cancellation and confirmation spend SP only once and play boon (7.7614ms)
✔ Erika and holy weapon remove dark orb through the actual input flow (3.2138ms)
✔ Glut and Frost floors place three safe, separated exploration obstacles except survey floors (927.2861ms)
✔ fixed generation input reproduces obstacle coordinates and preserves B39F/B49F boss rooms (132.0804ms)
✔ obstacle definitions use the requested assets and floor-zone exclusions (8.6461ms)
✔ walking into an unavailable obstacle does not move or change facing (1.1378ms)
✔ regional obstacles use contact-only red and cyan triangle minimap markers (0.2179ms)
✔ a mage spends ten SP only after confirming the matching spell (4.285ms)
✔ SP9 cannot remove an obstacle by magic but the matching weapon element remains selectable (1.1391ms)
✔ a mage can deliberately choose an elemental weapon without spending SP (0.6434ms)
✔ an accompanying Johan always removes the obstacle without consuming player resources (0.5096ms)
✔ registered but non-accompanying Johan does not grant free removal (0.4547ms)
✔ only the matching weapon element removes each obstacle and opposite or lightning elements cannot (0.8228ms)
✔ removal immediately updates traversal and auto-return pathfinding (0.527ms)
✔ obstacle discovery and removal persist in saved floor snapshots (108.4794ms)
✔ B35F and B45F survey quests still complete on a fully explored map (1.8591ms)
✔ obstacle effects animate inside the shared renderer and remain reduced-motion safe (0.3542ms)
✔ matching weapon element removal uses the registered sliding2 sound once (4.1905ms)
✔ elemental oils keep their battle-only prices and shop unlock contract (0.3327ms)
✔ renderer, minimap, save restore, and shared input paths include exploration obstacles (2.2196ms)
✔ oil ownership alone is rejected; equipment priority and confirmation recheck match the icon (0.3696ms)
✔ the four romance relics remain unique, unenhanced, unsellable job weapons (3.2062ms)
✔ Musashi Blade is B80-ready while Katzbalger remains the safer final weapon (2.6673ms)
✔ The Five Star keeps five-hit identity below Katzendolch's final-region ceiling (0.4324ms)
✔ Sylvan Emera keeps its defensive identity and Katzenkolben remains the final hybrid (0.2736ms)
✔ Comet Booster supports late magic while Katzenstab remains the general spellcasting apex (0.3092ms)
✔ sprite centers remain visible directly ahead for NPCs, treasure, fountains and bosses (2.947ms)
✔ a sprite behind a corner wall is not visible (0.3533ms)
✔ a visible sprite center is retained when only a cell edge is occluded (0.3266ms)
✔ revival prayer selects Lumina at exactly the five-percent boundary (1.96ms)
✔ revival prayer chooses its image once before the existing animation starts (17.1821ms)
✔ the achievement popup can appear above the revival scene (1.553ms)
✔ temple defeat revival uses the assigned keeper for normal and festival outfits (0.63ms)
✔ temple defeat revival preserves protected and lost experience messages (0.3585ms)
✔ loot and no-loot defeat paths clear the message until the revival prayer finishes (8.7826ms)
✔ production roaming-enemy registry enables only approved Verfolger floors (4.1964ms)
✔ roaming definitions support explicit floors and inclusive ranges (2.2679ms)
✔ farthest placement uses Manhattan distance and injected RNG for ties (1.9141ms)
✔ a player standing on stairs uses reachable neighboring floor cells as path roots (0.6465ms)
✔ placement terminates cleanly when no reachable normal floor exists (0.7397ms)
✔ the shared occupancy predicate blocks every live static feature (0.6019ms)
✔ open normal doors are passable while closed, locked, and event doors are not (0.4906ms)
✔ opened treasures and removed obstacles become traversable despite stale temporary reservations (0.2421ms)
✔ patrol avoids an immediate reversal when another route exists and reverses at a dead end (1.01ms)
✔ patrol waits when every neighboring cell is forbidden (0.4479ms)
✔ line-of-sight discovery enters chase and follows a shortest valid path (0.7197ms)
✔ losing sight returns to patrol when the path to the last seen cell vanishes (0.4935ms)
✔ after losing sight the enemy investigates the last seen position before resuming patrol (0.3996ms)
✔ player contact is resolved before enemy movement (0.4838ms)
✔ enemy contact waits for movement interpolation to finish (0.5108ms)
✔ an instance marked in battle cannot patrol until combat ends (0.4514ms)
✔ render coordinates interpolate while logical collision coordinates stay integral (0.6285ms)
✔ escape success resets combat state and moves the enemy to the farthest reachable cell (0.5571ms)
✔ escape without a legal destination removes the instance without rewards (0.3624ms)
✔ defeat removes the instance and grants its per-map reward only once (0.3735ms)
✔ save data preserves identity, movement memory, and terminal state without animation internals (0.7281ms)
✔ old saves and malformed roaming references do not create a new instance (0.2869ms)
✔ an invalid occupied coordinate is restored as departed instead of retry-looping (0.2477ms)
✔ the minimap marker is visible only on the enemy's currently explored cell (0.2473ms)
✔ full dungeon generation places a configured test enemy after static features (63.3957ms)
✔ ordinary production dungeon generation does not add an unspecified roaming enemy (46.1038ms)
✔ the movement hook runs once after a successful step and not for turns or wall collisions (6.213ms)
✔ runtime integration orders roaming contact before random encounters and persists the map instance (25.5787ms)
✔ one rumor rings once, reveals copy after the bell, and completes once (15.1434ms)
✔ multiple pending stages are deduplicated into one plural notification (48.5379ms)
✔ muted or failed audio still keeps the bell-only interval before showing text (116.1041ms)
✔ a rumor heard while waiting is removed before sound or presentation (28.8988ms)
✔ an interrupted notification is concealed and presented again when safe (100.7445ms)
✔ reset invalidates an active generation instead of reviving its old queue (62.4397ms)
✔ achievement and rumor presentations share one serial coordinator (114.2242ms)
✔ rumor and quest notices share the coordinator and quest copy stays singular (106.0331ms)
✔ a quest unlocked during an active batch is left for the next display (143.9036ms)
NDA save data could not be read (nda.save.slot1.current). SyntaxError: Expected property name or '}' in JSON at position 1 (line 1 column 2)
    at JSON.parse (<anonymous>)
    at readSerializedSave (file:///E:/GitHub/never-dungeon-abyss/js/save-data.js:53:25)
    at readKey (file:///E:/GitHub/never-dungeon-abyss/js/save-data.js:66:10)
    at loadGame (file:///E:/GitHub/never-dungeon-abyss/js/save-data.js:72:19)
    at TestContext.<anonymous> (file:///E:/GitHub/never-dungeon-abyss/tests/save-data.test.mjs:166:18)
    at Test.runInAsyncScope (node:async_hooks:227:14)
    at Test.run (node:internal/test_runner/test:1382:25)
    at async Test.processPendingSubtests (node:internal/test_runner/test:960:7)
NDA save data could not be read (nda.save.slot1.current). SyntaxError: Expected property name or '}' in JSON at position 1 (line 1 column 2)
    at JSON.parse (<anonymous>)
    at readSerializedSave (file:///E:/GitHub/never-dungeon-abyss/js/save-data.js:53:25)
    at readKey (file:///E:/GitHub/never-dungeon-abyss/js/save-data.js:66:10)
    at loadGame (file:///E:/GitHub/never-dungeon-abyss/js/save-data.js:72:19)
    at TestContext.<anonymous> (file:///E:/GitHub/never-dungeon-abyss/tests/save-data.test.mjs:170:18)
    at Test.runInAsyncScope (node:async_hooks:227:14)
    at Test.run (node:internal/test_runner/test:1382:25)
    at async Test.processPendingSubtests (node:internal/test_runner/test:960:7)
NDA save data could not be read (nda.save.manual1.current). SyntaxError: Expected property name or '}' in JSON at position 1 (line 1 column 2)
    at JSON.parse (<anonymous>)
    at readSerializedSave (file:///E:/GitHub/never-dungeon-abyss/js/save-data.js:53:25)
    at readKey (file:///E:/GitHub/never-dungeon-abyss/js/save-data.js:66:10)
    at loadGame (file:///E:/GitHub/never-dungeon-abyss/js/save-data.js:72:19)
    at TestContext.<anonymous> (file:///E:/GitHub/never-dungeon-abyss/tests/save-data.test.mjs:166:18)
    at Test.runInAsyncScope (node:async_hooks:227:14)
    at Test.run (node:internal/test_runner/test:1382:25)
    at async Test.processPendingSubtests (node:internal/test_runner/test:960:7)
NDA save data could not be read (nda.save.manual1.current). SyntaxError: Expected property name or '}' in JSON at position 1 (line 1 column 2)
    at JSON.parse (<anonymous>)
    at readSerializedSave (file:///E:/GitHub/never-dungeon-abyss/js/save-data.js:53:25)
    at readKey (file:///E:/GitHub/never-dungeon-abyss/js/save-data.js:66:10)
    at loadGame (file:///E:/GitHub/never-dungeon-abyss/js/save-data.js:72:19)
    at TestContext.<anonymous> (file:///E:/GitHub/never-dungeon-abyss/tests/save-data.test.mjs:170:18)
    at Test.runInAsyncScope (node:async_hooks:227:14)
    at Test.run (node:internal/test_runner/test:1382:25)
    at async Test.processPendingSubtests (node:internal/test_runner/test:960:7)
NDA save data could not be read (nda.save.slot1.current). SyntaxError: Unexpected token 'c', "corrupt" is not valid JSON
    at JSON.parse (<anonymous>)
    at readSerializedSave (file:///E:/GitHub/never-dungeon-abyss/js/save-data.js:53:25)
    at readKey (file:///E:/GitHub/never-dungeon-abyss/js/save-data.js:66:10)
    at loadGame (file:///E:/GitHub/never-dungeon-abyss/js/save-data.js:72:19)
    at TestContext.<anonymous> (file:///E:/GitHub/never-dungeon-abyss/tests/save-data.test.mjs:182:16)
    at Test.runInAsyncScope (node:async_hooks:227:14)
    at Test.run (node:internal/test_runner/test:1382:25)
    at async Test.processPendingSubtests (node:internal/test_runner/test:960:7)
NDA save data could not be read (nda.save.slot1.current). SyntaxError: Unexpected token 'b', "broken" is not valid JSON
    at JSON.parse (<anonymous>)
    at readSerializedSave (file:///E:/GitHub/never-dungeon-abyss/js/save-data.js:53:25)
    at readKey (file:///E:/GitHub/never-dungeon-abyss/js/save-data.js:66:10)
    at loadGame (file:///E:/GitHub/never-dungeon-abyss/js/save-data.js:72:19)
    at TestContext.<anonymous> (file:///E:/GitHub/never-dungeon-abyss/tests/save-data.test.mjs:193:20)
    at Test.runInAsyncScope (node:async_hooks:227:14)
    at Test.run (node:internal/test_runner/test:1382:25)
    at async Test.processPendingSubtests (node:internal/test_runner/test:960:7)
✔ load summaries show cat medal only for the awarded save slot (14.8525ms)
✔ rumor notification state survives protected saves without crossing slots (1.6978ms)
✔ guild request notification state survives protected saves without crossing slots (2.754ms)
✔ auto and three manual save slots are stored independently (4.9196ms)
✔ JSON archive restores exported save slots after storage is cleared (4.1726ms)
✔ invalid JSON archive does not alter existing saves (0.8154ms)
✔ a modified protected archive is rejected without altering existing saves (1.4573ms)
✔ a modified current save falls back to its protected backup (1.4072ms)
✔ auto preserves a healthy backup through promotion and later saves (3.7264ms)
✔ manual1 preserves a healthy backup through promotion and later saves (3.1777ms)
✔ an unreadable current save never replaces a healthy backup (1.4724ms)
✔ a legacy backup is upgraded when it is promoted (0.7612ms)
✔ Todes Scorpio uses the reduced regain and death-poison values (1.9507ms)
✔ Todes Scorpio lowers dangerous-action weights while chilled (2.0819ms)
✔ an ice hit chills Todes Scorpio and blocks its next regain (31.1112ms)
✔ Todes Scorpio regains exactly 150 HP when ice does not suppress it (6.2755ms)
✔ Poison Mask resistance also reduces death-poison application (4.1294ms)
✔ Strong Healing Potion (M) restores half max HP and unlocks at B70F (5.251ms)
✔ Glacies Hammer explicitly describes its ice attack (0.3702ms)
✔ equipment screens describe the expanded poison resistance and Glacies ice attack (23.9102ms)
✔ Scorpio exposes the complete overpowered Zodiac effect (2.6762ms)
✔ Scorpio death-poison rate is twenty percent and halves against bosses (0.3535ms)
✔ Scorpio inflicts five-percent death poison on a landed attack even through boss immunity (29.0394ms)
✔ Scorpio completely blocks poison, deadly poison, and death poison (11.6367ms)
✔ custom Scorpio death poison does not change the original ten-percent death poison (0.3904ms)
✔ shop baseline, unlock, persistence and acknowledgement (19.2958ms)
✔ B10F creates one shop announcement and an unseen item badge (8.0226ms)
✔ final shop armor requires B30F arrival and the Iron Maiden victory (3.5276ms)
✔ B50F shop armor provides one full job-specific set after the transfer portal unlock (4.5186ms)
✔ opening a shop category clears only that category's badge (3.5124ms)
✔ legacy B10F saves receive the stock notice once (1.2921ms)
✔ thief armor category becomes new only after the boss and arrival requirements (3.3086ms)
✔ battle skills hide passives and paginate as two columns of six (12.2732ms)
✔ field skills paginate every eight entries without overlapping (3.3553ms)
✔ item and skill overlays remember the last used selection separately by context (1.7326ms)
✔ battle items paginate as two columns of six without vertical scrolling (2.8431ms)
✔ code is canonical, bounded, preserves every original field and excludes owner metadata (22.666ms)
✔ URL alphabet hyphens and underscores are real data; every single-character mutation is rejected (120.6756ms)
✔ reject malformed format, unsupported versions, invalid signature and out of range seed (1.8905ms)
✔ cross-save import, full duplicate preservation, same-content confirmation and deletion restore (2.6173ms)
✔ failed import/delete/favorite saves preserve complete previous character (0.8559ms)
✔ new and legacy prefix cases preserve payload and share original identity (1.5485ms)
✔ doors 0: deterministic, valid, independent of topology mutation (50.223ms)
✔ doors 1: deterministic, valid, independent of topology mutation (50.9717ms)
✔ doors 12345: deterministic, valid, independent of topology mutation (58.6795ms)
✔ doors 65535: deterministic, valid, independent of topology mutation (43.8595ms)
✔ doors reject bad inputs and do not consume Math.random (3.043ms)
✔ canonical boundaries share identities and reject outer edges (0.3055ms)
✔ closed door blocks both sides; only adjacent front opens; animation then permits passage (10.754ms)
✔ minimap hides unseen doors and uses existing closed/open colors from either explored side (6.7973ms)
✔ Candidate 2 changes only raw weight transform and revision, preserving selection and normalization (2.6741ms)
✔ Candidate 2 uses the same weight draws directly, Candidate 1 cubes them (20.7547ms)
✔ archived Candidate 1 samples reproduce prior audit, including fingerprints (5.188ms)
✔ every archived singleton seed keeps its exact species and 100% weight (28.7068ms)
✔ special-map-v1 seed 0: repeat 100 times, valid positive ecology (32.6704ms)
✔ special-map-v1 seed 1: repeat 100 times, valid positive ecology (28.9642ms)
✔ special-map-v1 seed 12345: repeat 100 times, valid positive ecology (21.2856ms)
✔ special-map-v1 seed 32768: repeat 100 times, valid positive ecology (21.1167ms)
✔ special-map-v1 seed 65535: repeat 100 times, valid positive ecology (41.2876ms)
✔ phase2a-1 seed 0: repeat 100 times, valid positive ecology (25.8473ms)
✔ phase2a-1 seed 1: repeat 100 times, valid positive ecology (10.8941ms)
✔ phase2a-1 seed 12345: repeat 100 times, valid positive ecology (26.4223ms)
✔ phase2a-1 seed 32768: repeat 100 times, valid positive ecology (21.0013ms)
✔ phase2a-1 seed 65535: repeat 100 times, valid positive ecology (27.85ms)
✔ ecology requires no random source, clock, character, or save state (9.2837ms)
✔ ecology streams are independent and leave topology baseline untouched (2.5117ms)
✔ original signatures and ownership metadata never participate in ecology (1.3871ms)
✔ invalid seed, ruleset and blueprint identity/theme are rejected (3.2002ms)
✔ positive integer normalization totals 10000, ties use selection order (1.2916ms)
✔ candidate pools match reviewed normal-encounter baseline, excluding special-only enemies (13.2474ms)
✔ sample includes natural single species, biases and varying ecologies without zero weights (513.9774ms)
✔ fingerprint canonicalization ignores object key order and rejects mutated output (0.7228ms)
✔ audit checker detects malformed distribution rather than merely generating statistics (0.7276ms)
✔ ecology stays outside gameplay and does not add seed-specific production branches (1.6824ms)
✔ V1 frozen examples repeat 100 times with independent complete structure checks (151.5028ms)
✔ V1 PRNG/subseed vectors and future streams cannot consume topology randomness (1.8806ms)
✔ generator rejects invalid seeds/rulesets without coercion (0.9522ms)
✔ no Math.random dependency or mutable output shared across calls (7.2473ms)
✔ legacy registered originals regenerate without changing save, name rules or shared code (6.4058ms)
✔ real protected snapshot reload retains unidentified then appraised original (14.8039ms)
✔ save failure at .temp preserves unidentified in memory and on disk (4.4177ms)
✔ save failure at .backup preserves unidentified in memory and on disk (4.6291ms)
✔ save failure at .current preserves unidentified in memory and on disk (2.4322ms)
✔ post-commit cleanup error does not roll back a committed appraisal (3.0932ms)
✔ post-commit event error does not roll back a committed appraisal (2.1645ms)
✔ shared import, favorite and deletion survive real protected save reload (15.9822ms)
✔ registered V1 starts at frozen entrance and direction with one explored cell (25.7449ms)
✔ collision, animation, exploration and BFS exit work without touching normal save (261.8672ms)
✔ shared origins and different discoverers use only ruleset and seed for terrain (16.3541ms)
✔ real minimap accepts session cells without revealing unknown exits (5.8344ms)
✔ renderer binding restores exact normal references and theme after immediate disposal (3.4081ms)
✔ runtime controller exits immediately, restores renderer, and never invokes normal gameplay (9.2236ms)
✔ backward travel and left turns preserve facing and mark only visited cells (1.7444ms)
✔ keyboard and touch controls cannot fall through to normal movement or generation (3.22ms)
✔ survey mask validates old/corrupt saves and derives completion rather than trusting flags (2.7719ms)
✔ actual walk surveys 100 unique cells, exit is not terminal, completion transitions once (27.8611ms)
✔ 63 cells survive snapshot reload and reentry while position and door state reset (16.7396ms)
✔ opening doors does not survey the neighboring cell (1.7749ms)
✔ failed saves preserve registered map and committed mask, retry saves pending visits (4.662ms)
✔ shared code excludes survey; deletion and reimport reset it; original signatures isolate knowledge (7.7336ms)
✔ signature trims and normalizes NFC, accepts 1–4 BMP characters without truncating (2.1087ms)
✔ old characters migrate to empty ownership without changing their name or inventory (8.7696ms)
✔ unidentified cap is checked before random draws and originals survive JSON reload (0.9057ms)
✔ appraisal derives fixed info without random draws and moves original atomically (1.9222ms)
✔ registration counts 0–10, full rejection retains map, full duplicate preserves all records (0.7567ms)
✔ same seed, different signatures are distinct originals with identical content (0.4294ms)
✔ failed or throwing save restores the complete pre-appraisal character; retry grants once (1.1075ms)
✔ invalid saved originals do not enter arrays; unsupported rules cannot be appraised as current rules (0.3087ms)
✔ B96 uses the live door access gate with four distinct owned Zodiac cards (18.0774ms)
✔ B2 special room contains the repeatable lingering ghost event boss (1.6002ms)
✔ The lingering ghost event marker is visible before exploration except at zero torch (0.3978ms)
✔ B6 special room is the quest-gated one-time mimic event (0.2869ms)
✔ B6 special room blocks unaccepted or completed quest states and admits an active quest (0.5053ms)
✔ B6 quest room unlocks and retains the mimic event content (40.3148ms)
✔ B14 queen shadow room unlocks only after the first four sightings (0.3761ms)
✔ B16 Jabberwock room is gated by quest 009 (0.2917ms)
✔ B36 Brass Bull room is gated by quest 014 (3.5697ms)
✔ B46 Glacies room is gated by quest 018 (0.4366ms)
✔ B47 is reserved for the three-Zodiac Eiskrabbe event without replacing B46 (0.3611ms)
✔ Zodiac access counts distinct owned kinds without requiring them to be set (0.2817ms)
✔ B64 is reserved for the Zodiac-gated Todes Scorpio event (0.1961ms)
✔ B64 opens first, then asks for confirmation when entering (19.088ms)
✔ escaping Todes Scorpio blocks a rematch until the next exploration (3.924ms)
✔ B4 special room warns before entering the one-time superboss event (0.4878ms)
✔ declining a special-room boss keeps valid retreat coordinates (6.5472ms)
✔ forced encounters block special-room unlocking without exposing a rate (0.36ms)
✔ each floor creates at most one sealed one-cell special room with an internal black door (186.1326ms)
✔ configured empty special rooms contain one purple card chest without replacing fixed events (205.822ms)
✔ an eligible empty special room can become a Maikaefer nest instead of a purple chest (45.1224ms)
✔ Maikaefer nests never replace fixed or forced-quest special rooms (61.1275ms)
✔ the Maikaefer nest event is consumed before battle and keeps its escape flavor (9.0409ms)
✔ special-room lock gets three attempts with a lower rate after each failure (39.8682ms)
✔ standard black doors remain accessible to low-DEX jobs (0.257ms)
✔ special-room lock supports elite, fixed and guaranteed difficulty modes (0.2139ms)
✔ successful unlocking lasts for the exploration and regeneration locks the room again (56.1668ms)
✔ survey protection makes the purple special-room lock a guaranteed success (26.7469ms)
✔ Sphinx route cards are unique L cards with the confirmed effects (2.6627ms)
✔ Sphinx wisdom multiplies player damage by 1.15 only when the resolved element is weak (45.145ms)
✔ Sphinx majesty creates a ceil 15 percent barrier and absorbs direct damage before HP (5.3314ms)
✔ battle UI exposes weakness icons and the effect_06 barrier indicator (15.29ms)
✔ borrowing Johanna's cat waits for the final confirmation before granting and saving it (15.2805ms)
✔ the cat item popup owns the three-second wait and the inn transition timers are disposable (5.2523ms)
✔ returning Johanna's cat waits for her dialogue and removes it during blackout (2.0891ms)
✔ Anastasia keeps her separate facility blackout path (1.9326ms)
✔ the peaceful Sphinx reward displays its card popup after state settlement (1.9458ms)
✔ battle-earned cards move the popup into the dungeon viewport and Sphinx waits for settlement (0.8324ms)
✔ sr_vital_abundance: additive 1-3 copies and L stacking (26.4101ms)
✔ sr_vital_abundance: existing percentage order and repeated equipment changes cannot heal (17.2241ms)
✔ sr_spirit_abundance: additive 1-3 copies and L stacking (12.7603ms)
✔ sr_spirit_abundance: existing percentage order and repeated equipment changes cannot heal (20.3565ms)
✔ sr_vital_abundance: limits, icon, SR pricing and overflow (14.7497ms)
✔ sr_spirit_abundance: limits, icon, SR pricing and overflow (8.3541ms)
✔ sr_sp_saver_plus: limits, icon, SR pricing and overflow (2.7525ms)
✔ SP Saver Plus uses C's icon and exact text (0.1796ms)
✔ SP reduction 3: zero/minimum and equipment multiplier order (1.9364ms)
✔ SP reduction 4: zero/minimum and equipment multiplier order (2.3462ms)
✔ SP reduction 5: zero/minimum and equipment multiplier order (2.9034ms)
✔ SP reduction 1: zero/minimum and equipment multiplier order (1.302ms)
✔ wide_swing: battle SP boundary and actual payment (34.0168ms)
✔ fireball: battle SP boundary and actual payment (14.2102ms)
✔ ice_bind: battle SP boundary and actual payment (13.7093ms)
✔ greater_healing: battle SP boundary and actual payment (13.075ms)
✔ field healing uses the same reduced cost and rejects insufficient SP (8.33ms)
✔ Gemini recast remains free and normal/item actions keep zero SP payment (15.8366ms)
✔ protected save roundtrip retains new cards and original C/L-only saves (30.5898ms)
✔ rapid-current purple chest exact 30/30/30/5/2.5/2.5 boundaries and counts (4.2713ms)
✔ B70-B79 purple chests use vacant event rooms and never replace fixed or rare events (397.9045ms)
✔ new cards do not enter other floors or other chest pools (42.4798ms)
✔ inventory uses fewer rows on phone-sized screens (1.542ms)
✔ status quest pages include active and reportable quests but exclude reported quests (4.3082ms)
✔ status always provides a fourth quest page when no quest is active (0.683ms)
✔ B1F creates one to three stone pickup circles and no later floor does (102.2359ms)
✔ stones enter the loot bag and settle into inventory (5.061ms)
✔ a thrown stone uses normal hit chance and deals fixed nine damage (21.5873ms)
✔ the dungeon pickup handler adds stones to the loot bag (37.8631ms)
✔ floor materials and key items use the shared silhouette-hiding glow (8.7756ms)
✔ Search and Destroy makes thrown items hit even the Maikaefer at the maximum miss roll (2.2091ms)
✔ Taurus is a unique cost-eight Zodiac card with only the confirmed public description (1.8097ms)
✔ Taurus raises maximum HP by fifty percent after additive bonuses (12.827ms)
✔ Taurus depth DEF follows ten-floor bands and caps its bonus at sixty (0.6173ms)
✔ Taurus applies a derived DEF bonus without storing or accumulating it (4.3178ms)
✔ main uses contextual Taurus stats for status, battle, traps, and lock checks (7.1369ms)
✔ town receives the persistent character instead of a Taurus presentation copy (2.5163ms)
✔ tavern menu reserves the requested five-command layout (1.6154ms)
✔ NPC hiring opens its implemented submenu while past rumors remain available (0.6041ms)
✔ past rumors open a paginated history panel from the tavern (0.7886ms)
✔ the rumor list returns every available unread rumor in registration order (9.0198ms)
✔ only the latest unlocked stage of each rumor is returned (1.2001ms)
✔ saved event flags drive stage updates without duplicated caller conditions (1.3436ms)
✔ sync queues every current unread stage once and persists the queue (2.0735ms)
✔ a newly unlocked stage replaces its obsolete queued stage (0.9649ms)
✔ completing a notification does not mark the tavern rumor as read (1.2499ms)
✔ a notified rumor can queue its newly available conversation stage (0.9845ms)
✔ reading a rumor while its notification waits removes it from the queue (0.9322ms)
✔ malformed and legacy notification state is normalized safely (4.5979ms)
✔ pending and completed notification IDs survive character normalization (1.5165ms)
✔ the Johanna rumor participates in the same notification list (0.5646ms)
✔ the B42 marathon follow-up replaces the pending B40 rumor stage (0.6821ms)
✔ new relic and long-march rumor stages use the shared notification queue (1.0992ms)
✔ Verfolger notification changes from base to defeated without marking the rumor read (0.9092ms)
✔ Lichtbringer notification switches to ownership stage without reading it (0.879ms)
✔ cat rumor notification requires the accepted quest and switches only after peaceful resolution (1.0892ms)
✔ tavern rumor typewriter isolates only customer and Rosa dialogue (3.3835ms)
✔ tavern rumor becomes read and is unavailable until its Mikan update (5.7592ms)
✔ meeting Mikan before hearing the rumor starts with the updated version (0.9632ms)
✔ B2 unlocks the lingering ghost rumor and victory unlocks its update (1.3302ms)
✔ unread tavern rumors are returned in registration order (0.7137ms)
✔ past rumors list only heard topics without a current unread update (1.1514ms)
✔ past rumor descriptions preserve the two customers and Rosa (0.6811ms)
✔ B4 unlocks the terrifying presence rumor and Otherworldly Wisdom adds Rosa's follow-up (1.1253ms)
✔ priest rumor requires quest 019 plus one hundred donations and updates after quest 016 (1.2269ms)
✔ acolyte rumor unlocks at five hundred donations and continues after the hidden temple event (1.2538ms)
✔ acolyte rumor stays hidden at five hundred donations until the priest rumor is complete (0.8131ms)
✔ Johanna rumor requires one hundred inn stays and reported Maerchentiere, then preserves two exact customer pages (1.459ms)
✔ B40 unlocks the marathon rumor and a B42 marathon completion adds its follow-up (1.2031ms)
✔ an existing save that already completed the B42 marathon receives only the latest rumor stage (0.5394ms)
✔ B50 unlocks the relic weapon rumor and any four-relic ownership location unlocks its follow-up (2.7124ms)
✔ B80 plus the B42 marathon unlocks the second marathon rumor and B84 adds its follow-up (1.1783ms)
✔ B100 plus the B84 long march unlocks the final rumor and final completion adds its follow-up (1.1759ms)
✔ legacy saves that already meet all conditions receive only the latest new rumor stages (0.6539ms)
✔ Verfolger rumor unlocks at B90, follows first defeat, and preserves latest-stage history (1.987ms)
✔ Verfolger already defeated old saves offer only the latest unread stage (0.5206ms)
✔ nested dialogue quotes remain inside typewriter text (0.1623ms)
✔ Lichtbringer rumor uses B90, real ownership, exact dialogue and latest history (1.8705ms)
✔ Johanna cat rumor requires B69 and quest 027; only borrowed cat plus peaceful solution continues (2.8968ms)
✔ cat rumor preserves read base after combat-route report and uses owned cat for legacy peaceful saves (1.0162ms)
✔ throwing weapons keep fixed damage, individual accuracy, and one-item consumption for every job (40.4715ms)
✔ throwing inherits lightning card or oil and applies weakness per hit without changing accuracy (13.4011ms)
✔ elemental throws respect resistance and immunity and still consume only one item (6.6703ms)
✔ normal and thief DEX30 accuracy boundaries for both new items (10.4594ms)
✔ knives unlock on B70 arrival, spear remains unavailable, saved quantities and caps survive (5.0068ms)
✔ Pisces guardian achievement reads the persisted complete-victory flag (9.136ms)
✔ B76 fixed optional room preserves its content and shared zodiac gate (60.5551ms)
✔ independent twins and complete victory reward are repeat-safe (8.9617ms)
✔ melee cannot reach even with Sagittarius and follow-up; thrown item can (35.7556ms)
✔ preselection reserves only one whirlpool, alternates and allows guarding (11.1775ms)
✔ dead preparation owner releases reservation; simultaneous deaths do not enrage (6.3609ms)
✔ weight boundaries and fresh snapshot after escape (0.9952ms)
✔ crystal reports actual SP loss including low and empty SP (3.3002ms)
✔ AoE damages both, melee skills including holy strike fail, ranged miracles reach (13.7733ms)
✔ stunned preparation remains reserved and excludes the other twin (7.118ms)
✔ bleed occurs once only on actual hits; total misses do not bleed (5.1453ms)
✔ NPC melee including Erika holy strike cannot reach; Johan magic remains effective (9.6033ms)
✔ escape is guaranteed even at the highest roll (0.415ms)
✔ whirlpool percentage, guard, fixed wall and independent magic barrier (34.8699ms)
✔ main registers continue handlers before the title screen becomes interactive (16.8275ms)
✔ title actions wait for the main game ready handshake (4.4898ms)
✔ title option reuses the game option screen and returns to the title (5.7668ms)
✔ B20F torture-region enemies use their supplied images and replace the prior pool (14.253ms)
✔ all torture-region enemies use the B90F three-action pattern (0.6686ms)
✔ torture-region stats form a survivable progression from the magic region (1.5629ms)
✔ torture-region third actions implement bleeding, defense ignore, and restraint (1.4308ms)
✔ torture-region formations unlock progressively and stay within three enemies (14.5247ms)
✔ missing or invalid legacy touch movement settings fall back to the fixed d-pad (1.8959ms)
✔ mobile and tablet layouts switch exclusively between d-pad and floating stick (2.652ms)
✔ desktop keeps the existing floating-stick behavior when touch controls are forced on (0.28ms)
✔ d-pad directions map to the shared forward, back, and turn actions (0.2693ms)
✔ touch movement selection is exposed, persisted, restored, and applied immediately (18.0144ms)
✔ both touch movement UIs use the existing dispatch path and common input lock (3.4745ms)
✔ d-pad cancellation, mode changes, and long presses always clear active state (1.4174ms)
✔ d-pad presentation preserves safe areas, minimum touch size, and beveled corners (2.3397ms)
✔ town facilities use the formal character names (1.4277ms)
✔ shop greeting and guild quest client names stay synchronized (0.7845ms)
✔ Helen's walking portrait changes permanently after her hidden event (5.0862ms)
✔ Parthenope stops walking through town permanently after quest 028 is accepted (1.8462ms)
✔ the horse and chicken walk through town more often than the rare visitor (1.2817ms)
✔ Loretta is enlarged and drawn immediately in front of the priest (0.6373ms)
✔ Malicious hurries through town immediately behind the horse layer (0.7829ms)
✔ Malicious permanently leaves the town passersby after quest 011 is accepted (0.9567ms)
✔ Treliren requires both the explorer rumor and completed dungeon meeting (0.5685ms)
✔ town overlays expose touch controls for quantities and paged lists (18.552ms)
✔ transfer destinations require selection before a second tap activates them (4.8644ms)
✔ poison, deadly poison, and death poison use distinct status labels (14.8701ms)
✔ ordinary antidote cannot cure deadly poison or consume an item or battle turn (8.2183ms)
✔ deadly poison antidote rejection has its dedicated text and buzzer feedback (9.7239ms)
✔ transfer destinations are data-driven and expose only unlocked floors (4.8635ms)
✔ achievement popup uses the k8x12 font and queues newly achieved records (16.031ms)
✔ Eiskoenigin alone receives a reduced-motion-safe multi-sparkle layer (2.5961ms)
✔ Glacies and Eiskoenigin use dedicated large boss image sizes (4.2365ms)
✔ Fleischfresser uses its dedicated large battle image size (1.9075ms)
✔ Otherworldly Wisdom uses its dedicated large battle image size (1.3994ms)
✔ Todes Scorpio uses a dedicated superboss image size (1.5926ms)
✔ transfer destination UI is separate from the six command slots and paginates by five (1.9193ms)
✔ closing the transfer UI restores the shared dungeon and battle command area (2.6144ms)
✔ Iron Maiden sizing cannot shrink the boss HP meter (2.4392ms)
✔ treasure colors use their configured 20, 50, and 80 percent trap rates (1.868ms)
✔ thieves always disarm red treasure traps (3.3853ms)
✔ falling stones and crossbows deal nonlethal maximum-HP damage (1.5341ms)
✔ a successful crossbow saving throw halves damage (1.5234ms)
✔ poison needles inflict poison without damage after both checks fail (1.5059ms)
✔ regional assignment is stable across floors, zones and saved games, with one meeting per expedition (13.2335ms)
✔ all eight regions exclude boss floors, inaccessible ranges and unread rumor (3.7286ms)
✔ patrol never chases, alternates foot image on movement, survives reload and obeys marker exploration (4.8116ms)
✔ incense fills inventory then warehouse, sells for one without buyback and blocks only presence growth (4.1437ms)
✔ rumor unlocks at B10, switches after meeting and retains titled history (3.3379ms)
✔ entrance camp requires a completed meeting and a roll strictly below twenty percent (0.5124ms)
✔ patrol contact and blocked neighbors are distinct legitimate non-movement outcomes (0.5624ms)
✔ all two-handed weapons clear the left hand and prevent it from being re-equipped (15.0237ms)
✔ one-handed weapons continue to allow compatible left-arm equipment (0.6395ms)
✔ normalization repairs saved two-handed and left-arm equipment conflicts (5.8161ms)
✔ tunguska retains supplied parameters and substitutes actual damage (6.6279ms)
✔ tunguska real charge action emits registered presentation per actual target (29.0688ms)
✔ apocalypse retains supplied parameters and substitutes actual damage (2.0396ms)
✔ apocalypse real charge action emits registered presentation per actual target (7.6521ms)
✔ reveal is continuous from silhouette through blur to the actual image (1.762ms)
✔ blood profile survives combatant creation and particles are bounded and time-based (2.4733ms)
✔ concealed and reduced-motion blood canvases clear without drawing (0.5368ms)
✔ Verfolger data, approved assets and explicit B90-B98 production registry (9.9337ms)
✔ action boundaries are 40/35/25 and reservation replaces the lottery exactly once (21.1966ms)
✔ bites apply bleeding once per action and rend applies deadly poison (6.8875ms)
✔ holy actual damage breaks stance; miss, zero damage, other elements and enemy-side damage do not (4.2095ms)
✔ deadly/death poison remain possible at 5% for ordinary potency; element multipliers correct (0.5832ms)
✔ no gold, items, red chest or cards drop at any roll, and escaping is guaranteed (0.9068ms)
✔ all nine floors place one legal individual; old saves stay empty, escape resets, death persists (86.9585ms)
✔ per-floor defeat and achievement survive normalization without affecting other floors (5.3282ms)
✔ warehouse uses the inventory-style ten-entry paged interface (17.6226ms)
✔ opening introduces the guardian and its magic barrier on separate lines (9.0269ms)
✔ normal and crisis tables exclude useless absorption and repeated actions (3.0806ms)
✔ weighted selection covers all normal actions and ordinary enemies keep their table (3.5602ms)
✔ barrier break exhausts and cancels tide; regeneration waits for next player opportunity (2.8515ms)
✔ real rounds give an exposed hit before regeneration for either action order (23.3766ms)
✔ absorption reserves tide on recovery to max only; chip damage interrupts it (2.3003ms)
✔ tide fires, guard reduces damage, and an earlier player hit cancels preselected tide (7.8281ms)
✔ half HP triggers phase two once; charge and greater spell use configured values (2.3927ms)
✔ strike drains ten SP only on real HP damage, with no barrier recovery (10.0706ms)
✔ new battle has no exhausted, phase-two, reservation or previous-action state (3.6776ms)
✔ poison persists while exposed and is cleansed by regeneration and absorption (3.9256ms)
✔ deadly_poison persists while exposed and is cleansed by regeneration and absorption (3.0311ms)
✔ death_poison persists while exposed and is cleansed by regeneration and absorption (3.4804ms)
✔ positive-to-positive recovery, opening, empty poison set and other enemies never cleanse (1.8963ms)
✔ Scorpio can apply death poison to exposed boss; damage ticks and redeployment cleanses it (3.1927ms)
✔ poison blade applies poison through a real attack against exposed HP (4.1274ms)
✔ invalid input does not advance regeneration and skipped enemy preserves tide reservation (4.4255ms)
✔ body sparkle is below the shield and persists without shield; reduced motion is static (2.3674ms)
✔ B18 fixed unlocked event, assets, unique reward and achievement (10.6769ms)
✔ spell damages shield; overflow cannot hit HP; subsequent attack damages HP (19.5322ms)
✔ three thrown hits share shielding and one barrier sound (4.7126ms)
✔ absorption ceilings SP, redeploys, caps and marks full transition; AI uses action (4.2194ms)
✔ escape never marks victory and fresh fight has full barrier (3.0528ms)
✔ five-hit physical action and full misses retain HP; shield does not leak between fights (8.9599ms)
✔ B70F through B79F unlock the four water-region enemies progressively (4.17ms)
✔ water-region formations deepen from piranha groups into the two B78F mixed parties (0.7697ms)
✔ a mixed water-region battle safely retargets when the selected enemy is already defeated (18.8182ms)
✔ Abyss Piranha uses lightning weakness, multi-hit attacks, and normal bleeding resistance (1.1345ms)
✔ Abgrundaal resists lightning, is weak to ice, and carries two action-disable attacks (0.6533ms)
✔ Abgrundkrabbe is the high-defense bleeding-immune enemy and uses existing guard (0.6903ms)
✔ Abyss Giant Catfish is the largest reward enemy and applies action disable or speed down (0.5293ms)
✔ all four water-region enemy image files exist and no placeholder materials are assigned (10.1382ms)
✔ elemental oils cost 500G and unlock together after quest 013 reporting (2.9247ms)
✔ elemental armament cards are exclusive SR cost-four cards with future sale values (5.066ms)
✔ every card follows the fixed rarity cost table (0.324ms)
✔ physical attack element priority is skill, oil, weapon, card, then physical (1.8078ms)
✔ elemental oil lasts for the battle, rejects the same oil, and another oil overwrites it (21.5074ms)
✔ deck UI uses the shared warning effect for elemental conflicts (10.9877ms)
✔ wing gift shop opens at B80, price is 10000 (1.4255ms)
✔ field use subtracts fixed base fifths and rejects fifth use or full SP without consumption (7.5946ms)
✔ normalization and JSON reload retain penalty without compounding (7.7685ms)
✔ battle item consumes one, recovers SP and retains reduced max HP (14.3374ms)
✔ seal snapshots equipped Aries only; no opening damage or resource/charge consumption (15.5287ms)
✔ action weights and pride last three subsequent opportunities with no restacking (5.6355ms)
✔ triple bleeding is one successful after-damage application; misses and barrier absorption exclude it (3.1504ms)
✔ star arrow is reserved, has a fresh command opportunity, and guard reduces its damage (3.7545ms)
✔ Sagittarius preserves immunity and weaknesses while bypassing elemental resistance and DEF (2.3018ms)
✔ Sagittarius applies through real multi-target physical skills and spell actions (5.541ms)
✔ B96 fixed room, neighboring rooms, first victory, old ownership and saved achievement (15.0751ms)
✔ Astronomy is SR cost 4 and enters existing purple chest SR rolls (1.6083ms)
✔ Only equipped Astronomy detects guardians; ownership and former NPC detection do not (5.7687ms)
✔ Gemini retains legacy discovery while Astronomy discovers and follows the active act (1.8059ms)
✔ Virgo points to the active guild objective, then disappears when the dungeon task is done (0.8277ms)
ℹ tests 1668
ℹ suites 0
ℹ pass 1668
ℹ fail 0
ℹ cancelled 0
ℹ skipped 0
ℹ todo 0
ℹ duration_ms 9249.7741
