✔ quest history and adventure record descriptions reserve fixed line counts (11.694ms)
✔ rumor history reserves more lines and scrolls long dialogue (1.424ms)
✔ adventure records summarize values already stored in the save (46.1484ms)
✔ adventure statistics include the original entries and new activity counters (1.7696ms)
✔ play time uses an hour counter that can exceed one day (0.7297ms)
✔ play time stops for hidden tabs and after five minutes without input (0.5901ms)
✔ play time preserves MVP saves and safely resets when the era changes (1.4181ms)
✔ chronicle restores achieved milestones from existing progress flags (2.8589ms)
✔ B1F survey achievement follows quest 003's one-hundred-cell flag (0.8524ms)
✔ reported survey quests rescue all three one-hundred-cell achievements (1.2312ms)
✔ unachieved stable and Otherworldly Wisdom milestones show their hints (1.4035ms)
✔ Mimic and ten-Maikaefer achievements expose their requested hidden hints (1.5873ms)
✔ midgame chronicle includes the seven new boss, floor, and survey achievements (0.9746ms)
✔ deep cold chronicle includes B45F, both ice bosses, B50F, and the second long march (0.9071ms)
✔ new deep-cold achievements conceal their names behind hints until achieved (1.1978ms)
✔ priest recovery achievement keeps its hidden hint until quest 016 is reported (0.9566ms)
✔ jungle achievements follow the requested order and preserve the musk hint (1.1146ms)
✔ the post-Fleischfresser chronicle uses durable progression flags and requested hints (1.6131ms)
✔ the final long march is placed between B100F arrival and the guardian gauntlet (0.9866ms)
✔ legacy Amayenak clears retain the B100F guardian achievement (0.681ms)
✔ the completion achievement is revoked while new item compendium achievement is reserved (2.9716ms)
✔ mobile achievement labels stay on one line with a reduced dedicated font (16.4533ms)
✔ rare-event and long-play achievements use the existing immediate notification path (7.981ms)
✔ Johanna medicine achievement unlocks only after quest 031 is reported (0.8494ms)
✔ new guardian, twelve zodiac kinds and maximum level use independent achievement conditions (3.818ms)
✔ Anastasia's hidden outfit waits for both her assignment and the five-hundred-donation rumor (3.0951ms)
✔ the unlocked outfit and walking-picture suppression apply only on real Sundays (0.427ms)
✔ Anastasia changes back only while the outfit event blackout is opaque (9.3791ms)
✔ maximum SP initializes independent barrier and shared cost permits SP zero (31.2771ms)
✔ magic barrier absorbs complete multi-hit overflow then subsequent attacks hit HP (5.3224ms)
✔ normal barrier consumes one entire attack before magic layer; unequipped overflow stays unchanged (7.7665ms)
✔ persistent changes and loaded saves remove barrier; next battle recreates from current max SP (10.2165ms)
✔ victory removes battle-only magic barrier (2.4617ms)
✔ all skill categories share free cost and normal reductions resume after barrier breaks (2.5826ms)
✔ arrow glint repeats two bounded pulses and is assigned to Zentaurin (2.2064ms)
✔ concealment and reduced motion clear both glint layers (0.5608ms)
✔ Web Audio uses one context with independent cached SE and BGM gain paths (10.2609ms)
✔ auto return routes through an explored normal closed door (3.7551ms)
✔ auto return does not route through locked, boss, or special-room doors (0.6831ms)
✔ persistent auto return rejects duplicate starts and survives a battle input lock (4.1879ms)
✔ manual input interrupts persistent auto return without recreating its spent resource (11.428ms)
✔ 003: 98 cells incomplete, 99 cells reportable while Leo remains sealed (7.7652ms)
✔ 003: old saved progress 99 survives normalization and return without migration (8.7872ms)
✔ 001+002+003: actual kill and exploration progress unlock B2F only after all reports (3.2956ms)
✔ only B1 survey uses 99; B35/B45 remain accessible 100-cell surveys (1.711ms)
✔ new B100F, zone, reserved boss, and ending audio assets are registered (2.6114ms)
✔ zone and B100F final boss BGM selectors use their dedicated tracks (0.9019ms)
✔ B100F warp waits for A, starts warp SE, fades, and applies its destination while dark (0.4467ms)
✔ B100F queen shadow overlay fades after its warning (0.4691ms)
✔ B100F blocks minimap only and keeps the entrance portal canvas-rendered (0.5229ms)
✔ B100F warp and guardian prompts use large overlay imagery and phantom silhouettes (1.0692ms)
✔ B100F guardian progress is per exploration while repeat victories award zero EXP (0.7577ms)
✔ Amayenak receives a dedicated enlarged battle image without consuming the vital area (0.4368ms)
✔ guardian silhouettes remain forced between hit animations (0.4235ms)
✔ nearby dungeon NPC and boss sprites receive a shared proximity enlargement (0.4648ms)
✔ B100F final prelude registers its altar layers and delays battle for two seconds (0.611ms)
✔ B70 red chest exact 50/30/15/5 boundaries yield one item (23.1786ms)
✔ the existing medium strong potion is reused without changing its price or effects (0.5127ms)
✔ 蒼真珠: material limits, description, no use, no shop stock (1.0925ms)
✔ 蒼真珠: lot settlement and partial sale preserve quantities and gold (11.2268ms)
✔ 蒼真珠: inventory overflow uses existing warehouse handling (1.0369ms)
✔ 水晶珊瑚: material limits, description, no use, no shop stock (0.2845ms)
✔ 水晶珊瑚: lot settlement and partial sale preserve quantities and gold (1.609ms)
✔ 水晶珊瑚: inventory overflow uses existing warehouse handling (0.6755ms)
✔ 沈没王国の金貨袋: material limits, description, no use, no shop stock (0.3691ms)
✔ 沈没王国の金貨袋: lot settlement and partial sale preserve quantities and gold (2.5329ms)
✔ 沈没王国の金貨袋: inventory overflow uses existing warehouse handling (0.7345ms)
✔ B70 uses the common 1-3 placement count and avoids stairs, NPCs and feature reservations (1078.9825ms)
✔ neighboring floors keep red placement and original loot; other chest types exclude new valuables (415.1141ms)
✔ B70 saved chests are preserved and opened/old empty cells gain no chests on restore (40.8346ms)
✔ B99F Seelenwuerger uses the requested before/after event art and conditional dialogue (8.3249ms)
✔ B99F creates one trapped gold chest for its red-rust key and a sealed boss room (39.9014ms)
✔ B99F key chest is not recreated after pickup, door unlock, or boss victory (84.3261ms)
✔ B99F key chest restoration can exclude the player's saved cell (20.3493ms)
✔ B99F pre-battle dialogue waits for A, then starts the battle immediately once (1.52ms)
✔ battle HP presentation applies attacks, poison, bleeding and healing without drifting (5.2447ms)
✔ quick-status HP can follow every player presentation event through zero HP (0.743ms)
✔ multi-enemy HP presentation updates only the event target in real time (1.6993ms)
✔ battle speed defaults to the existing fast pace and normalizes all three modes (3.9086ms)
✔ battle speed cycles from fast to normal to slow (0.3331ms)
✔ legacy slow settings migrate to the renamed normal pace (0.3035ms)
✔ fast mode preserves every existing standard presentation delay (0.2897ms)
✔ normal mode preserves the former slow pace at 1.8 times (0.2391ms)
✔ slow mode lengthens presentation and auto-battle pacing by 2.6 times (0.2415ms)
✔ three speeds add distinct readable pauses after dedicated effects (0.2666ms)
✔ battle timing is applied only to presentation and automatic action spacing (14.9335ms)
✔ battle speed uses versioned device-wide settings (12.1125ms)
✔ battle speed control exposes all labels through an accessible touch-sized button (2.7106ms)
✔ battle speed handles touchend once even when the global touch guard suppresses click (3.3949ms)
✔ a declined battle chest disappears without awarding loot (2.8517ms)
✔ an opened battle chest uses the normal trap and loot hooks (0.7607ms)
✔ an adjacent NPC does not overwrite the opened chest reward message (0.5142ms)
✔ boss HP meter reports one of 100 remaining segments (1.7695ms)
✔ B9 strange statue boss data is isolated and balance-adjustable (5.9821ms)
✔ only bosses with dedicated remains content leave a dungeon remnant (0.4515ms)
✔ boss victory persists independently from its future reward (5.8186ms)
✔ B2 lingering ghost is a repeatable undead event boss with experience only (0.3083ms)
✔ B4 otherworldly wisdom is a one-time superboss with Libra reward (0.4297ms)
✔ B19 fallen mage is a one-time magic floor boss with a placeholder reward (0.6724ms)
✔ B29 Iron Maiden is a physical checkpoint boss with a low-HP death bite (0.3392ms)
✔ B39 Wicker Man is a fire checkpoint boss with dedicated event art (0.2838ms)
✔ B49 Eiskoenigin is an ice checkpoint boss stronger than Glacies (0.4279ms)
✔ peacefully resolved Sphinx reuses the pre-battle event image while sleeping (0.5356ms)
✔ B16 Jabberwock is a one-time high-difficulty event boss (0.2506ms)
✔ B9 always creates one sealed 1x3 boss room and one trapped key chest (1333.0952ms)
✔ opened B9 red door stays red and defeated boss never respawns (24.959ms)
✔ B19 creates a reusable 1x3 checkpoint room and leaves remains after victory (106.0635ms)
✔ B29 creates a keyed 1x3 checkpoint room and leaves remains after victory (119.5609ms)
✔ B39 creates a keyed 1x3 checkpoint room and leaves Wicker Man remains (116.7172ms)
✔ B49 creates a keyed 1x3 checkpoint room and leaves Eiskoenigin remains (104.9224ms)
✔ the B9 red rust key is a non-sellable key item (1.2153ms)
✔ B9 through B49 red rust keys share a display name but keep separate IDs (0.4302ms)
✔ B10 stairs up is marked as the transfer portal (46.4709ms)
✔ B20 stairs up is marked as the second transfer portal (30.5053ms)
✔ B30 stairs up is marked as the third transfer portal (44.0394ms)
✔ every tenth floor through B100F contains a transfer portal (203.1164ms)
✔ Brass Bull is a B36F quest event boss with a guaranteed unique material reward (0.5105ms)
✔ Glacies is the B46F quest event boss with a warrior hammer reward (0.2601ms)
✔ Bouncing Coin is the B1F-B4F one-to-three enemy with fixed per-unit rewards (4.514ms)
✔ Bouncing Coin only calls one ally at a time and stops after two reinforcements (31.2787ms)
✔ fixed coin gold counts every defeated initial or summoned unit and ignores living units (0.7788ms)
✔ multi-enemy UI hides HP bars and preserves defeated layout slots invisibly (1.7964ms)
✔ Bouncing Coin multi-hit accuracy averages only one or two hits out of five (0.9727ms)
✔ a multi-battle enemy defeated before its queued turn cannot attack (8.1294ms)
✔ battle presentation skips queued hits after their target has vanished (0.841ms)
✔ Cancer keeps the existing Z identity and exposes the confirmed public and detailed descriptions (7.7074ms)
✔ Cancer raises maximum HP by 25 percent after additive bonuses without healing or duplicate recalculation (19.8166ms)
✔ Cancer maximum HP survives protected save and load without multiplying again (26.5894ms)
✔ Cancer does nothing while unequipped and succeeds below but not at the 30 percent boundary (1.1499ms)
✔ Cancer aggregates a multi-hit enemy action and rolls one 120-damage counter after all three hits (22.9296ms)
✔ Cancer uses HP loss after barrier absorption and does not count barrier damage (18.1824ms)
✔ Cancer excludes zero damage, player death, damage-over-time, traps, self damage, reflection, and counters (0.6443ms)
✔ Cancer keeps the recorded loss when the player is healed during the same action (0.4657ms)
✔ Cancer supports attack spells and never applies critical, defense, resistance, or player damage multipliers (0.4427ms)
✔ Cancer never answers player attacks or other non-enemy attack sources (0.754ms)
✔ Cancer counters each enemy action against its original attacker in multi-enemy battles (10.2758ms)
✔ Cancer counter can defeat a normal enemy or boss and boss rewards retain duplicate protection (12.0824ms)
✔ Cancer counter is a fixed presentation event and cannot recursively trigger hit effects (0.3108ms)
✔ card gallery lists only owned production cards (3.0878ms)
✔ card gallery rarity filter keeps owned cards of the selected rarity (0.6785ms)
✔ B90F cat gold chests map every job to one unique unenhanced weapon (7.7083ms)
✔ cat weapon special descriptions stay in details but are omitted from the compact status row (0.5562ms)
✔ B90F to B98F use the five-percent boundary without affecting B50F gold chests (268.1904ms)
✔ cat weapons are detected in equipment, inventory, warehouse, and the loot bag (2.3761ms)
✔ cat weapons remain unique and unenhanced through loot settlement and save normalization (6.5226ms)
✔ cat weapon bonuses and active effects disappear when the weapon is unequipped (36.3579ms)
✔ B90F ordinary black chests retain the existing generic fallback (0.8687ms)
✔ Katzbalger is a one-handed DEF-piercing HP weapon and repeats only low-HP normal attacks (21.434ms)
✔ Katzendolch performs four independent half-power hits with capped critical and penetration (2.6555ms)
✔ Katzenkolben is one-handed, boosts miracles, and heals once after a landed normal command (22.7348ms)
✔ Katzenstab applies spell power and multiplicative-before-fixed SP reduction in field and battle paths (4.2605ms)
✔ Cat Whim recasts below thirty percent, stops at the boundary, and never charges extra SP (7.1194ms)
✔ Gemini duplicates every target attack before Cat Whim without recursive copies (6.0451ms)
✔ Cat Whim excludes support, healing, charge, and ultimate actions (11.5665ms)
✔ Cat Whim repeats all-target attack spells against only living enemies and stops after a wipe (7.2516ms)
✔ temple renaming changes only the name and fixed fee (10.2385ms)
✔ temple renaming rejects insufficient gold and empty names without charging (1.0163ms)
✔ character names retain the registration trim and twelve-character limit (0.2574ms)
✔ a renamed character keeps its name through save serialization and normalization (6.0595ms)
✔ rename cancellation precedes the rename callback and successful UI refreshes are wired (16.9776ms)
✔ only B40F to B49F are damaging cold floors (2.0285ms)
✔ cold floors deal one step damage and use the shared nonlethal path (25.555ms)
✔ coldproof boots negate cold floor damage and hide their ice resistance (2.5588ms)
✔ cold area uses a dedicated blue mist palette (3.7206ms)
✔ Golden Beetle increases battle experience by 25 percent (12.3765ms)
✔ Maikaefer usually escapes and leaves no battle reward (14.4317ms)
✔ Maikaefer escape resolves before NPC opening support (4.2383ms)
✔ all classes have 24 stat points and 45 HP+SP (0.3558ms)
✔ registration jobs use the intended order and localized labels (1.6529ms)
✔ initial equipment matches every class profile (2.2941ms)
✔ early enemies use the MVP difficulty profile (0.741ms)
✔ B2F adds rabbit, undead and poison slime encounters (0.6164ms)
✔ B50F to B59F encounter Abyss Tiger, Abyss Panther, and Abyss Mushroom (2.4966ms)
✔ B60F to B69F encounter the three desert enemies and only Abyss Lizards form groups (2.7814ms)
✔ poison slime sometimes selects an attack that can inflict poison (0.5073ms)
✔ enemy action tables select weighted spells and multi-hit attacks (0.6814ms)
✔ all initial classes can damage the adjusted cave slime (3.2778ms)
✔ the oak staff alone uses 0.75 INT and ignores defense (0.6212ms)
✔ future staves do not inherit the oak staff rescue attack (0.2285ms)
✔ Wisdom to Power adds half INT to normal attacks except with the oak staff (0.5753ms)
✔ equipment bonuses are included in combat stats (0.6106ms)
✔ detail status derives current character percentages (0.8704ms)
✔ detail status attack power includes weapon and equipment stats (0.3739ms)
✔ detail status includes the dagger DEX damage contribution (0.4449ms)
✔ collected main stats are capped at 30 (0.2969ms)
✔ DEF is capped independently at 60 (0.539ms)
✔ fixed RNG reproduces physical attack results (0.4391ms)
✔ miss deals zero and a landed hit deals at least one (0.3553ms)
✔ combatants can define a lower physical hit floor and an evasion bonus (0.2469ms)
✔ critical is 1.5x normal with minimum two (0.2235ms)
✔ dagger normal attack, quick strike and poison blade are two hits (0.4627ms)
✔ dagger attacks add one quarter of DEX to attack power (0.2026ms)
✔ dagger battle round exposes two separate hit presentation events (13.6689ms)
✔ healing skill exposes a green-number presentation event (3.5118ms)
✔ Holy Strike ignores defense and uses the combined STR and INT holy formula (0.3475ms)
✔ Guardian Prayer grants five DEF for the full battle and cannot stack (0.1636ms)
✔ Triage is a level-ten battle-only miracle that always acts before ordinary enemy actions (0.7908ms)
✔ poison blade resolves poison once on the first landed hit (0.6116ms)
✔ defense penetration is capped at 75 percent (0.2007ms)
✔ fireball is unavoidable, immunity is zero and weakness is 1.5x (7.8115ms)
✔ Ice, Pierce uses explicit self and enemy turn-order wording (0.1951ms)
✔ the three basic elemental spells use their revised costs and Lightning, Pierce unlocks at level 8 (0.1801ms)
✔ magic damage reduction lowers final spell damage without changing status resistance (0.2833ms)
✔ three Magic Barrier cards combine with deep equipment up to the 75 percent cap (0.4602ms)
✔ the complete anti-magic armor set grants a hidden ten-percent bonus and still respects the cap (0.365ms)
✔ negative ability cards cost one and cannot lower STR or AGI below one (0.3167ms)
✔ Elemental Spell Resistance and Scorching Resistance reduce only their intended spell damage (0.5126ms)
✔ elemental staves amplify matching magic and increase opposite incoming damage (2.0935ms)
✔ Magic Resistance affects non-elemental spells only (0.2603ms)
✔ SP Saver reduces skill costs to a minimum of one (0.2153ms)
✔ all implemented enemies and bosses expose internal reference levels (1.4397ms)
✔ healing uses no RNG and cannot overheal (0.1779ms)
✔ Sylvan Emera multiplies DEF and healing miracles by 1.5 (0.2905ms)
✔ Grain Choker healing bonus multiplies with Sylvan Emera (0.1801ms)
✔ Comet Booster grants Fall the Meteor only while equipped (3.2675ms)
✔ ice immunity does not prevent ice bind status roll (0.2328ms)
✔ immune status always fails (0.1475ms)
✔ environment saves expose the configured success effect (0.2671ms)
✔ instant death is capped at 50 percent and immunity is zero (0.2669ms)
✔ surprise chance is reduced by LUC and never below zero (0.2149ms)
✔ normal enemy surprise is capped at 30 percent and resistance at 15 percent (0.1484ms)
✔ surprise saving throw uses the final reduced rate (0.2111ms)
✔ zero torch fuel can force an ambush regardless of normal resistance (0.124ms)
✔ enemy ambush grants exactly one enemy opening action (4.0121ms)
✔ escape uses the enemy escape rate with injectable RNG (0.2581ms)
✔ poison damages at target action end and never expires naturally (0.4952ms)
✔ poison damage stops at one HP (4.6103ms)
✔ deadly poison deals five percent per action lethally and per step nonlethally (0.9244ms)
✔ death poison deals ten percent lethally and is cleared after battle (4.1812ms)
✔ Todes Scorpio is the level 85 B64 optional superboss that inflicts death poison (0.2829ms)
✔ Deadly Poison Immunity is a unique legendary card with full resistance (0.1627ms)
✔ same status refreshes instead of stacking (0.1853ms)
✔ action skip consumes one opportunity and is removed (0.2008ms)
✔ electrified skips the next action and uses LUC plus action-disable resistance (0.2914ms)
✔ turn order uses AGI, speed modifier and raw AGI tie-break (0.2186ms)
✔ illusion changes the physical hit floor to 50 percent (0.1668ms)
✔ initial character receives class vitals and starting skills (0.2807ms)
✔ every initial skill has a display description of up to three lines (0.7911ms)
✔ legacy characters migrate to their class vitals and skills (0.8901ms)
✔ Magic Wall blocks three weak physical actions but not a strong hit (9.848ms)
✔ Magic Wall blocks the rat, rabbit, slime and lingering ghost normal attacks (12.382ms)
✔ existing mage saves receive Magic Wall as a starting skill (0.8822ms)
✔ Magic Wall expires when battle-only statuses are cleared (0.1661ms)
✔ inn recovery restores HP and SP to maximum (0.313ms)
✔ legacy poison turn counters are removed when character data is normalized (0.9379ms)
✔ temple revival restores one HP and preserves death-time SP (0.1973ms)
✔ dungeon defeat loses carried experience unless it is protected (0.2119ms)
✔ growth curve reaches the formal level 197 HP and SP caps (0.3228ms)
✔ HP and SP growth is front-loaded without changing endpoints or job identities (17.7194ms)
✔ deck cost starts at three and rises only at prime-numbered levels (1.0192ms)
✔ new characters have an empty six-slot card deck ready for future cards (0.5024ms)
✔ card deck normalization rejects unknown, unowned, duplicate and over-cost cards (0.5969ms)
✔ inn deck editing equips and removes owned cards without exceeding cost (1.5392ms)
✔ common event cards share inventory with future drops and apply deck bonuses (1.9078ms)
✔ the three initial common cards use the Excel effect values (0.2236ms)
✔ Dexterity Lesson is a stackable cost-one C card with DEX plus one (0.2358ms)
✔ Alertness is a stackable cost-one C card with two percent surprise resistance (3.1114ms)
✔ common HP and SP cards stack up to six copies and raise maximum vitals (7.9306ms)
✔ main card registry contains every rarity and all twelve zodiac cards (0.4924ms)
✔ Aries stores the complete opening-strike contract (0.2232ms)
✔ Aries prevents an enemy ambush and preserves the player's command phase (4.9091ms)
✔ Aries makes every hit of the first attack unavoidable and then expires (5.7486ms)
✔ Aries keeps its opening attack after guard and defeats Maikaefer before escape (6.3162ms)
✔ Aries doubles the first attack spell without affecting later spells (8.1489ms)
✔ Capricorn gains one long-battle stage every five turns up to three (0.3117ms)
✔ Capricorn raises dealt damage and reduces received damage in a long battle (7.8818ms)
✔ Libra grants thirty percent offense and defense only against bosses or higher-level enemies (11.0044ms)
✔ Ability Boost grants five to every ability and rejects a fourth deck copy (2.3548ms)
✔ Ability Boost Plus grants ten to every ability and rejects a fourth deck copy (2.5211ms)
✔ three Ability Boost cards and three Plus cards coexist, survive normalization, and respect the stat cap (5.0414ms)
✔ Resistance Spirit stacks to sixty percent across three R cards (0.3299ms)
✔ Floor Detection is a unique SR exploration card and Defense Up uses the shield icon (0.2004ms)
✔ early detection cards are unique C cards with individual minimap effects (0.2253ms)
✔ Search and Destroy is a unique R card with guaranteed thrown-item accuracy (0.2487ms)
✔ Vorpal Sword raises normal encounter escape rate to 85 percent without affecting bosses (0.2027ms)
✔ First Aid is an R card with thirty percent bleeding resistance (0.1453ms)
✔ legendary vitality cards allow max HP and SP to exceed four digits (7.7904ms)
✔ a landed Vorpal Sword normal attack executes only Jabberwock (7.8074ms)
✔ Indomitable Spirit is a six-copy SR card with HP and defense bonuses (0.2407ms)
✔ black-chest R cards cost two and allow six copies (0.3178ms)
✔ Defense Up is a six-copy R card with three defense (0.2056ms)
✔ Goddess's Grace is a unique cost-one C card that preserves defeat experience (0.8898ms)
✔ battle rewards are carried and settled into consecutive inn level-ups (0.562ms)
✔ one inn settlement can gain several levels and stops at level 197 (1.7791ms)
✔ healing prayer can restore HP and consume SP outside battle (0.6397ms)
✔ field skills reject battle-only actions and full-HP healing (0.574ms)
✔ Triage resolves before NPC charge skills and uses its explicit healing message (6.4441ms)
✔ Die Triage unlocks at level 40 and resolves before NPC charge skills (4.0049ms)
✔ priests learn Antidote at level 3 and Exorcism at level 5 (1.2388ms)
✔ Antidote cures poison for 3 SP without restoring HP (1.0718ms)
✔ Die Antidote is learned at level 25 and cures poison plus deadly poison for 5 SP (1.1913ms)
✔ the three jobs learn their new dungeon skills at the intended levels (2.0447ms)
✔ mages learn Wisdom to Power at level 25 and cannot activate the passive manually (1.0631ms)
✔ Staff Light restores fifty torch points and Conceal Presence cannot stack (2.1417ms)
✔ Survival Instinct cures poison nonlethally in the field and battle (3.4361ms)
✔ Exorcism banishes only non-boss undead for 5 SP and grants no experience (8.8598ms)
✔ defeat presentation is skipped only when a future recovery resolver restores HP (0.3355ms)
✔ warriors and thieves learn their normal-attack instant-death passives at level 38 (2.1671ms)
✔ passive instant death reaches fifteen percent only with the intended extreme stats (0.3526ms)
✔ Mana Amplifier boosts attack spells and Master's Necklace raises passives only to twenty percent (0.2614ms)
✔ Poison Mask contributes equal poison and deadly-poison application resistance (0.3325ms)
✔ The Five Star attacks five times and Musashi Blade is a two-handed two-hit warrior weapon (0.2496ms)
✔ Glacies Hammer is a warrior-only ice two-handed weapon (0.1328ms)
✔ midgame class skills unlock at levels 22 to 34 with intended costs (6.834ms)
✔ action seal forces normal enemy attacks for three turns and bosses for one (0.6119ms)
✔ greater healing scales with max HP and full INT while magic focus is a one-use multiplier (0.2599ms)
✔ a successful Flash Slash ends remaining hits and requests the shared slash effect (4.6066ms)
✔ B50F black-chest weapons retain their job roles through plus three (0.2546ms)
✔ basic spells scale with INT 1.5 and spend revised SP in real rounds (9.056ms)
✔ compendium records encounters, defeats, counts, and discovered drops (3.4151ms)
✔ equipment compendium uses the base equipment id independently of enhancement (0.5516ms)
✔ legacy saves backfill held collectibles and existing boss victory flags (8.2329ms)
✔ compendium normalization discards unknown ids without losing known progress (0.3124ms)
✔ main game connects battle encounters, victories, drops, and saves to the compendium (13.5711ms)
✔ only B80F through B89F drain SP through the crystal floor (2.0194ms)
✔ the crystal floor drains one SP every third successful step (4.3039ms)
✔ crystal SP drain never goes below zero and resets outside the region (0.2523ms)
✔ legacy saves receive a safe crystal step counter (4.8953ms)
✔ crystal SP damage is presented beside the SP value (13.2926ms)
✔ B80F through B89F use progressive crystal-region formations (17.8088ms)
✔ crystal enemies divide weaknesses, defenses, statuses, rewards, and SP drain (1.5263ms)
✔ crystal multi-hit ranges and SP drain use the shared battle engine safely (21.6562ms)
✔ B89F Creeping Chaos is summoned with the Trapezohedron and gates B90F (0.6803ms)
✔ available crystal monster and boss images exist at their declared paths (82.3642ms)
✔ B80F shop unlocks exactly one unenhanced final armor set for each job (14.3765ms)
✔ final armor enhancements preserve job identity through plus three (0.3869ms)
✔ B80F to B89F red chests cycle final armor with 70/25/5 enhancements (0.9852ms)
✔ B80F black chests use four crystal-breaking weapons and B88F is job-fixed (0.9213ms)
✔ crystal weapons retain job mechanics while all deal blunt-type physical damage (0.4277ms)
✔ B80F to B89F place red chests and keep the B89F boss floor free of black chests (224.878ms)
✔ boss and mimic battles conceal enemies when the torch is empty (9.8765ms)
✔ concealed enemies retain a blue-white glowing silhouette in darkness (3.3024ms)
✔ 暗黒区域の4体はB90F～B99Fだけで通常抽選される (3.1504ms)
✔ 暗黒区域の編成は指定された1～3体構成を返す (1.3592ms)
✔ 各敵は通常・中頻度特殊・条件付き低頻度特殊の3行動を持つ (3.0411ms)
✔ 区域内の強さと経験値は★1から★4の順に段階化される (0.3258ms)
✔ 暗黒区域の状態効果と画像参照は既存処理で利用できる (121.9615ms)
✔ new characters see the deck tutorial while legacy recipients do not repeat it (14.2406ms)
✔ deck tutorial isolates and highlights the inn deck command (0.8848ms)
✔ lucky charm acquisition starts one locked three-second tutorial (0.6217ms)
✔ B60F through B99F normal enemies use the requested HP and spawn at full health (5.1739ms)
✔ the HP adjustment leaves every other field of the fifteen enemy definitions unchanged (2.2705ms)
✔ B30F through B59F normal-enemy HP remains unchanged (1.3593ms)
✔ boss, fixed-enemy, obstacle, and B100F HP remains unchanged (0.3475ms)
✔ deep-region formations keep their single, grouped, and mixed encounter shapes (1.9885ms)
✔ monster compendium reports the adjusted HP after a defeat is recorded (61.5409ms)
✔ legacy character normalization is unaffected by enemy HP data changes (7.6087ms)
✔ deep normal-enemy pacing uses attainable level, gear, cards, and NPC growth by region (57.1465ms)
✔ all four jobs clear every representative party battle within the pacing average (0.3464ms)
✔ the same seeded matrix records solo action counts as a non-balancing reference (0.2558ms)
✔ Lightning Armament uses a registered elemental sword icon (1.4604ms)
✔ Jirene rematch and victory presentation use the requested assets and copy (0.6186ms)
✔ quest 028 reporting unlocks the B80 transfer portal (1.5019ms)
✔ Mana Booster and DEF overcap presentation are visible (0.3656ms)
✔ normal, red and purple dungeon doors load their dedicated WebP textures (11.3242ms)
✔ door images keep generated Canvas textures as a load-failure fallback (3.21ms)
✔ feature reservations protect footprints and their interaction approaches (1.9914ms)
✔ failed placement transactions restore every changed cell (2.2112ms)
✔ generation order keeps mandatory boss rooms ahead of optional features (0.6142ms)
✔ post-generation validation protects future feature approaches (253.3083ms)
✔ sealed save cells are distinguished from rooms with an operable door (45.9024ms)
✔ B3F restores generated unopened red chests at their saved positions (65.2247ms)
✔ B10F restores generated unopened red chests at their saved positions (52.4902ms)
✔ B40F restores generated unopened red chests at their saved positions (42.4324ms)
✔ B80F restores generated unopened red chests at their saved positions (54.6012ms)
✔ opened chests remain absent while other saved treasure kinds keep their existing rules (0.3894ms)
✔ the three combat jobs learn only their own level 12 multi-target skill (19.0119ms)
✔ old level 12 saves are normalized with the new skill and level-up reports it (5.5103ms)
✔ level 12 skill definitions keep their requested combat values (1.4228ms)
✔ physical sweeps use one hit, inherit weapon power and element, and exclude attack-only effects (0.7057ms)
✔ wide swing and blade dance strike each living enemy once without passive executions (42.9784ms)
✔ flame sweep hits every living enemy and applies fire affinity per target (5.1212ms)
✔ multi-target skills reject insufficient SP and a party defeat keeps one reward per enemy (5.6659ms)
✔ Survival Instinct cures only poison and costs one quarter max HP without killing (3.9899ms)
✔ Full Sprint unlocks only for level 20 warriors and old saves receive it (3.6729ms)
✔ Full Sprint consumes 30 SP only after dungeon auto-return eligibility succeeds (1.7463ms)
✔ export/import retains target anchoring, image assets and all audio settings (8.9342ms)
✔ every positional part follows a moving target and old parts remain screen anchored (3.7723ms)
✔ target coordinates follow the selected party image including CSS scale and motion (0.6126ms)
✔ damage and healing placeholders resolve without losing target or audio data (0.5262ms)
✔ audio offsets, fades, loop and speed use one timeline and pause releases sources (1.0835ms)
✔ stopping while assets prepare settles playback instead of leaving the battle waiting (0.8888ms)
✔ ice orbit rotation is animated, reversible and backward compatible (1.8941ms)
✔ editor can preview empty cutin slots while runtime and invalid images remain strict (1.4316ms)
✔ messages seek deterministically, clear in gaps and preserve multiline text (0.9366ms)
✔ magic circle image survives JSON and draws with its dimensions; new popup defaults to k8x12 (1.0645ms)
✔ lot bag cracker JSON remains compatible with the generic effect schema (18.8594ms)
✔ fire ball uses its data-driven depth orb timeline and runtime damage popup (13.7303ms)
✔ the shared battle effect schema retains every generator-only presentation part (0.6846ms)
✔ lot bag identification is skipped only when all carried loot is already known (0.3906ms)
✔ lot bag highlights SR-or-higher cards and equipment enhanced to plus three or more (0.3141ms)
✔ special unique weapons use the orange lot-bag highlight ahead of plus-three yellow (0.3143ms)
✔ inventory, equipment selection, status, and lot bag share equipment highlight priority (0.252ms)
✔ lightning spells share the requested temporary enemy-following timeline (5.0461ms)
✔ fire export preserves its screen trajectory, enemy impact and 100ms SE (2.3112ms)
✔ ice spell uses one enemy-relative orbit with screen damage and the requested cutoff (3.2446ms)
✔ meteor export keeps all 116 parts and resolves damage through the equipment skill registration (34.1033ms)
✔ Eiskrabbe has the requested optional B47 superboss data and existing image (12.1637ms)
✔ B47 fixed room contains Eiskrabbe and no random purple chest (55.8457ms)
✔ Eiskrabbe weighted actions use 40/35/25 and a stance reserves the next great pincer (19.6932ms)
✔ an unbroken reservation executes the great pincer once and then clears (9.5737ms)
✔ a faster fire spell cancels the already selected great pincer into a wait (4.592ms)
✔ Flame Armament breaks the stance once even on a four-hit physical attack (6.1765ms)
✔ fire oil application alone does not break the stance, but the following physical hit does (6.2365ms)
✔ misses and non-fire elements do not clear a reserved attack (0.4358ms)
✔ fresh retries reset HP and stance, while first-victory reward and flag are idempotent (5.7322ms)
✔ victory unlocks the Eiskrabbe achievement and event-boss compendium entry (46.7302ms)
✔ escape remains retryable and the normal boss gate blocks defeated re-entry (10.4326ms)
✔ elemental barriers are expensive one-battle consumables behind independent shop flags (2.8669ms)
✔ using an elemental barrier consumes one item and rejects duplicate use (24.4143ms)
✔ fire and ice reductions affect physical and spell damage and cap at 75 percent (1.2103ms)
✔ empty normal pools explicitly fall back to the rat and never to a roaming boss (6.7916ms)
✔ real main encounter selection connects B89 to crystal formations and preserves rare encounters (12.2828ms)
✔ 編成条件でB1Fを単独、B2F以降を混成にできる (4.0564ms)
✔ 特定階・除外階・進行フラグを編成ごとに併用できる (0.4654ms)
✔ 条件適合後の編成は設定した重みで抽選される (0.3637ms)
✔ ending audio waits for decoding, follows the real audio clock, fades and cleans up (10.2028ms)
✔ blocked audio times out and late loading never starts a ghost BGM (23.1227ms)
✔ old characters default to no ending, medal, or blessing without losing regalia (14.7968ms)
✔ story commits the return and unique medal once and leaves credits pending (5.1328ms)
✔ completed ending survives normalization and credits completion without duplicate rewards (7.6855ms)
✔ resume chooses restoration, automatic arrival, then credits only (1.1204ms)
✔ Queen's Blessing has the correct scope at B1F (1.711ms)
✔ Queen's Blessing has the correct scope at B9F (1.3856ms)
✔ Queen's Blessing has the correct scope at B10F (1.0471ms)
✔ Queen's Blessing has the correct scope at B50F (0.799ms)
✔ Queen's Blessing has the correct scope at B99F (1.4663ms)
✔ Queen's Blessing has the correct scope at B100F (0.7937ms)
✔ Queen's Blessing has the correct scope at B101F (1.0836ms)
✔ Queen's Blessing has the correct scope at B200F (2.407ms)
✔ town and B100 block regalia while torch and minimap blocking remain renderer responsibilities (0.7828ms)
✔ assets exist, epilogue is ordered and ending collaborators precede production (2.2998ms)
✔ roll timing reserves the medal pause, stationary final image, and final five-second fade (0.4668ms)
✔ confetti reuses the cracker renderer for three inward bursts before a five-second hold (0.7878ms)
✔ arrival uses the normal main viewport and its ordinary message area (2.1173ms)
✔ main bridges real victory to automatic entrance, common return settlement, and story autosave (2.7899ms)
✔ configured bosses retain their ambient effect through combat cloning (6.5927ms)
✔ water splash moves over time and stays static with reduced motion (2.4967ms)
✔ PC supports 60/30; phones and tablets cap even a 60fps setting at 30 (0.3367ms)
✔ contain geometry follows actual sprite at PC/mobile widths, including party borders (0.6841ms)
✔ ordinary/unknown/dead enemies allocate neither canvas nor animation/listeners (1.1967ms)
✔ multiple targets and repeated sync share exactly one RAF and two layers per enemy (3.1883ms)
✔ tentacle deformation uses the sprite bounds and toggles its host presentation class (0.5483ms)
✔ 60/30 caps work on 60/120Hz RAF without slowing real-time animation (3.6002ms)
✔ 30fps switches live, lowers backing resolution and preserves time (0.8283ms)
✔ hidden document or scene stops all updates; reopening resets scheduling (0.8611ms)
✔ death removes only that target immediately; vanish flags cannot resurrect fire (0.5785ms)
✔ unloaded images wait for load and detached enemies release their scheduler (1.8518ms)
✔ repeated end/restart cycles do not leave RAF, canvases or image listeners (0.6629ms)
✔ reduced-motion draws a static glow once without a permanent loop (0.2321ms)
✔ actual painter halves sparks at 30fps and keeps identical time-based tongue positions (1.7122ms)
✔ tentacle painter deforms only its two clipped regions and stays static for reduced motion (1.6408ms)
✔ battle integration tears down before vanish and close; normal render uses presentation HP (22.9476ms)
✔ enemy battle display uses four reusable size categories (4.2247ms)
✔ ordinary enemies default to small and combatants retain explicit sizes (1.1176ms)
✔ representative bosses use the intended large image categories (1.1848ms)
✔ new enemies follow the B3F to B5F encounter progression (2.4401ms)
✔ mimic is excluded from random encounters and uses the black chest reward profile (2.8294ms)
✔ Maikaefer is a 1.5 percent all-floor rare encounter with floor-scaled experience (0.696ms)
✔ Maikaefer is frail, evasive, poison-proof, and highly resistant to action lock (0.4452ms)
✔ viper and vampire bat materials are sell-only drops and bouncing coin carries 20G (0.5525ms)
✔ viper has poison and vampire bat reserves its future drain attack id (0.2519ms)
✔ the legacy mid-depth enemies give way to the torture-region pool on B20F (0.4ms)
✔ B11F to B20F enemies carry their intended attacks, rewards and materials (0.4056ms)
✔ B30F to B39F fire enemies unlock progressively and replace the previous pool (0.5011ms)
✔ B30F to B39F enemies use fire and heavy attacks with balanced rewards (0.4719ms)
✔ B40F to B49F ice enemies unlock progressively and use their intended attacks (0.5119ms)
✔ vanish effect catalog is generator-compatible and contains every fallback (1.6517ms)
✔ enemy-specific vanish effect takes priority over race and boss defaults (0.4038ms)
✔ unknown individual effect safely falls back to category and default (0.2757ms)
✔ each defeated enemy receives an independent visual playback record without reward state (1.7707ms)
✔ boss timeline can combine shake flash aura shatter and fade (0.3247ms)
✔ completed vanish playback keeps the defeated image hidden until the next battle reset (14.6656ms)
✔ instant-death slash hands its hidden image directly to vanish playback (1.4302ms)
✔ entrance cursor reaches all six slots and wraps within rows (3.4119ms)
✔ B delegates to the game menu without leaving the entrance (3.5197ms)
✔ blank slots do nothing on confirm; explicit return still returns to town (5.8143ms)
✔ depth return bonus uses integer floor division for specified examples (2.1196ms)
✔ Goddess's Grace disables only the depth bonus when equipped (1.3339ms)
✔ settlement breakdown distinguishes normal bonus from Goddess suppression (37.1899ms)
✔ Johanna bonus adds ten percent of base experience with floor rounding (0.4656ms)
✔ Johanna bonus is independent of Deep Floor Proof and Goddess protection (5.6079ms)
✔ unlocking Johanna bonus after return updates pending settlement and settles once (2.6632ms)
✔ owning Goddess's Grace does not disable the bonus unless it is in the deck (1.104ms)
✔ Deep Floor Proof adds ten points unless Goddess protection suppresses the depth bonus (1.8457ms)
✔ Deep Floor Proof bonus remains fixed through normalization and later deck changes (7.718ms)
✔ Deep Floor Proof settlement survives the protected save and load path (17.1531ms)
✔ Johanna bonus is restored without duplication through save normalization (13.1148ms)
✔ Goddess's Grace settlement effect is locked when returning from the dungeon (2.3624ms)
✔ return floor survives save normalization and is settled exactly once at the inn (1.6308ms)
✔ stable lodging settles experience but only restores thirty percent of HP and SP (0.9961ms)
✔ normal lodging restores HP and SP without curing poison (0.4402ms)
✔ temple treatment costs level times two and cures persistent ailments without changing HP or SP (0.8793ms)
✔ tent backgrounds switch at all local-hour boundaries (2.7191ms)
✔ 0, 1, 5, 6 and 10 fixtures paginate and wrap without invalid selection (0.6641ms)
✔ second touch opens details, cancelled touch selection is reset by navigation (0.3213ms)
✔ fixtures include identical content with different signatures and long names (0.2763ms)
✔ debug gate starts off and only notifies UI subscribers (1.4358ms)
✔ locked entrance preview buttons are skipped and cannot open a preview (1.7968ms)
✔ save-facing town state maps preview back to entrance without persisting fixtures (1.4865ms)
✔ layout-mobile: native taps select twice, explicit actions execute once (16.8299ms)
✔ layout-tablet: native taps select twice, explicit actions execute once (6.0364ms)
✔ appraisal touch sequence saves only after final confirmation and then opens registered detail (4.0477ms)
✔ duplicate appraisal can be cancelled without consumption even with ten registered maps (4.7321ms)
✔ failed UI appraisal keeps unidentified map and reports failure rather than success (2.7959ms)
✔ touch guard still protects the game surface and preserves existing command exemptions (5.3096ms)
✔ keyboard/gamepad action routing retains paging and detail return position (10.1189ms)
✔ exploration confirms registered selection, routes runtime input and disposes on return (9.2196ms)
✔ appraisal, registration and management actions need only one tap (7.0235ms)
✔ signature gamepad navigates input, register, back without losing typed signature (2.2711ms)
✔ management delete confirmation clamps six maps to first page and save failure retains map (6.0845ms)
✔ share display/import uses original discoverer and duplicate keeps ten slots (12.4198ms)
✔ clipboard failure retains visible selectable code and reports a manual-copy fallback (5.2616ms)
✔ paste success: never auto-registers and keeps manual input usable (3.0427ms)
✔ paste denied: never auto-registers and keeps manual input usable (2.5319ms)
✔ paste unavailable: never auto-registers and keeps manual input usable (2.4637ms)
✔ late clipboard response cannot replace input on another screen (3.134ms)
✔ B100F loads the mapper JSON as a terminal fixed floor (13.8776ms)
✔ B100F converts bottom-left mapper coordinates and warp targets (2.605ms)
✔ B100F warp portals wait for confirmation and apply every configured arrival direction (13.3026ms)
✔ B100F return portals always face west and missing facing preserves the prior direction (18.2158ms)
✔ B100F queen shadows carry the final warnings and fade after confirmation (0.8297ms)
✔ B100F begins with all ten unique checkpoint bosses and no final boss (3.3171ms)
✔ B100F unlocks Erzdaemonin only after all ten rematch flags (3.8791ms)
✔ persistent first-victory flags do not prevent guardian phantoms from returning on a new exploration (1.5698ms)
✔ B100F resumes with Amayenak after Erzdaemonin is defeated (1.5892ms)
✔ Erzdaemonin starts through the five-page altar prelude and layered portraits (1.4384ms)
✔ B100F boss definitions form the final two-stage battle (0.4173ms)
✔ floors before B100F retain one downward staircase (50.4819ms)
✔ B95F reserves the Lichtbringer pickup for request 033's event room (2.6781ms)
✔ B99F Soul Strangler has all three specials and Lichtbringer weakens it (10.7962ms)
✔ the Trapezohedron is a consumable important item reserved for B89F summoning (0.454ms)
✔ accepting request 030 grants the Trapezohedron once (5.1584ms)
✔ Lichtbringer restores normal torch behavior instead of permanent illumination (6.9465ms)
✔ only B30F to B39F are damaging fire floors (1.4844ms)
✔ fire floors deal one step damage unless fireproof boots are equipped (9.5175ms)
✔ fireproof boots secretly reduce fire damage while displaying only floor immunity (17.2885ms)
✔ only new characters are eligible for the first dungeon tutorial (8.6753ms)
✔ the tutorial exposes the minimap and torch meter through labeled windows (0.7323ms)
✔ the first dungeon tutorial locks input and enables confirmation after three seconds (0.76ms)
✔ Fleischfresserknospe has the requested event-boss data and artwork (8.2871ms)
✔ Fleischfresserknospe actions use 40/25/20/15 weights and reserve predation (3.4098ms)
✔ the bleed roll is per action and life drain is based on actual HP loss (0.6238ms)
✔ life drain integration heals only the HP actually removed from its target (21.0587ms)
✔ Knospe stance requires a landed fire attack that removes HP (3.7152ms)
✔ the reserved predation waits for the player's response even when the boss is faster (10.6824ms)
✔ existing Eiskrabbe still breaks on a landed fire hit even when damage is zero (0.6911ms)
✔ both herbicides deal 500 fixed damage to Knospe and refresh five turns (11.3813ms)
✔ legacy herbicide target ids remain usable even without the new data trait (0.8693ms)
✔ herbicide descriptions cover both flesh-eating plant bosses (0.7873ms)
✔ touch control AUTO follows coarse touch capability while ON and OFF override it (1.6588ms)
✔ floating stick applies its dead zone, radius cap, and circular diagonal normalization (1.5023ms)
✔ floating touch UI is available across town, dungeon, battle, and menus (18.507ms)
✔ only B90F to B99F force the torch gauge to zero (1.7165ms)
✔ all themed dungeon areas use their fixed wall and floor colors (5.866ms)
✔ all themed dungeon areas load their dedicated WebP wall textures and mist (17.3883ms)
✔ Lichtbringer changes only B90F to B99F to the light theme (0.5035ms)
✔ the named dungeon zones cover B1F through B100F exactly (3.6027ms)
✔ floor transition overlay renders the zone name beneath the floor number in a smaller font (8.8842ms)
✔ entering through a transfer portal also shows the destination floor and zone (10.8677ms)
✔ Follow-Up Plus definition, shared icon, cost and ownership/deck limits (15.1206ms)
✔ Follow-Up 10: warrior attack applies one combined event (23.6988ms)
✔ Follow-Up 10: warrior wide_swing applies one combined event (6.2946ms)
✔ Follow-Up 10: mage fireball applies one combined event (6.7882ms)
✔ Follow-Up 50: warrior attack applies one combined event (6.5397ms)
✔ Follow-Up 50: warrior wide_swing applies one combined event (4.275ms)
✔ Follow-Up 50: mage fireball applies one combined event (4.0103ms)
✔ Follow-Up 60: warrior attack applies one combined event (6.1232ms)
✔ Follow-Up 60: warrior wide_swing applies one combined event (12.637ms)
✔ Follow-Up 60: mage fireball applies one combined event (4.7749ms)
✔ Five Star's five landed hits add only 50, never 250 or recursive follow-ups (6.0168ms)
✔ all-enemy spell applies once to each surviving damaged target (5.8114ms)
✔ eight random hits deduplicate each affected target, including repeated selections (14.8942ms)
✔ SR excludes all misses, zero damage, direct kills and capture puzzle fights (14.9729ms)
✔ DOT, item and NPC damage do not trigger SR follow-ups (8.8718ms)
✔ DEF, elemental resistance, critical hits and magic focus do not scale fixed damage (15.9555ms)
✔ Gemini keeps one follow-up per casting for C, SR and combined cards (13.7957ms)
✔ SR lethal follow-up produces one victory with all enemies defeated (7.5389ms)
✔ Follow-Up Plus is exclusive to B70-B79 purple chests (129.9356ms)
✔ protected auto and manual saves restore the new card and preserve C-only legacy saves (25.0177ms)
✔ B50F through B58F place five giant vines until Fleischfresser is defeated (241.5657ms)
✔ giant vines and Fleischfresser use their dedicated confirmed artwork and escape rules (0.3869ms)
✔ herbicide quests, items, and legendary step-recovery cards keep their contract (2.8975ms)
✔ strong herbicide is available immediately when any living battle target is a giant vine (5.3836ms)
✔ strong herbicide always deals its configured 500 fixed damage and refreshes regain suppression (22.8784ms)
✔ strong herbicide can defeat Fleischfresser through the normal victory path (4.2617ms)
✔ Fleischfresser loses five regain opportunities before its ordinary five-percent regain returns (8.8424ms)
✔ trial herbicide still removes a giant vine in one use and records only that quest use (4.3247ms)
✔ multi-enemy herbicide damage stays on the selected Fleischfresser target (6.2618ms)
✔ the hidden legacy enemy stage cannot appear behind a multi-enemy formation (20.5658ms)
✔ the formation highlight follows the target-selection cursor (2.0534ms)
✔ multi-enemy names use the k8x12 pixel font (1.1079ms)
✔ healing fountains appear on floors ending in 5 or 9 through B99F (3.5713ms)
✔ configured floors place fountains without competing with stairs, NPCs, or treasures (947.8282ms)
✔ B65F and B69F contain one real oasis and two identical mirages (99.6086ms)
✔ oasis mirages share the prompt and disappear with a reduced-motion-safe fade (20.9334ms)
✔ fountain rest fully restores HP and SP without curing status conditions (5.1513ms)
✔ B40F to B47F black chests select all frost weapons evenly and never fall back to the stiletto (5.02ms)
✔ B48F black chests guarantee the current job weapon (0.4617ms)
✔ frost-region black chest weapons always use the existing 70/25/5 enhanced drop rates (1.1684ms)
✔ frost weapons keep physical damage, job restrictions, enhancement stats, and prices (1.3875ms)
✔ B41F to B49F red chests use 10/10/80 bands and select all frost accessories evenly (0.9428ms)
✔ frost accessories always drop enhanced and expose the requested bonuses at every level (1.139ms)
✔ all four jobs can equip every frost accessory (16.3053ms)
✔ B40F keeps its existing armor table while adjacent loot bands remain unchanged (0.8357ms)
✔ loot settlement, identification, equipping, locking, warehouse, sale, and save-load preserve frost gear (38.74ms)
✔ frost accessories reduce actual ice damage and stack with coldproof boots by the existing additive rule (31.3808ms)
[NDA] Gamepad connected: TEST PAD
✔ left stick ignores small drift and resolves cardinal directions (5.0535ms)
✔ D-pad directions override stick input (0.4113ms)
✔ direction input fires immediately, waits, repeats, and rearms at neutral (2.5475ms)
✔ buttons use rising edges and expose standard mappings (0.4999ms)
✔ standard mapping uses the lower button to confirm and right button to cancel (0.4562ms)
✔ custom bindings override a controller mapping and keep actions unique (0.4219ms)
✔ resume suppression waits for neutral and prevents a held button burst (0.4524ms)
✔ connection polling announces once, removes disconnects, and permits reconnect (0.7311ms)
✔ Gamepad API unsupported environments return a harmless cleanup (0.9699ms)
✔ focused special-map forms allow real gamepad polling while ordinary text fields remain protected (4.896ms)
✔ gamepad polling supports iOS wake and lifecycle recovery without OS sniffing (9.9777ms)
✔ connection notification is nonblocking, timed, and separate from battle messages (3.3112ms)
✔ options include the iPhone and iPad reconnection hint (3.5918ms)
✔ options put press-to-bind gamepad config first and persist four shortcuts (3.6032ms)
✔ equipment lock is available without a mouse through keyboard and configured item button (4.1579ms)
✔ Gemini sun grants a unique key item and persistent stage one completion (16.1273ms)
✔ Moon failure survives reload and blocks retries until a new expedition (0.5494ms)
✔ Gemini dialogue uses A, choice uses A/B, and opening ignores repeated input (3.7398ms)
✔ Final access, unique reward, existing ownership, save/load and marker lifecycle (6.9297ms)
✔ Placement supports cancellation, wrong order, unique pieces, timed convergence and single reward (3.6042ms)
✔ Refusing leaves retry available without reward; B73 has fixed event (59.7095ms)
✔ B59 event coexists with floor boss and does not become insect room (83.741ms)
✔ Fourth questions have one solution, persist retry and grant only once (2.1683ms)
✔ Fourth selector wraps with sound; failure and success fade and reward is not repeated (4.475ms)
✔ Gemini duplicates every eligible cast at half damage with one SP and charge payment (43.5348ms)
✔ Gemini independently rolls poison and excludes charge, normal attacks and killed targets (12.5907ms)
✔ Gemini copy does not inherit Aries opening boost and all-target copies skip dead enemies (12.8303ms)
✔ Leo doubles normal attacks, triples at 25%, pays rounded snapshot HP only once (7.6335ms)
✔ Leo multi-hit and automatic weapon repeat pay only once (3.7996ms)
✔ Leo costs HP on misses and out-of-range; never on skills, skipped or invalid commands (6.4343ms)
✔ Leo HP cost bypasses Aquarius and Pisces invincibility but cannot cause death (10.2925ms)
✔ Leo snapshot is fresh after healing, applies with Aries, and does not persist into another battle (5.3933ms)
✔ card IDs, rarity, cost and copy limits remain unchanged (1.2534ms)
✔ B22 released entrance opens immediately without twenty bumps (6.8376ms)
✔ Gemini follow-up audio runs after popup closes; other card rewards keep their sound (3.6266ms)
✔ Retry scenes alternate on failure, survive save/load, and reward the displayed correct box (3.1428ms)
✔ B31 fixed room and markers move from B20 to B30 to B40 with source condition intact (1.1327ms)
✔ Second act fades after two pages, saves completion, and revisits show only reminder (2.8042ms)
✔ Retry A opens moon and produces reward with matching emblem (0.7828ms)
✔ Third act gates, saves, fixed rooms and marker persist until red sister finishes (4.0809ms)
✔ Single-sister dialogue fades, saves only at end and exits with A; white revisit recalls hint (4.2973ms)
✔ Canvas draws only the selected sister on her original side and removes her after fading (1.1575ms)
✔ Gemini transfer marker requires contact plus one of the three explicit detection sources (5.1473ms)
✔ Marker follows sisters presence; discovery persists across success and retry (1.7008ms)
✔ call_goddess_name retains supplied parameters and substitutes actual damage (6.0048ms)
✔ call_goddess_name real charge action emits registered presentation per actual target (22.2322ms)
✔ Return the Favor uses a configurable ten-percent effect and excludes HP/SP items (2.1505ms)
✔ field healing items restore SP from actual HP recovery in town and dungeon (8.9856ms)
✔ field SP return uses capped actual healing and does not activate without the card (2.0455ms)
✔ full HP gives no free SP and simultaneous HP/SP medicine is excluded (2.2117ms)
✔ battle healing items apply Return the Favor once and use the SP cap (15.7278ms)
✔ battle overheal counts its actual HP gain, while no-card use does not restore SP (6.6503ms)
✔ the quest notice reuses the bell layout with distinct blue presentation (6.079ms)
✔ persistent state changes, reload resume, and guild rendering recheck quest notices (4.9704ms)
✔ notification assets use the current cache revision (0.7406ms)
✔ initial requests wait for guild introduction and then queue as one persistent batch (19.6749ms)
✔ availability uses quest conditions while active and completed requests are excluded (7.1287ms)
✔ a request accepted while waiting is removed before presentation (2.5308ms)
✔ completion marks only the displayed IDs and preserves requests unlocked during display (1.0928ms)
✔ notification completion does not accept or complete a request (1.2824ms)
✔ legacy and malformed saved notification state is normalized safely (6.3171ms)
✔ pending and notified request IDs survive character normalization (1.3668ms)
✔ guild quest page size stays between three and six across layouts (1.8134ms)
✔ guild quest list keeps pager controls and clips rows inside the notice (13.01ms)
✔ guild quest lists hide locked requests and separate acceptance from reporting (2.0604ms)
✔ healing fountain isolates its jingle, resets presence, and resumes dungeon BGM (10.7798ms)
✔ Iron Maiden has a dedicated reduced-motion-safe pendulum presentation (2.8141ms)
✔ Helen rumor requires both 500 recorded purchases and quest 020 completion (10.0966ms)
✔ quest 021 consumes the scent gland and grants Mana Barrier plus its shop-event flag (8.7704ms)
✔ Musk Beast formation supports independent targets and herbicide removes only a vine (27.3049ms)
✔ Discount Pass halves ordinary purchases and prevents resale profit (1.4585ms)
✔ Discount Pass preserves resale values for drop-only items and equipment (1.5536ms)
✔ facility dialogue completion restores the facility menu after granting the Discount Pass (16.776ms)
✔ an inn keeper stays fixed across redraws and may change only on a new visit or explicit story transition (1.7804ms)
✔ the selected inn keeper is saved, restored, and resolved with a new-visit boundary (3.5829ms)
✔ inn profiles can supply portraits, dialogue, stay messages, and one-shot voice cues (1.6979ms)
✔ medicine delivery locks input, swaps the portrait while black, and resumes a returned dialogue (6.0238ms)
✔ sad Anna keeps a subdued wake-up line and quest history respects custom headings (1.687ms)
✔ inventory separates page navigation from tab navigation (17.5875ms)
✔ category sort places recovery before exploration and treats antidote as a cure (4.1799ms)
✔ first acquisition order survives consumption, reacquisition and reload; missing history uses item number (1.2006ms)
✔ legacy equipment migrates to stable individual instances (8.7536ms)
✔ unique romance weapons reject duplicate grants and remain warehouse compatible (2.9019ms)
✔ equipment preview can be normalized without mutating current HP (2.5004ms)
✔ identical equipment is kept as independent acquisition-ordered instances (2.075ms)
✔ enhanced equipped weapons retain their individual display name and effects (1.3919ms)
✔ warehouse fills partial consumable stacks before creating another (0.8014ms)
✔ shop warehouse deposits and withdraws one carried item (1.836ms)
✔ shop warehouse deposits a selected quantity from a stack (0.8377ms)
✔ shop warehouse withdraws a selected quantity from a stack (0.7723ms)
✔ shop warehouse preserves an equipment instance while depositing and withdrawing it (1.1094ms)
✔ shop warehouse refuses to deposit equipped gear (0.5882ms)
✔ inventory overflow and loot settlement retain every acquired item (1.1576ms)
✔ Allheilmittel carries one, stores ninety-nine total, then converts overflow to gold (0.5931ms)
✔ Zaubertrank carries five, stores ninety-nine total, then converts overflow to gold (0.4529ms)
✔ a full Allheilmittel warehouse refuses manual deposit without consuming the carried item (0.5707ms)
✔ unidentified stiletto quality is retained when the loot bag is settled (0.6805ms)
✔ final shop armor keeps its class identity and enhancement stat profiles (0.8277ms)
✔ B50F armor enhancements improve defense and preserve each class identity (0.5905ms)
✔ tiara draft has exact display copy without altering the real item (3.0214ms)
✔ library item catalog is wired into the menu (12.1408ms)
✔ wing gift catalog preserves the requested wording and display price (0.3664ms)
✔ unobtained catalog entries expose neither names nor detail data (7.1601ms)
✔ purchase then sell or consume before a save preserves discovery across reload (7.4009ms)
✔ consumed key items stay unlocked and failed grants do not unlock items (2.3689ms)
✔ legacy saves retain old acquisition history and backfill warehouse and loot (2.8139ms)
✔ Molten Brass is a valuable unique material that can be bought back (11.1998ms)
✔ buyback keeps only the latest eligible item or equipment (2.0744ms)
✔ selling ordinary equipment does not erase the single eligible buyback slot (1.5219ms)
✔ legacy buyback records receive stable ids and quantity-correct totals (4.8925ms)
✔ locked equipment cannot be sold and retains its lock through normalization (2.0575ms)
✔ legacy characters receive an empty normalized inventory (4.0725ms)
✔ shop equipment costs 100G and creates an individual weapon instance (0.7879ms)
✔ B10 weapon upgrades require the strange statue victory and keep their enhancement profiles (5.5367ms)
✔ the anti-magic necklace unlocks after B10 and the strange statue victory (12.2647ms)
✔ Spell-Sealing Talisman unlocks at B50 and scales spell resistance through plus three (1.6743ms)
✔ B60 shop unlocks four new base accessories and their plus-three profiles (2.6607ms)
✔ Rebellious Choker unlocks with the large healing potion and grants action-skip resistance (1.9462ms)
✔ Rebellious Choker uses the compact Japanese resistance label in status displays (19.1171ms)
✔ Rebellious Choker compact resistance label is also used by the detail status screen (1.9648ms)
✔ thief armor shop tiers share enhancement-aware purchase and stat handling (3.8335ms)
✔ thief plus-three armor requires both B20 progression flags (1.0634ms)
✔ warrior armor tiers preserve the shield and two-handed defense tradeoff (5.6761ms)
✔ equipment below plus three is sold without entering buyback (1.3008ms)
✔ priest armor tiers trade some defense growth for LUC and AGI (3.8618ms)
✔ priest plus-two armor requires B10 arrival and the strange statue victory (3.0076ms)
✔ mage armor tiers exchange defense for INT and AGI (2.6455ms)
✔ mage plus-two armor requires B10 arrival and the strange statue victory (1.4243ms)
✔ inventory respects the per-item ownership limit (0.3108ms)
✔ healing potion restores 30 HP and is consumed (2.2258ms)
✔ small, medium and large healing potions use the intended recovery and prices (1.2323ms)
✔ shop healing potions unlock permanently by deepest reached floor (1.7667ms)
✔ strong small healing potion unlocks at B50F and heals 30 percent of max HP (0.7026ms)
✔ strong antidote unlocks at B50F and cures poison plus deadly poison while healing 60 HP (0.8613ms)
✔ antidotes heal normally but explicitly cannot cure death poison (1.2645ms)
✔ Allheilmittel fully restores HP and SP and cures every registered ailment and debuff (0.9497ms)
✔ Allheilmittel can only be used once in each battle (16.1389ms)
✔ Zaubertrank restores twenty-five percent maximum SP in the field and cannot be used at full SP (3.1766ms)
✔ Zaubertrank restores SP up to the maximum during battle (8.1134ms)
✔ B50F enemy materials resolve to their registered item data (0.1612ms)
✔ Silent Steps passively stacks with Conceal Presence up to full reduction (0.5315ms)
✔ shop stock uses explicit arrival flags instead of a debug-inflated deepest floor (0.676ms)
✔ antidote cures poison and restores 15 HP (0.8813ms)
✔ medium antidote shares the final shop unlock and restores 30 HP with or without poison (1.0325ms)
✔ styptic cures bleeding and restores 15 HP (0.7364ms)
✔ styptic remains usable from the field inventory at full HP while bleeding (1.0905ms)
✔ shop and temple purchases spend gold and grant the selected item (1.3095ms)
✔ purchases reject insufficient gold and send full-stack overflow to storage (0.7191ms)
✔ shop can purchase several consumables at once (0.4177ms)
✔ shop sells one consumable for half its purchase price (0.539ms)
✔ shop can sell several stacked consumables at once (0.3903ms)
✔ shop sells unequipped equipment instances but rejects equipped ones (0.5471ms)
✔ sold equipment can be bought back as the same individual instance (0.8724ms)
✔ torch and talisman expose dungeon environment effects (1.866ms)
✔ Emergency Escape is an expensive shop consumable with a dungeon-only escape effect (1.0706ms)
✔ holy water only banishes a non-boss undead and awards no experience (2.6403ms)
✔ Active Healing Potion Small overheals by one hundred once per battle (5.3068ms)
✔ presence reset clears a lingering talisman suppression (0.3235ms)
✔ restored presence suppression is capped at the item-defined 30 steps (0.1369ms)
✔ presence increase reduction halves odd gains in the player's favor and survives gauge resets (0.1909ms)
✔ a restored full presence gauge can trigger an encounter on the next step (0.5992ms)
✔ temple and shop event rewards enter inventory once only (4.4426ms)
✔ guild request unlocks only after every town introduction event (0.4729ms)
✔ quests 028 and 029 use the requested unlock flow and fifteen-count beeswax counter (9.8923ms)
✔ quest copy stays within 23 full-width characters and rewards are registered (0.6321ms)
✔ Lightning Armament applies lightning after weapon and temporary imbue priority (3.5542ms)
✔ Mana Booster applies after additive max SP bonuses and recovers five percent once at battle start (13.0709ms)
✔ Musa's Crown exposes DEF while retaining hidden future temptation immunity (0.8005ms)
✔ B8 hive and B58 Kirke house use the supplied event art (11.5256ms)
✔ the giant hive rumor follows quest 029 and delivery state (2.7404ms)
✔ quest presentation and safe Jirene transformation remain wired outside exploration data (5.302ms)
✔ Jirene is the keyed B79F checkpoint boss and drops Musa's Crown (13.6349ms)
✔ B79F generates Jirene's isolated boss room and a red-rust-key chest (57.75ms)
✔ Jirene's song selects only attacks, guard, or affordable hostile skills (9.7238ms)
✔ Jirene's first encounter runs three protected automatic turns without NPC support (29.449ms)
✔ B80 remains locked until Jirene is genuinely defeated (0.4377ms)
✔ the scripted battle blocks saving, returns to B79F stairs, and prevents unprotected re-entry (9.553ms)
✔ new and legacy characters have an independent empty key-item collection (13.2105ms)
✔ key-item normalization has no owned-type or stack capacity limit (3.4032ms)
✔ the queen's tiara is a permanent unsellable key item (0.5453ms)
✔ special medicine ingredients share one key-item slot and can be consumed together (0.8282ms)
✔ Johanna rescue materials are unique unsellable event items (0.3923ms)
✔ holy and dark armaments reach real normal attacks and physical skill rounds (38.127ms)
✔ new armaments share weapon resolution, intrinsic priority and requested quick-status icons (1.9331ms)
✔ crystal smashing clamps SP and cannot be bypassed by Johan or Erika (58.3823ms)
✔ dark orb requires holy weapon or accompanying Erika, never Johan or generic magic (0.7766ms)
✔ crystal purple table is exclusively 50/50 on B80 through B89 (0.9667ms)
✔ new cards retain SR cost, one-copy limits and normalized serialized deck state (2.8614ms)
✔ Leo and Gemini textures apply only to their own special doors; other doors retain their textures (2.9066ms)
✔ Sealed Leo entrance rejects movement and interaction even for previously opened doors (82.3227ms)
✔ defeated queen door stays passable even without qualification; new players remain blocked (1.747ms)
✔ first entry rolls 5 percent, exact boundary is ordinary empty throne (1.7552ms)
✔ timeline holds throne, fades 700ms, blacks out 300ms, blurs 28 to 22 to zero (1.9323ms)
✔ locked loading/reveal ignores repeated A/B, achievement only after reveal and 400ms hold (0.6179ms)
✔ cancel prompt and ordinary throne exit; reduced motion reaches unblurred final frame (0.3585ms)
✔ five achievements: kill and bath separate, 50 insects, complete public bestiary, item placeholder locked (3.5446ms)
✔ first/repeat pity boundaries, wins reset and floor resets discard visits (0.5338ms)
✔ prompt ignores A/B for 3000ms without queuing, then presents choices (0.4516ms)
✔ actual judgment (including a miss) creates opening; roar and incapacitated judgment do not (34.1883ms)
✔ phase HP100000 multiplies final damage by 3 (6.0998ms)
✔ phase HP50000 multiplies final damage by 4 (3.5229ms)
✔ phase HP25000 multiplies final damage by 5 (4.696ms)
✔ power_strike: every hit amplified, one action consumed (4.3835ms)
✔ blade_dance: every hit amplified, one action consumed (2.9517ms)
✔ holy_light: every hit amplified, one action consumed (3.9366ms)
✔ lightning_bolt: every hit amplified, one action consumed (3.3059ms)
✔ miss uses opportunity; invalid command and incapacitation do not (2.9217ms)
✔ nonattack guard expires without use (2.2666ms)
✔ nonattack wait expires without use (1.7718ms)
✔ nonattack triage expires without use (2.0458ms)
✔ nonattack item expires without use (2.9044ms)
✔ poison tick unchanged by opening (1.8357ms)
✔ deadly_poison tick unchanged by opening (1.9152ms)
✔ death_poison tick unchanged by opening (1.5621ms)
✔ bleeding tick unchanged by opening (1.5901ms)
✔ Cancer counter and phase-three self cost unchanged (4.6182ms)
✔ Gemini reruns at 50%, opening once on both; Aries only boosts original (11.342ms)
✔ Sagittarius ignores physical DEF; opening applied after Capricorn and Libra (3.2194ms)
✔ Libra applies 1.3 dealt and .7 received to lower-level boss (2.1856ms)
✔ all-target spell only amplifies queen; multiple targets still consume once (7.4322ms)
✔ phase transition during action keeps original opening multiplier for Gemini (1.9607ms)
✔ victory and escape cleanup; fresh retry has no opening (3.0064ms)
✔ ordinary enemy never gains or receives opening multiplier (3.4468ms)
✔ NPC charge and normal support damage do not amplify or consume the opening (4.6749ms)
✔ throwing item remains fixed damage and expires opening without using it (3.5174ms)
✔ priority healing expires opening, and restarting with a stale enemy cannot preserve it (2.4044ms)
✔ Capricorn full stacks and opening compose without changing incoming damage (3.4773ms)
✔ all eleven distinct non-Leo cards unlock rumor but not the door (9.381ms)
✔ only completed reading opens the door; notification alone does not (2.5066ms)
✔ exact customer and Rosa text uses the shared typewriter format (2.0708ms)
✔ continuation requires both defeat and Leo; reading it moves full dialogue to history (1.3897ms)
✔ legacy saves and JSON normalization preserve new flags without migration (7.2543ms)
✔ B1 room connects queen intro, golden door remains isolated, battle selects holy-war music (1.6143ms)
✔ exact phase boundaries, direct skip, no healing regression or extra action (13.3828ms)
✔ all phase tables cover four actions and require ordinary action after judgment (12.9061ms)
✔ physical and magic damage scale 1/2/3 and defense works against judgment (43.6986ms)
✔ roar has no damage, reserves one judgment and lets slow player act first (3.4533ms)
✔ phase three self cost is once per action including multiple hits/misses, never lethal (11.1179ms)
✔ action skip preserves judgment and never pays self cost (1.3423ms)
✔ normal and Aquarius barriers retain action-level protection, even against fangs (3.5977ms)
✔ Pisces revives against judgment and Scorpio can poison the queen (5.2076ms)
✔ queen-only damage over time caps preserve status and other enemy damage (7.3937ms)
✔ eleven distinct owned cards and the heard rumor unlock the public gate (1.2255ms)
✔ escape has no reward; retry resets state; victory flags and reward are one-time (6.1196ms)
✔ intro waits five seconds on challenge, victory awaits reward then fades out (0.7721ms)
✔ lot bag tutorial starts unseen only for new saves (9.9752ms)
✔ lot bag tutorial highlights the action after a three second lock (3.9048ms)
✔ loot identification results allow vertical touch scrolling without relaxing other touch guards (1.7548ms)
✔ loot result rows grow with wrapped names and destination descriptions (0.4481ms)
✔ the fixed identification action remains outside the scrolling result list (0.3216ms)
✔ Maikaefer drops the Golden Beetle card at one percent (5.123ms)
✔ gold chests grant the player job's unique unenhanced romance weapon (6.4007ms)
✔ gold chest romance weapons cannot be obtained twice across storage locations (1.3967ms)
✔ B50F to B58F replace the black chest with a gold chest on the one-percent roll (159.7398ms)
✔ B1F to B9F purple chests use the card-only 30/30/30/9/1 table (0.5875ms)
✔ early enemy drops use 40/55/5 percent bands (0.4279ms)
✔ B1F to B9F red chests use the early reward bands and upgraded gold values (0.761ms)
✔ B41F starts the frost accessory red chest table (0.3306ms)
✔ B10F to B19F red chests use the midgame consumable, card and anti-magic armor table (1.1364ms)
✔ B19F ends the anti-magic armor table and B20F starts the restraint equipment table (0.6004ms)
✔ B20F to B29F consistently use the torture-region red chest table (0.3745ms)
✔ B30F keeps the former midgame table at the region boundary (0.3177ms)
✔ B31F to B40F red chests use floor-fixed class armor and 70/25/5 enhancements (0.4877ms)
✔ B50F to B59F red chests cycle the new class armor with 70/25/5 enhancements (0.4816ms)
✔ B60F to B69F red chests feature all five enhanced accessory series (0.4923ms)
✔ B6F to B9F black chests use the potion, R-card and SR-card bands (0.7867ms)
✔ B10F to B19F black chests use SP cards, magic resistance, and the moved enhanced weapons (0.2747ms)
✔ B20F to B29F black chests provide four job weapon upgrades (0.3418ms)
✔ B20F to B29F red chests provide restraint armor and an accessory (0.2449ms)
✔ B50F to B59F black chests cycle job weapons with 70/25/5 enhancements (0.2539ms)
✔ B60F to B69F black chests repeat the B50F deep weapon table (0.4829ms)
✔ unidentified card loot settles into the card collection (2.5652ms)
✔ a duplicate unique C card converts into 100 gold when the loot bag settles (1.1543ms)
✔ a duplicate Search and Destroy card converts into 1000 gold (1.3813ms)
✔ B1F to B4F keep one to three red chests alongside eligible purple special-room chests (148.5444ms)
✔ B10F to B20F place one to three red chests alongside any enabled black chest (174.1752ms)
✔ B21F to B30F place one to three red chests with the temporary midgame table (194.0786ms)
✔ B31F to B40F place red chests and keep B39F free of black chests (191.9029ms)
✔ B41F to B49F place frost-region red chests and keep B49F free of black chests (121.0464ms)
✔ B50F to B59F place one to three red chests and keep B59F free of black chests (185.5668ms)
✔ B60F to B69F place one to three red chests (193.2297ms)
✔ inn fee is two gold per level (0.2294ms)
✔ the inn stable restores thirty percent without exceeding maximums (0.3298ms)
✔ quest 029 hive moves to B8 and starts from active quest state without rumor 007 (6.9219ms)
✔ quest 029 paper uses the objective heading and requested objective (0.3801ms)
✔ quest 026 has a unique number and unlocks only after reported quests 028 and 029 (2.6704ms)
✔ Kirke gives one reusable birdlime and capture progress survives normalization (7.5084ms)
✔ Maerchentiere uses a deterministic harmless three-action cycle (11.9846ms)
✔ three successful stones leave 3 HP and birdlime captures without being consumed (23.45ms)
✔ birdlime fails at HP4, ignores unsupported targets, and HP0 is an unrewarded escape (14.4414ms)
✔ capture battles suppress NPC instant-death bonus damage without suppressing the NPC attack (3.0459ms)
✔ quest 026 report grants Swift Foot and five Zaubertrank once (2.1249ms)
✔ Swift Foot makes final presence gain zero and removing it restores normal gain (0.5682ms)
✔ Kirke result dialogue waits for input and exits only after every requested page (0.8916ms)
✔ quest 026 assets and input-driven event wiring are present (12.9287ms)
✔ Magic Focus strengthens one single-target casting and is then consumed (37.2175ms)
✔ Magic Focus applies to every target in the original casting (12.8728ms)
✔ Magic Focus does not carry from the original casting into Gemini's extra casting (9.7316ms)
✔ B10F to B19F magic-region enemies use the requested names, images and display sizes (12.3148ms)
✔ magic-region enemies use the B90F-style three-action weighting (0.6707ms)
✔ magic-region stats and spell damage stay appropriate for the shallow B10F band (4.5297ms)
✔ B10F begins with single enemies and unlocks larger groups gradually (50.9975ms)
✔ magic-region formations keep Junghexe single and the smaller enemies at one to three (14.7164ms)
✔ random encounters route B10F to B19F through the magic-region formation table (9.5453ms)
✔ B10F-B19F purple chest table uses the exact 33/33/33/1 boundaries (4.2123ms)
✔ B1F-B9F purple table keeps rarity rates and shares its SR slot with Astronomy (0.4321ms)
✔ new card definitions expose the requested costs, limits, prices and gallery data (1.1206ms)
✔ new cards use generic grant, duplicate conversion, deck and save normalization (15.3039ms)
✔ Follow-Up triggers once after normal, physical-skill and spell direct damage (35.8343ms)
✔ Follow-Up applies only once to a target after a multi-hit attack (8.0388ms)
✔ Follow-Up applies to each damaged living target of an all-enemy attack (6.8853ms)
✔ Follow-Up excludes misses, zero damage, DOT, banishment and NPC attacks (16.4096ms)
✔ Follow-Up can defeat one or several enemies without duplicating victory (16.8487ms)
✔ Guard Stone creates a fresh 15-point barrier and absorbs only enemy direct damage (19.2688ms)
✔ Guard Stone adds to the existing Sphinx Majesty barrier with existing rounding (3.3284ms)
✔ Mana Recovery restores actual SP once on a real victory and persists on the battle player (6.8501ms)
✔ Mana Recovery is included in the persistent character state at battle completion (9.0852ms)
✔ Mana Recovery caps the actual amount and stays silent at full SP (6.7673ms)
✔ Mana Recovery also resolves once when NPC support defeats the last enemy (3.3316ms)
✔ Mana Recovery never activates for escape, defeat, forced defeat or interruption (9.7023ms)
✔ Mana Recovery runs once for a multi-enemy victory regardless of enemy count (6.225ms)
✔ B10F-B19F purple chests use empty special rooms and never replace fixed contents (440.499ms)
✔ purple chest save restoration keeps unopened chests and does not revive opened ones (24.1828ms)
✔ Mana Booster restores only SP and presents it in the SP status area (14.378ms)
✔ Todes Scorpio grants the unique Zodiac Scorpio card through the boss reward path (2.653ms)
✔ the final long march reaches B100F without return or transfer and allows dungeon backtracking (17.9553ms)
✔ the final long march grants Aries exactly once and survives save normalization (2.7975ms)
✔ legacy final-long-march clears receive Aries once without duplicating an owned card (2.2669ms)
✔ Aries cannot be claimed before the final long march is complete (0.7347ms)
✔ returning, defeat, transfers, and skipped floors invalidate the final long march (3.2905ms)
✔ the B1F to B42F marathon survives save normalization and completes in strict order (2.5111ms)
✔ all four checkpoint bosses are required for the marathon reward (0.9501ms)
✔ returning or breaking the sequential descent invalidates the marathon (0.8252ms)
✔ a completed marathon cannot be restarted (0.6324ms)
✔ the second long march tracks strict descent from B1F through B84F (1.3672ms)
✔ the second long march survives saves and fails on a skipped floor (1.3247ms)
✔ returning, defeat, and transfer entry invalidate the second long march (2.6584ms)
✔ the B84F long march starts only after the B80F transfer portal is unlocked (1.1789ms)
✔ a legacy B79F boss clear starts the long march whenever B80F is a valid transfer destination (0.4677ms)
✔ legacy quest 028 reports and reached B80F boss clears backfill the B80F portal flag (2.6494ms)
✔ the town entrance route reaches B84F, grants Taurus once, and survives save normalization (2.8795ms)
✔ main grants Taurus after the B84F achievement presentation (2.8769ms)
✔ main grants Aries after the B100F achievement presentation and backfills legacy clears (2.4241ms)
✔ message pagination uses rendered height and preserves every character (2.1088ms)
✔ message pagination keeps a fitting message on one page and handles a hidden element (1.3937ms)
✔ the truth staff is a unique unsellable key item (2.6971ms)
✔ Michaela restoration preserves all six requested dialogue pages (1.8163ms)
✔ Michaela dialogue measures the message box, splits naturally, and always shows the A prompt (1.5354ms)
✔ Amayenak victory persists recovery flags and returns to the B100F entrance (2.5755ms)
✔ the real battle completion snapshot reaches the restoration bridge with Amayenak's ID (15.3219ms)
✔ restoration overlay uses the cat and both Michaela portraits (5.6605ms)
✔ restoration returns silently without an unrelated floor transition message (2.0422ms)
✔ main.js keeps the current top-level cache buster without versioned module imports (3.1573ms)
✔ midgame HP bonus joins the existing curve at levels 20 and 100 and peaks at level 60 (3.9116ms)
✔ levels 1 and 20 retain old HP while level 54 enters every requested job range (1.2289ms)
✔ levels 100 through 197 retain the old HP curve and B100F level-100 bases (5.7776ms)
✔ all jobs retain monotonic HP growth, including the level-99 to level-100 join (14.5725ms)
✔ SP remains byte-for-byte identical to the previous curve at every level (8.1677ms)
✔ fixed HP cards and HP multipliers keep their existing addition and rounding order (19.2435ms)
✔ save-load normalization recalculates max HP without healing or clearing persistent state (20.1238ms)
✔ normal lodging heals to the new maximum and level-up HP gain matches the actual growth delta (2.4881ms)
✔ a level-54 priest enters an actual jungle battle with the recalculated maximum HP (4.4568ms)
✔ black chest mimic scales in ten-floor tiers (2.003ms)
✔ mimic scaling leaves unrelated enemies untouched (0.3473ms)
✔ mobile rendering skips frames until the 30fps interval elapses (3.1021ms)
✔ desktop rendering remains unrestricted (0.7297ms)
✔ renderer uses existing mobile and tablet layout detection without double scheduling (11.5027ms)
✔ saved frame-rate modes override the automatic device default (0.4955ms)
✔ options page exposes the frame-rate toggle, motion warning, and HUD indicator (4.4746ms)
✔ main imports quest progress before gating the B6 special door (19.3154ms)
✔ main does not import the same module more than once (5.2283ms)
✔ internal ES module imports never use cache-busting query strings (681.8261ms)
✔ dungeon state resolves to one shared ES module instance (0.8322ms)
✔ player can start an actual move through an open entrance exit (52.7297ms)
✔ monster compendium exposes the requested floor filters and masks unknown public entries (6.8106ms)
✔ secret and event monsters have no pre-encounter slot but appear after encounter (1.5402ms)
✔ encounter, defeat, and discovered drop progressively unlock monster details (45.2792ms)
✔ completion rate counts defeated public entries without leaking hidden catalog size (1.8473ms)
✔ library and menu connect the monster compendium without versioned internal imports (17.4511ms)
✔ the requested debug settings are the defaults for data without saved options (6.0712ms)
✔ existing settings receive the requested defaults once without resetting unrelated options (0.4403ms)
✔ a migrated setting keeps later user changes (0.2678ms)
✔ NEW GAME reapplies every requested setting and its display hooks (12.2214ms)
✔ night staff gold replacement has a strict 1% boundary only at B70-78 and requires eligibility (937.4823ms)
✔ gold reward survives loot settlement and reload and prevents duplicate ownership (10.5169ms)
✔ equipped staff grants all-target dark spell, consumes SP once and removal revokes it after reload (29.2692ms)
✔ dark multiplier applies once, respects resistance, and ordinary magic stays between existing staves (7.6816ms)
✔ supplied 80-part effect retains all parameters after normalization (9.463ms)
✔ generic Mikan candidates contain the existing line and all four new lines (211.0029ms)
✔ B4F Mikan Nyanko warns the player away from the superboss room (66.1911ms)
✔ B2F and both B6F states keep their existing Mikan guidance (57.0116ms)
✔ B5F Mikan Nyanko guides the player to the fountain (25.4386ms)
✔ B9F Mikan Nyanko guides the player to the red-door key (44.4241ms)
✔ Mikan Nyanko gives floor-specific guidance throughout the desert region (331.2784ms)
✔ B47F Mikan warns about Eiskrabbe until the optional boss is defeated (77.6395ms)
✔ new regional Mikan guidance follows the existing floor-zone definitions (392.0006ms)
✔ queen-shadow quests keep priority over generic and regional Mikan (147.9382ms)
✔ Maikaefer encounter and nest rates remain unchanged (0.372ms)
✔ a generated Mikan dialogue ID survives save and load without changing the encounter (208.6541ms)
✔ Mikan Nyanko no longer appears after all three queen regalia are collected (75.6233ms)
✔ quest 008 replaces Mikan with the queen shadow in strict floor order (132.9498ms)
✔ main screen reserves three empty NPC status slots for future party members (18.3967ms)
✔ NPC charge skill cut-ins use the four battle assets and a sequential 2.5 second presentation (6.0234ms)
✔ Rebecca defense down is visible on the enemy name without expanding the charge message (2.164ms)
✔ NPC management reserves four rows and follows keyboard selection while scrolling (5.4241ms)
✔ touch selection requires a second tap for NPC hiring and guild quests (3.3916ms)
✔ four initial NPC definitions use stable IDs, jobs and existing image paths (3.2098ms)
✔ legacy saves normalize to an empty independent NPC system (7.4979ms)
✔ NPC charge state is backward compatible, clamped and independently persisted (0.5085ms)
✔ stage six Erika and Johan passives recover one point every five successful steps (1.4558ms)
✔ exploration HP and SP passive recovery both have popup hooks (3.0781ms)
✔ stage five exploration NPCs do not receive stage six passives (1.3772ms)
✔ Rebecca stage six charge skill checks assassination on every hit (5.6853ms)
✔ registration is unique and hiring charges level times five at growth stage zero (0.9628ms)
✔ NPC hiring fee scales with that NPC's growth stage through stage ten (0.6811ms)
✔ party normalization enforces three slots, unique NPCs and unique NPC jobs (0.4404ms)
✔ expedition growth is confirmed on return and renewal preserves the roster (1.2966ms)
✔ NPC-free battle remains unchanged and active supports create presentation events (21.108ms)
✔ three NPC supports target roughly one and a half heroes of combined contribution (2.8883ms)
✔ NPC stages seven and eight upgrade support, charge attacks and Erika recovery (4.8024ms)
✔ stage nine advanced passives damage instant-death-immune bosses and improve Goddess Breath (6.8133ms)
✔ stage ten capstones provide Vandervalke, Siegfried and Golden Wheat once per battle (9.3991ms)
✔ Johan stages seven through nine strengthen magic support, the wall and Mana Activation (7.7162ms)
✔ Der Zauberschild reduces a large hit before Siegfried and restores ten percent SP (4.0187ms)
✔ charge rates follow thief, priest, warrior, mage and cooldown skips one full turn (1.9127ms)
✔ Alec and Rebecca charge skills use the intended physical hit profiles (4.0003ms)
✔ Erika charge skill executes normal undead, preserves EXP and only deals triple damage to undead bosses (7.9226ms)
✔ Johan charge wall blocks low per-hit damage for three turns but lets strong hits through (7.9967ms)
✔ status page three derives each active NPC display from current support balance (3.8379ms)
✔ NPC renewal hides background commands and restores its originating town screen (2.5807ms)
✔ NPC management clears every storage-only overlay state before reuse (2.3794ms)
✔ fire oil flows through use, attack, physical skill and rejection (44.678ms)
✔ ice oil flows through use, attack, physical skill and rejection (9.0795ms)
✔ lightning oil flows through use, attack, physical skill and rejection (7.4425ms)
✔ item presentation includes actual healing and barrier reduction (3.0685ms)
✔ invalid oil and barrier elements are not silently converted to fire (0.2558ms)
✔ existing Pisces identity, description and limits remain one Z card (3.1485ms)
✔ normal: death revives once, preserves SP and protects the complete next turn (29.6667ms)
✔ multi: death revives once, preserves SP and protects the complete next turn (6.5014ms)
✔ spell: death revives once, preserves SP and protects the complete next turn (6.7881ms)
✔ instant death: death revives once, preserves SP and protects the complete next turn (6.0643ms)
✔ not equipped at start never revives, and later deck changes do not grant or revoke eligibility (4.6488ms)
✔ multi-enemy remaining actions deal zero after revival and protection expires after all actions (7.2385ms)
✔ ambush protects first command turn only, invalid input does not shorten it (4.1325ms)
✔ deadly_poison on the final action revives with full next-turn protection (3.4908ms)
✔ death_poison on the final action revives with full next-turn protection (4.0778ms)
✔ ordinary poison/bleeding retain existing nonlethal rules (3.7738ms)
✔ all registered ailments/debuffs clear, buffs and sealed-arrow gimmick survive (4.3868ms)
✔ fixed, percentage and reflection HP loss use the common gate; simultaneous death resolves before victory (2.6814ms)
✔ Alec lethal avoidance precedes Pisces without consuming both (4.7176ms)
✔ immunity persists through phase changes, allows healing and expires at turn end (3.3859ms)
✔ battle-local status is removed on normalization, cleanup and a new battle (4.7204ms)
✔ scripted nonlethal event does not consume Pisces or prevent its ending (6.1268ms)
✔ HP presentation places revival after the complete multi-hit damage sequence (2.2515ms)
✔ late turn and player-first ordering preserve the next full turn; minimum HP is one (6.9498ms)
✔ revival HP presentation is absolute even when an instant kill has no damage-number event (1.7841ms)
✔ invulnerability never triggers Cancer or consumes a damage barrier (2.5666ms)
✔ fixed-damage action goes through death and immunity in the real action pipeline (3.4272ms)
✔ simultaneous deaths without a remaining resurrection consistently end in defeat (2.3917ms)
✔ the early enemy-escape branch also removes immunity (2.7532ms)
✔ player charge is backward compatible and uses the requested action gains (3.2911ms)
✔ using a full player charge resets it and skips one full action before charging again (0.3688ms)
✔ each job learns exactly one configured charge skill at level 55 (0.4994ms)
✔ charge skills expose their intended hit, element and passive profiles (0.3572ms)
✔ a charge skill is selectable only when learned and fully charged (7.2169ms)
✔ legacy characters gain an independent normalized player charge state (4.5137ms)
✔ player charge presentation JSON is data-driven and safely normalized (0.7748ms)
✔ each job learns charge skills at levels 10, 30, 55 and 80 (0.5409ms)
✔ level 80 charge skills cost an unreduced 100 SP and are once per battle (18.7819ms)
✔ mana spring makes ordinary attack spells free but not charge skills (0.8736ms)
✔ Blindheit lowers the afflicted enemy's physical accuracy (0.3369ms)
✔ level 80 priest and mage expose holy execution and resistance bypass rules (0.2163ms)
✔ Acht Streich randomly distributes its eight hits and retargets after a defeat (7.9504ms)
✔ normal player steps update the same presence observed by the HUD and encounter hook (2.986ms)
✔ Auto Walker freezes presence until automatic travel ends (0.7165ms)
✔ exorcism talisman suppresses exactly 30 steps and growth resumes on step 31 (0.3534ms)
✔ プロローグ本文は指定文を変更せず保持する (1.7903ms)
✔ プロローグ画像と演出時間は一箇所に集約される (0.3322ms)
✔ NEW GAMEはプロローグから案内画面へ接続する (9.4772ms)
✔ ゲーム開始前の案内はセーブ方法と操作方法の二ページで進行する (5.3468ms)
✔ プロローグは表示後の画面高から本文開始位置を決める (1.1471ms)
✔ プロローグは二段階スキップとゲームパッド入力に対応する (2.3227ms)
✔ プロローグ画面はディザ端処理とモバイル調整を持つ (2.1864ms)
✔ the queen regalia grant their separate hidden minimap effects (7.3512ms)
✔ the necklace map reveal requires an effective torch (0.4182ms)
✔ the hidden effects do not change the player-facing key-item descriptions (1.0496ms)
✔ B100F minimap blocking remains higher priority than the regalia (12.8356ms)
✔ quest 011 links quest 010 to quest 012 without invalidating legacy quest 012 state (6.5768ms)
✔ three clues progress in any order, survive abandonment, and restore on reacceptance (2.0865ms)
✔ quest clue events are mandatory on B22, B24, and B26 only while needed (179.1529ms)
✔ B27 hideout requires an active quest and all three clues (0.4192ms)
✔ Thief Leader uses the requested art and balanced single-element actions (1.4242ms)
✔ boss defeat completes quest 011 and reporting grants only missing unique cards plus 2000G (3.8688ms)
✔ legacy completed quest 011 saves receive the Malicious recruitment unlock (4.5886ms)
✔ quest 015 follows quest 014 and restores the three B39F/B40F flags (5.7646ms)
✔ quest 019 is prepared after quest 018 and restores the three B49F/B50F flags (0.9715ms)
✔ Goddess's Mercy combines Grace and Floor Detection without separating the original pair (42.4602ms)
✔ Perpetual Torch exposes consumption suppression and forced torch effects (12.7304ms)
✔ quest 016 places one persistent ingredient event on every floor from B51F through B58F (354.0538ms)
✔ quest 024 unlocks after quest 020 and keeps accepted legacy progress (6.6954ms)
✔ quest 024 records B60F-B65F in any order and finishes at the B66F event room (1.6872ms)
✔ quest 024 suppresses Mikan throughout the desert and places only unfound shadows on B60F-B65F (157.1407ms)
✔ quest 024 copy, earring, reward, and finale dialogue match the specification (4.5182ms)
✔ Mirage rolls once for the first enemy attack and evades the whole attack on success (21.3571ms)
✔ quest 030 unlocks after quest 029 and B80F without rolling back accepted saves (8.2852ms)
✔ quest 030 uses the requested copy and grants Life Booster plus forty thousand gold (9.3668ms)
✔ Life Booster mirrors Mana Booster for HP and presents recovery over HP (23.0478ms)
✔ quest 031 has the requested unique paper and unlocks only after Anna explains the problem (7.8946ms)
✔ quest 031 flower, brewing, delivery, and recovery transitions are atomic and idempotent (7.6542ms)
✔ quest 031 report grants Return the Favor once and Johanna's thanks unlocks the bonus once (2.4711ms)
✔ quest 031 report reward, thanks handoff, and achievement survive protected save loading without duplication (22.3161ms)
✔ post-quest innkeeper selection uses the 25 percent boundary without consuming hidden randomness (0.6951ms)
✔ quest 031 definitions and progression survive legacy normalization without duplicating key items (2.8119ms)
✔ B57 has the fixed medicine spring while the B57 ingredient and B58 Kirke room remain intact (85.5828ms)
✔ the B57 spring cannot start its boss before Kirke has been consulted (39.0753ms)
✔ the first spring visit is nine input-driven pages, changes to NPC_event_28, then starts one boss battle (32.9886ms)
✔ a revisit skips the long introduction and starts the retry from its confirmation (40.3957ms)
✔ victory resumes the NPC_event_29 flower handoff and grants the saved key item only once (11.368ms)
✔ main wires the B57 battle identity, saved victory handoff, retry origin, and renderer assets (19.0207ms)
✔ quest 032 unlocks after quest 033 and preserves an already-owned necklace (9.5239ms)
✔ quest 032 records B90F-B98F in any order and finishes in the B99F event room (3.1424ms)
✔ dark-region floors place only needed queen shadows and never ordinary Mikan (87.8855ms)
✔ quest 032 copy, necklace, finale dialogue, and Vital Surge reward match the specification (4.7346ms)
✔ B100F requires the defeated B99F boss and all three pieces of queen regalia (0.8191ms)
✔ quest 033 unlocks after quest 030 and preserves an already-owned Lichtbringer (8.1972ms)
✔ quest 033 copy, event room, client scene, and Virgo reward match the specification (2.1608ms)
✔ B95F generation preserves the active Lichtbringer pickup inside its special room (37.9662ms)
✔ B95F does not restore Lichtbringer before acceptance or after acquisition (50.9686ms)
✔ reporting quest 033 grants the one-copy Z Virgo card (2.4921ms)
✔ Virgo raises maximum HP and SP by 25 percent and heals 10 percent on descent (8.4608ms)
✔ Virgo maximum HP and SP remain applied after either kind of inn stay (4.2487ms)
✔ inn recalculation preserves the established order of every vital multiplier card (3.6962ms)
✔ quest 016 unlocks after its rumor, consumes eight ingredients, and unlocks Loretta (10.1702ms)
✔ quest history lists reportable, active, then completed requests (2.7954ms)
✔ quest state is normalized into character saves (5.7827ms)
✔ quest 001 can be accepted and abandoned (0.7378ms)
✔ rat defeats advance only quest 001 and stop at 15 (0.8972ms)
✔ defeat quest progress messages include the updated count (0.7688ms)
✔ B1F forces rats only until the active quest reaches its target (0.7882ms)
✔ quest 002 forces cave slimes on B1F and can progress beside quest 003 (1.2377ms)
✔ quest 002 report grants an HP card and 200G (0.8865ms)
✔ B2F remains locked until quests 001, 002, and 003 are completed (1.1555ms)
✔ B20F remains locked until the B19 checkpoint boss is defeated (0.3927ms)
✔ B30F remains locked until the B29 checkpoint boss is defeated (0.3502ms)
✔ B40F remains locked until the B39 checkpoint boss is defeated (0.2887ms)
✔ B60F remains locked until Fleischfresser is defeated (0.2736ms)
✔ B70F remains locked until Sphinx is defeated or answered (0.2849ms)
✔ quest 003 tracks B1F explored cells and resets before completion (0.47ms)
✔ quest 003 completion survives return and grants an SP card and 200G (0.6453ms)
✔ quest 003 no longer installs or opens the obsolete tutorial overlay (2.976ms)
✔ quest 004 unlocks with B2F and forces abyss rabbits until 15 defeats (0.9437ms)
✔ quest 004 report grants Alertness and 200G (0.8103ms)
✔ quest 005 forces wandering dead only on B4F and ignores other floors (0.6061ms)
✔ quest 005 report grants Dexterity Lesson and 400G once (0.6861ms)
✔ reporting a completed quest grants the C-rarity AGI card once (0.5971ms)
✔ invalid quest entries are discarded during normalization (0.1941ms)
✔ quest 006 unlocks after quest 005 and rewards First Aid once (0.8027ms)
✔ defeating the B6 quest mimic completes quest 006 (1.8862ms)
✔ quest 007 requires the B9 boss and restores progress after abandonment (1.0974ms)
✔ quest 007 grants the defense card once when accepted (0.5411ms)
✔ completed quest 007 saves receive the missing acceptance card once (0.6577ms)
✔ quest 007 rescues saves where the B9 boss was defeated before acceptance (0.5717ms)
✔ quest 007 rescues an already-active legacy quest after the B9 boss was defeated (0.7175ms)
✔ quest 008 follows the queen shadow from B10F through B14F and rewards Resistance Spirit (0.962ms)
✔ quest 008 keeps unique shadow progress after abandonment and reacceptance (0.4197ms)
✔ quest 009 unlocks after quest 006 and rewards Floor Detection plus 800G (0.5685ms)
✔ quest 010 requires completed quest 007 and B10F, then rewards Magic Barrier plus 1000G (0.6308ms)
✔ quest 010 rescues saves that already defeated the B19F boss (0.3615ms)
✔ quest 012 tracks the B29F red door, Iron Maiden, and B30F arrival (0.562ms)
✔ quest 013 supplies ten large potions, resets on leaving B35F, and rewards fireproof boots (1.6618ms)
✔ quest 017 follows quest 015, supplies fifteen large potions, and rewards coldproof boots (0.9794ms)
✔ quest 014 is gated by quest 013, tracks the B36F Brass Bull, and unlocks Scorching Barrier sales (0.6131ms)
✔ quest 018 follows quest 017, tracks B46F Glacies, and unlocks Extreme Cold Barrier sales (0.61ms)
✔ multi-item quest rewards pass their quantity separately to the item popup (36.727ms)
✔ quest supplies use their actual item names in the item popup (4.214ms)
✔ Helen's herbicide reward uses the important item popup (4.4855ms)
✔ active 100-cell surveys guarantee only their target floor special door (0.6809ms)
✔ quick status keeps separate Japanese and English job labels (2.9334ms)
✔ mobile quick status truncates only names of six or more characters (0.3585ms)
✔ quick status level uses at least two digits without truncating high levels (0.2305ms)
✔ quick status money is nonnegative and has no digit separators (0.2413ms)
✔ current HP becomes critical only below ten percent (0.3998ms)
✔ desert quicksand is limited to B60F through B68F (1.8325ms)
✔ explored quicksand uses a visible sand-colored minimap marker (1.7451ms)
✔ desert floors contain three cyclic quicksand points without feature overlap (231.9095ms)
✔ quicksand transition completes once on success, pre-fade rejection, and failure (0.8443ms)
✔ quicksand contact shows its image then uses a short fade transition (16.359ms)
✔ fulgura gold loot, settlement, equip and save/load preserve unlock and prevent duplicate (21.4451ms)
✔ fulgura real combat uses exact hit count, attributes and SP40 once (20.5885ms)
✔ jormungandr gold loot, settlement, equip and save/load preserve unlock and prevent duplicate (6.9301ms)
✔ jormungandr real combat uses exact hit count, attributes and SP40 once (5.8472ms)
✔ cucullus_domini gold loot, settlement, equip and save/load preserve unlock and prevent duplicate (5.6085ms)
✔ cucullus_domini real combat uses exact hit count, attributes and SP40 once (5.5593ms)
✔ mixed hits independently respect immunity, weakness and ice reduction (0.7108ms)
✔ scepter normal attack ignores all DEF and has two 0.6 hits (0.441ms)
✔ normal mixed weapon hits preserve innate attributes through oil and trigger second-element reactions (11.261ms)
✔ rapid currents are generated only on B70F through B78F (97.8012ms)
✔ generated rapid currents are straight, separated, safe, and end on normal shores (105.9686ms)
✔ rapid-current placement is reproducible on the same completed map and RNG sequence (49.5353ms)
✔ forced-current paths move one cell at a time and finish at the saved shore (0.5384ms)
✔ rapid-current presentation uses the supplied image and MP3 files (21.1838ms)
✔ discovered rapid currents use visible vector direction arrows on the minimap (1.002ms)
✔ current_cleaving_longsword: every enhancement matches stats and existing weapon mechanics (4.7715ms)
✔ current_cleaving_longsword: job restriction, shield handling and normalized save restore (16.1194ms)
✔ current_cleaving_longsword: flame card and oil use existing physical imbue rules (33.2482ms)
✔ whirlpool_dagger: every enhancement matches stats and existing weapon mechanics (0.4675ms)
✔ whirlpool_dagger: job restriction, shield handling and normalized save restore (3.3689ms)
✔ whirlpool_dagger: flame card and oil use existing physical imbue rules (13.5006ms)
✔ tide_piercing_mace: every enhancement matches stats and existing weapon mechanics (0.5141ms)
✔ tide_piercing_mace: job restriction, shield handling and normalized save restore (2.6046ms)
✔ tide_piercing_mace: flame card and oil use existing physical imbue rules (11.3133ms)
✔ deep_current_staff: every enhancement matches stats and existing weapon mechanics (0.4847ms)
✔ deep_current_staff: job restriction, shield handling and normalized save restore (2.4574ms)
✔ deep_current_staff: flame card and oil use existing physical imbue rules (9.6444ms)
✔ B70-B77 weapon order and B78 four jobs use +1/+2/+3 boundaries (3.3808ms)
✔ mace total penetration is 35/35/40/45%, including standard blunt penetration exactly once (1.0254ms)
✔ staff SP equipment bonus neither heals on equip nor duplicates after remove/re-equip (2.2319ms)
✔ black chest unlock, one-per-floor, neighbors and saved empty cells keep existing rules (910.2117ms)
✔ loot settlement and protected saves retain all four weapons and enhancement (22.1457ms)
✔ late-region obstacles preserve reserved rooms and place crystal purple chests in empty rooms (758.2057ms)
✔ crystal contact, cancellation and confirmation spend SP only once and play boon (7.5974ms)
✔ Erika and holy weapon remove dark orb through the actual input flow (3.5475ms)
✔ Glut and Frost floors place three safe, separated exploration obstacles except survey floors (882.9494ms)
✔ fixed generation input reproduces obstacle coordinates and preserves B39F/B49F boss rooms (108.9018ms)
✔ obstacle definitions use the requested assets and floor-zone exclusions (7.4522ms)
✔ walking into an unavailable obstacle does not move or change facing (0.7695ms)
✔ regional obstacles use contact-only red and cyan triangle minimap markers (0.1887ms)
✔ a mage spends ten SP only after confirming the matching spell (2.3583ms)
✔ SP9 cannot remove an obstacle by magic but the matching weapon element remains selectable (1.1824ms)
✔ a mage can deliberately choose an elemental weapon without spending SP (0.626ms)
✔ an accompanying Johan always removes the obstacle without consuming player resources (0.5186ms)
✔ registered but non-accompanying Johan does not grant free removal (0.4736ms)
✔ only the matching weapon element removes each obstacle and opposite or lightning elements cannot (1.0832ms)
✔ removal immediately updates traversal and auto-return pathfinding (0.3914ms)
✔ obstacle discovery and removal persist in saved floor snapshots (121.5749ms)
✔ B35F and B45F survey quests still complete on a fully explored map (1.7836ms)
✔ obstacle effects animate inside the shared renderer and remain reduced-motion safe (0.3606ms)
✔ matching weapon element removal uses the registered sliding2 sound once (4.1168ms)
✔ elemental oils keep their battle-only prices and shop unlock contract (0.357ms)
✔ renderer, minimap, save restore, and shared input paths include exploration obstacles (2.1929ms)
✔ oil ownership alone is rejected; equipment priority and confirmation recheck match the icon (0.4208ms)
✔ the four romance relics remain unique, unenhanced, unsellable job weapons (2.8355ms)
✔ Musashi Blade is B80-ready while Katzbalger remains the safer final weapon (1.7726ms)
✔ The Five Star keeps five-hit identity below Katzendolch's final-region ceiling (0.4866ms)
✔ Sylvan Emera keeps its defensive identity and Katzenkolben remains the final hybrid (1.5779ms)
✔ Comet Booster supports late magic while Katzenstab remains the general spellcasting apex (0.4237ms)
✔ sprite centers remain visible directly ahead for NPCs, treasure, fountains and bosses (1.8535ms)
✔ a sprite behind a corner wall is not visible (0.3481ms)
✔ a visible sprite center is retained when only a cell edge is occluded (0.2912ms)
✔ revival prayer selects Lumina at exactly the five-percent boundary (1.5673ms)
✔ revival prayer chooses its image once before the existing animation starts (14.8379ms)
✔ the achievement popup can appear above the revival scene (2.2374ms)
✔ temple defeat revival uses the assigned keeper for normal and festival outfits (0.7781ms)
✔ temple defeat revival preserves protected and lost experience messages (0.462ms)
✔ loot and no-loot defeat paths clear the message until the revival prayer finishes (5.0418ms)
✔ production roaming-enemy registry enables only approved Verfolger floors (4.5849ms)
✔ roaming definitions support explicit floors and inclusive ranges (1.0869ms)
✔ farthest placement uses Manhattan distance and injected RNG for ties (5.7991ms)
✔ a player standing on stairs uses reachable neighboring floor cells as path roots (2.9737ms)
✔ placement terminates cleanly when no reachable normal floor exists (2.028ms)
✔ the shared occupancy predicate blocks every live static feature (0.8779ms)
✔ open normal doors are passable while closed, locked, and event doors are not (0.498ms)
✔ opened treasures and removed obstacles become traversable despite stale temporary reservations (0.2711ms)
✔ patrol avoids an immediate reversal when another route exists and reverses at a dead end (1.1995ms)
✔ patrol waits when every neighboring cell is forbidden (0.7346ms)
✔ line-of-sight discovery enters chase and follows a shortest valid path (0.7949ms)
✔ losing sight returns to patrol when the path to the last seen cell vanishes (0.4918ms)
✔ after losing sight the enemy investigates the last seen position before resuming patrol (0.4297ms)
✔ player contact is resolved before enemy movement (0.5711ms)
✔ enemy contact waits for movement interpolation to finish (0.5632ms)
✔ an instance marked in battle cannot patrol until combat ends (0.4178ms)
✔ render coordinates interpolate while logical collision coordinates stay integral (0.5537ms)
✔ escape success resets combat state and moves the enemy to the farthest reachable cell (0.4913ms)
✔ escape without a legal destination removes the instance without rewards (0.2981ms)
✔ defeat removes the instance and grants its per-map reward only once (0.3317ms)
✔ save data preserves identity, movement memory, and terminal state without animation internals (0.7543ms)
✔ old saves and malformed roaming references do not create a new instance (0.3111ms)
✔ an invalid occupied coordinate is restored as departed instead of retry-looping (0.2922ms)
✔ the minimap marker is visible only on the enemy's currently explored cell (0.2634ms)
✔ full dungeon generation places a configured test enemy after static features (57.766ms)
✔ ordinary production dungeon generation does not add an unspecified roaming enemy (39.443ms)
✔ the movement hook runs once after a successful step and not for turns or wall collisions (4.5043ms)
✔ runtime integration orders roaming contact before random encounters and persists the map instance (26.8479ms)
✔ one rumor rings once, reveals copy after the bell, and completes once (21.4985ms)
✔ multiple pending stages are deduplicated into one plural notification (48.4082ms)
✔ muted or failed audio still keeps the bell-only interval before showing text (110.8524ms)
✔ a rumor heard while waiting is removed before sound or presentation (28.1264ms)
✔ an interrupted notification is concealed and presented again when safe (106.6921ms)
✔ reset invalidates an active generation instead of reviving its old queue (55.4747ms)
✔ achievement and rumor presentations share one serial coordinator (91.8415ms)
✔ rumor and quest notices share the coordinator and quest copy stays singular (91.9042ms)
✔ a quest unlocked during an active batch is left for the next display (110.1218ms)
NDA save data could not be read (nda.save.slot1.current). SyntaxError: Expected property name or '}' in JSON at position 1 (line 1 column 2)
    at JSON.parse (<anonymous>)
    at readSerializedSave (file:///E:/GitHub/never-dungeon-abyss/js/save-data.js:53:25)
    at readKey (file:///E:/GitHub/never-dungeon-abyss/js/save-data.js:66:10)
    at loadGame (file:///E:/GitHub/never-dungeon-abyss/js/save-data.js:72:19)
    at TestContext.<anonymous> (file:///E:/GitHub/never-dungeon-abyss/tests/save-data.test.mjs:166:18)
    at Test.runInAsyncScope (node:async_hooks:227:14)
    at Test.run (node:internal/test_runner/test:1382:25)
    at async Test.processPendingSubtests (node:internal/test_runner/test:960:7)
NDA save data could not be read (nda.save.slot1.current). SyntaxError: Expected property name or '}' in JSON at position 1 (line 1 column 2)
    at JSON.parse (<anonymous>)
    at readSerializedSave (file:///E:/GitHub/never-dungeon-abyss/js/save-data.js:53:25)
    at readKey (file:///E:/GitHub/never-dungeon-abyss/js/save-data.js:66:10)
    at loadGame (file:///E:/GitHub/never-dungeon-abyss/js/save-data.js:72:19)
    at TestContext.<anonymous> (file:///E:/GitHub/never-dungeon-abyss/tests/save-data.test.mjs:170:18)
    at Test.runInAsyncScope (node:async_hooks:227:14)
    at Test.run (node:internal/test_runner/test:1382:25)
    at async Test.processPendingSubtests (node:internal/test_runner/test:960:7)
NDA save data could not be read (nda.save.manual1.current). SyntaxError: Expected property name or '}' in JSON at position 1 (line 1 column 2)
    at JSON.parse (<anonymous>)
    at readSerializedSave (file:///E:/GitHub/never-dungeon-abyss/js/save-data.js:53:25)
    at readKey (file:///E:/GitHub/never-dungeon-abyss/js/save-data.js:66:10)
    at loadGame (file:///E:/GitHub/never-dungeon-abyss/js/save-data.js:72:19)
    at TestContext.<anonymous> (file:///E:/GitHub/never-dungeon-abyss/tests/save-data.test.mjs:166:18)
    at Test.runInAsyncScope (node:async_hooks:227:14)
    at Test.run (node:internal/test_runner/test:1382:25)
    at async Test.processPendingSubtests (node:internal/test_runner/test:960:7)
NDA save data could not be read (nda.save.manual1.current). SyntaxError: Expected property name or '}' in JSON at position 1 (line 1 column 2)
    at JSON.parse (<anonymous>)
    at readSerializedSave (file:///E:/GitHub/never-dungeon-abyss/js/save-data.js:53:25)
    at readKey (file:///E:/GitHub/never-dungeon-abyss/js/save-data.js:66:10)
    at loadGame (file:///E:/GitHub/never-dungeon-abyss/js/save-data.js:72:19)
    at TestContext.<anonymous> (file:///E:/GitHub/never-dungeon-abyss/tests/save-data.test.mjs:170:18)
    at Test.runInAsyncScope (node:async_hooks:227:14)
    at Test.run (node:internal/test_runner/test:1382:25)
    at async Test.processPendingSubtests (node:internal/test_runner/test:960:7)
NDA save data could not be read (nda.save.slot1.current). SyntaxError: Unexpected token 'c', "corrupt" is not valid JSON
    at JSON.parse (<anonymous>)
    at readSerializedSave (file:///E:/GitHub/never-dungeon-abyss/js/save-data.js:53:25)
    at readKey (file:///E:/GitHub/never-dungeon-abyss/js/save-data.js:66:10)
    at loadGame (file:///E:/GitHub/never-dungeon-abyss/js/save-data.js:72:19)
    at TestContext.<anonymous> (file:///E:/GitHub/never-dungeon-abyss/tests/save-data.test.mjs:182:16)
    at Test.runInAsyncScope (node:async_hooks:227:14)
    at Test.run (node:internal/test_runner/test:1382:25)
    at async Test.processPendingSubtests (node:internal/test_runner/test:960:7)
NDA save data could not be read (nda.save.slot1.current). SyntaxError: Unexpected token 'b', "broken" is not valid JSON
    at JSON.parse (<anonymous>)
    at readSerializedSave (file:///E:/GitHub/never-dungeon-abyss/js/save-data.js:53:25)
    at readKey (file:///E:/GitHub/never-dungeon-abyss/js/save-data.js:66:10)
    at loadGame (file:///E:/GitHub/never-dungeon-abyss/js/save-data.js:72:19)
    at TestContext.<anonymous> (file:///E:/GitHub/never-dungeon-abyss/tests/save-data.test.mjs:193:20)
    at Test.runInAsyncScope (node:async_hooks:227:14)
    at Test.run (node:internal/test_runner/test:1382:25)
    at async Test.processPendingSubtests (node:internal/test_runner/test:960:7)
✔ load summaries show cat medal only for the awarded save slot (19.2338ms)
✔ rumor notification state survives protected saves without crossing slots (1.7805ms)
✔ guild request notification state survives protected saves without crossing slots (5.3679ms)
✔ auto and three manual save slots are stored independently (3.0852ms)
✔ JSON archive restores exported save slots after storage is cleared (3.5608ms)
✔ invalid JSON archive does not alter existing saves (0.691ms)
✔ a modified protected archive is rejected without altering existing saves (1.3829ms)
✔ a modified current save falls back to its protected backup (1.3512ms)
✔ auto preserves a healthy backup through promotion and later saves (3.6978ms)
✔ manual1 preserves a healthy backup through promotion and later saves (2.837ms)
✔ an unreadable current save never replaces a healthy backup (1.7881ms)
✔ a legacy backup is upgraded when it is promoted (0.8244ms)
✔ Todes Scorpio uses the reduced regain and death-poison values (1.6547ms)
✔ Todes Scorpio lowers dangerous-action weights while chilled (2.0628ms)
✔ an ice hit chills Todes Scorpio and blocks its next regain (24.8544ms)
✔ Todes Scorpio regains exactly 150 HP when ice does not suppress it (6.1609ms)
✔ Poison Mask resistance also reduces death-poison application (4.8518ms)
✔ Strong Healing Potion (M) restores half max HP and unlocks at B70F (3.8196ms)
✔ Glacies Hammer explicitly describes its ice attack (0.3194ms)
✔ equipment screens describe the expanded poison resistance and Glacies ice attack (20.3914ms)
✔ Scorpio exposes the complete overpowered Zodiac effect (3.1561ms)
✔ Scorpio death-poison rate is twenty percent and halves against bosses (3.8686ms)
✔ Scorpio inflicts five-percent death poison on a landed attack even through boss immunity (32.5574ms)
✔ Scorpio completely blocks poison, deadly poison, and death poison (9.1044ms)
✔ custom Scorpio death poison does not change the original ten-percent death poison (0.5983ms)
✔ shop baseline, unlock, persistence and acknowledgement (22.4832ms)
✔ B10F creates one shop announcement and an unseen item badge (27.926ms)
✔ final shop armor requires B30F arrival and the Iron Maiden victory (3.9195ms)
✔ B50F shop armor provides one full job-specific set after the transfer portal unlock (4.5595ms)
✔ opening a shop category clears only that category's badge (3.313ms)
✔ legacy B10F saves receive the stock notice once (1.4457ms)
✔ thief armor category becomes new only after the boss and arrival requirements (3.3651ms)
✔ battle skills hide passives and paginate as two columns of six (11.725ms)
✔ field skills paginate every eight entries without overlapping (3.2206ms)
✔ item and skill overlays remember the last used selection separately by context (2.2845ms)
✔ battle items paginate as two columns of six without vertical scrolling (2.1003ms)
✔ code is canonical, bounded, preserves every original field and excludes owner metadata (21.1827ms)
✔ URL alphabet hyphens and underscores are real data; every single-character mutation is rejected (114.5996ms)
✔ reject malformed format, unsupported versions, invalid signature and out of range seed (1.5798ms)
✔ cross-save import, full duplicate preservation, same-content confirmation and deletion restore (2.2753ms)
✔ failed import/delete/favorite saves preserve complete previous character (0.8907ms)
✔ new and legacy prefix cases preserve payload and share original identity (1.1428ms)
✔ doors 0: deterministic, valid, independent of topology mutation (54.3838ms)
✔ doors 1: deterministic, valid, independent of topology mutation (48.7094ms)
✔ doors 12345: deterministic, valid, independent of topology mutation (48.0859ms)
✔ doors 65535: deterministic, valid, independent of topology mutation (39.8255ms)
✔ doors reject bad inputs and do not consume Math.random (9.3264ms)
✔ canonical boundaries share identities and reject outer edges (0.3102ms)
✔ closed door blocks both sides; only adjacent front opens; animation then permits passage (11.3743ms)
✔ minimap hides unseen doors and uses existing closed/open colors from either explored side (7.9589ms)
✔ Candidate 2 changes only raw weight transform and revision, preserving selection and normalization (2.7394ms)
✔ Candidate 2 uses the same weight draws directly, Candidate 1 cubes them (19.3795ms)
✔ archived Candidate 1 samples reproduce prior audit, including fingerprints (5.5817ms)
✔ every archived singleton seed keeps its exact species and 100% weight (22.3691ms)
✔ special-map-v1 seed 0: repeat 100 times, valid positive ecology (42.581ms)
✔ special-map-v1 seed 1: repeat 100 times, valid positive ecology (21.5354ms)
✔ special-map-v1 seed 12345: repeat 100 times, valid positive ecology (27.1307ms)
✔ special-map-v1 seed 32768: repeat 100 times, valid positive ecology (26.5333ms)
✔ special-map-v1 seed 65535: repeat 100 times, valid positive ecology (30.0218ms)
✔ phase2a-1 seed 0: repeat 100 times, valid positive ecology (22.9282ms)
✔ phase2a-1 seed 1: repeat 100 times, valid positive ecology (10.4125ms)
✔ phase2a-1 seed 12345: repeat 100 times, valid positive ecology (20.1318ms)
✔ phase2a-1 seed 32768: repeat 100 times, valid positive ecology (24.4756ms)
✔ phase2a-1 seed 65535: repeat 100 times, valid positive ecology (25.2795ms)
✔ ecology requires no random source, clock, character, or save state (6.5929ms)
✔ ecology streams are independent and leave topology baseline untouched (1.616ms)
✔ original signatures and ownership metadata never participate in ecology (0.5746ms)
✔ invalid seed, ruleset and blueprint identity/theme are rejected (3.2379ms)
✔ positive integer normalization totals 10000, ties use selection order (0.8066ms)
✔ candidate pools match reviewed normal-encounter baseline, excluding special-only enemies (17.7007ms)
✔ sample includes natural single species, biases and varying ecologies without zero weights (484.9668ms)
✔ fingerprint canonicalization ignores object key order and rejects mutated output (0.6588ms)
✔ audit checker detects malformed distribution rather than merely generating statistics (0.8078ms)
✔ ecology stays outside gameplay and does not add seed-specific production branches (3.3406ms)
✔ V1 frozen examples repeat 100 times with independent complete structure checks (143.5315ms)
✔ V1 PRNG/subseed vectors and future streams cannot consume topology randomness (1.7113ms)
✔ generator rejects invalid seeds/rulesets without coercion (0.8521ms)
✔ no Math.random dependency or mutable output shared across calls (4.9932ms)
✔ legacy registered originals regenerate without changing save, name rules or shared code (10.76ms)
✔ real protected snapshot reload retains unidentified then appraised original (15.4241ms)
✔ save failure at .temp preserves unidentified in memory and on disk (3.5099ms)
✔ save failure at .backup preserves unidentified in memory and on disk (2.5318ms)
✔ save failure at .current preserves unidentified in memory and on disk (2.2848ms)
✔ post-commit cleanup error does not roll back a committed appraisal (2.8633ms)
✔ post-commit event error does not roll back a committed appraisal (2.0011ms)
✔ shared import, favorite and deletion survive real protected save reload (7.1898ms)
✔ registered V1 starts at frozen entrance and direction with one explored cell (11.26ms)
✔ collision, animation, exploration and BFS exit work without touching normal save (271.0867ms)
✔ shared origins and different discoverers use only ruleset and seed for terrain (21.6326ms)
✔ real minimap accepts session cells without revealing unknown exits (4.5175ms)
✔ renderer binding restores exact normal references and theme after immediate disposal (3.5224ms)
✔ runtime controller exits immediately, restores renderer, and never invokes normal gameplay (8.7ms)
✔ backward travel and left turns preserve facing and mark only visited cells (1.5512ms)
✔ keyboard and touch controls cannot fall through to normal movement or generation (2.9486ms)
✔ survey mask validates old/corrupt saves and derives completion rather than trusting flags (2.9322ms)
✔ actual walk surveys 100 unique cells, exit is not terminal, completion transitions once (33.4042ms)
✔ 63 cells survive snapshot reload and reentry while position and door state reset (13.2952ms)
✔ opening doors does not survey the neighboring cell (1.7831ms)
✔ failed saves preserve registered map and committed mask, retry saves pending visits (7.5504ms)
✔ shared code excludes survey; deletion and reimport reset it; original signatures isolate knowledge (5.2206ms)
✔ signature trims and normalizes NFC, accepts 1–4 BMP characters without truncating (2.0488ms)
✔ old characters migrate to empty ownership without changing their name or inventory (8.2533ms)
✔ unidentified cap is checked before random draws and originals survive JSON reload (0.7412ms)
✔ appraisal derives fixed info without random draws and moves original atomically (1.604ms)
✔ registration counts 0–10, full rejection retains map, full duplicate preserves all records (0.672ms)
✔ same seed, different signatures are distinct originals with identical content (0.3702ms)
✔ failed or throwing save restores the complete pre-appraisal character; retry grants once (0.8849ms)
✔ invalid saved originals do not enter arrays; unsupported rules cannot be appraised as current rules (0.3222ms)
✔ B96 uses the live door access gate with four distinct owned Zodiac cards (31.3195ms)
✔ B2 special room contains the repeatable lingering ghost event boss (1.7001ms)
✔ The lingering ghost event marker is visible before exploration except at zero torch (0.3357ms)
✔ B6 special room is the quest-gated one-time mimic event (0.27ms)
✔ B6 special room blocks unaccepted or completed quest states and admits an active quest (0.4579ms)
✔ B6 quest room unlocks and retains the mimic event content (38.7889ms)
✔ B14 queen shadow room unlocks only after the first four sightings (0.3572ms)
✔ B16 Jabberwock room is gated by quest 009 (0.2831ms)
✔ B36 Brass Bull room is gated by quest 014 (0.3364ms)
✔ B46 Glacies room is gated by quest 018 (0.4963ms)
✔ B47 is reserved for the three-Zodiac Eiskrabbe event without replacing B46 (2.33ms)
✔ Zodiac access counts distinct owned kinds without requiring them to be set (0.4346ms)
✔ B64 is reserved for the Zodiac-gated Todes Scorpio event (0.4904ms)
✔ B64 opens first, then asks for confirmation when entering (9.5833ms)
✔ escaping Todes Scorpio blocks a rematch until the next exploration (4.2065ms)
✔ B4 special room warns before entering the one-time superboss event (0.6143ms)
✔ declining a special-room boss keeps valid retreat coordinates (4.2361ms)
✔ forced encounters block special-room unlocking without exposing a rate (0.3358ms)
✔ each floor creates at most one sealed one-cell special room with an internal black door (167.4694ms)
✔ configured empty special rooms contain one purple card chest without replacing fixed events (194.5946ms)
✔ an eligible empty special room can become a Maikaefer nest instead of a purple chest (33.6793ms)
✔ Maikaefer nests never replace fixed or forced-quest special rooms (60.5577ms)
✔ the Maikaefer nest event is consumed before battle and keeps its escape flavor (8.8602ms)
✔ special-room lock gets three attempts with a lower rate after each failure (36.8341ms)
✔ standard black doors remain accessible to low-DEX jobs (0.2629ms)
✔ special-room lock supports elite, fixed and guaranteed difficulty modes (0.2135ms)
✔ successful unlocking lasts for the exploration and regeneration locks the room again (70.9412ms)
✔ survey protection makes the purple special-room lock a guaranteed success (24.7311ms)
✔ Sphinx route cards are unique L cards with the confirmed effects (2.5976ms)
✔ Sphinx wisdom multiplies player damage by 1.15 only when the resolved element is weak (33.0372ms)
✔ Sphinx majesty creates a ceil 15 percent barrier and absorbs direct damage before HP (6.2613ms)
✔ battle UI exposes weakness icons and the effect_06 barrier indicator (11.1566ms)
✔ borrowing Johanna's cat waits for the final confirmation before granting and saving it (16.5654ms)
✔ the cat item popup owns the three-second wait and the inn transition timers are disposable (5.3835ms)
✔ returning Johanna's cat waits for her dialogue and removes it during blackout (2.053ms)
✔ Anastasia keeps her separate facility blackout path (1.1349ms)
✔ the peaceful Sphinx reward displays its card popup after state settlement (0.3319ms)
✔ battle-earned cards move the popup into the dungeon viewport and Sphinx waits for settlement (1.075ms)
✔ sr_vital_abundance: additive 1-3 copies and L stacking (25.6336ms)
✔ sr_vital_abundance: existing percentage order and repeated equipment changes cannot heal (13.233ms)
✔ sr_spirit_abundance: additive 1-3 copies and L stacking (9.719ms)
✔ sr_spirit_abundance: existing percentage order and repeated equipment changes cannot heal (17.0068ms)
✔ sr_vital_abundance: limits, icon, SR pricing and overflow (6.4853ms)
✔ sr_spirit_abundance: limits, icon, SR pricing and overflow (4.1144ms)
✔ sr_sp_saver_plus: limits, icon, SR pricing and overflow (2.6822ms)
✔ SP Saver Plus uses C's icon and exact text (0.2304ms)
✔ SP reduction 3: zero/minimum and equipment multiplier order (1.811ms)
✔ SP reduction 4: zero/minimum and equipment multiplier order (2.0889ms)
✔ SP reduction 5: zero/minimum and equipment multiplier order (2.5541ms)
✔ SP reduction 1: zero/minimum and equipment multiplier order (1.9463ms)
✔ wide_swing: battle SP boundary and actual payment (29.3357ms)
✔ fireball: battle SP boundary and actual payment (13.0333ms)
✔ ice_bind: battle SP boundary and actual payment (17.7208ms)
✔ greater_healing: battle SP boundary and actual payment (14.0828ms)
✔ field healing uses the same reduced cost and rejects insufficient SP (8.4136ms)
✔ Gemini recast remains free and normal/item actions keep zero SP payment (14.2151ms)
✔ protected save roundtrip retains new cards and original C/L-only saves (37.6708ms)
✔ rapid-current purple chest exact 30/30/30/5/2.5/2.5 boundaries and counts (3.46ms)
✔ B70-B79 purple chests use vacant event rooms and never replace fixed or rare events (381.2658ms)
✔ new cards do not enter other floors or other chest pools (39.2115ms)
✔ inventory uses fewer rows on phone-sized screens (1.5643ms)
✔ status quest pages include active and reportable quests but exclude reported quests (3.2824ms)
✔ status always provides a fourth quest page when no quest is active (0.6ms)
✔ B1F creates one to three stone pickup circles and no later floor does (100.2239ms)
✔ stones enter the loot bag and settle into inventory (5.9873ms)
✔ a thrown stone uses normal hit chance and deals fixed nine damage (28.8683ms)
✔ the dungeon pickup handler adds stones to the loot bag (11.105ms)
✔ floor materials and key items use the shared silhouette-hiding glow (1.9928ms)
✔ Search and Destroy makes thrown items hit even the Maikaefer at the maximum miss roll (2.7528ms)
✔ Taurus is a unique cost-eight Zodiac card with only the confirmed public description (2.162ms)
✔ Taurus raises maximum HP by fifty percent after additive bonuses (10.7441ms)
✔ Taurus depth DEF follows ten-floor bands and caps its bonus at sixty (1.166ms)
✔ Taurus applies a derived DEF bonus without storing or accumulating it (3.3842ms)
✔ main uses contextual Taurus stats for status, battle, traps, and lock checks (3.694ms)
✔ town receives the persistent character instead of a Taurus presentation copy (1.8612ms)
✔ tavern menu reserves the requested five-command layout (1.7392ms)
✔ NPC hiring opens its implemented submenu while past rumors remain available (0.5436ms)
✔ past rumors open a paginated history panel from the tavern (0.7614ms)
✔ the rumor list returns every available unread rumor in registration order (8.9711ms)
✔ only the latest unlocked stage of each rumor is returned (1.0824ms)
✔ saved event flags drive stage updates without duplicated caller conditions (0.7738ms)
✔ sync queues every current unread stage once and persists the queue (1.3557ms)
✔ a newly unlocked stage replaces its obsolete queued stage (0.7866ms)
✔ completing a notification does not mark the tavern rumor as read (1.102ms)
✔ a notified rumor can queue its newly available conversation stage (0.8438ms)
✔ reading a rumor while its notification waits removes it from the queue (1.1724ms)
✔ malformed and legacy notification state is normalized safely (5.4644ms)
✔ pending and completed notification IDs survive character normalization (1.3952ms)
✔ the Johanna rumor participates in the same notification list (0.6812ms)
✔ the B42 marathon follow-up replaces the pending B40 rumor stage (0.7163ms)
✔ new relic and long-march rumor stages use the shared notification queue (0.8449ms)
✔ Verfolger notification changes from base to defeated without marking the rumor read (0.9354ms)
✔ Lichtbringer notification switches to ownership stage without reading it (0.8285ms)
✔ cat rumor notification requires the accepted quest and switches only after peaceful resolution (1.4731ms)
✔ tavern rumor typewriter isolates only customer and Rosa dialogue (4.0521ms)
✔ tavern rumor becomes read and is unavailable until its Mikan update (5.5356ms)
✔ meeting Mikan before hearing the rumor starts with the updated version (1.0086ms)
✔ B2 unlocks the lingering ghost rumor and victory unlocks its update (1.4627ms)
✔ unread tavern rumors are returned in registration order (0.7533ms)
✔ past rumors list only heard topics without a current unread update (1.2981ms)
✔ past rumor descriptions preserve the two customers and Rosa (0.7426ms)
✔ B4 unlocks the terrifying presence rumor and Otherworldly Wisdom adds Rosa's follow-up (1.1942ms)
✔ priest rumor requires quest 019 plus one hundred donations and updates after quest 016 (1.6685ms)
✔ acolyte rumor unlocks at five hundred donations and continues after the hidden temple event (2.4389ms)
✔ acolyte rumor stays hidden at five hundred donations until the priest rumor is complete (0.8312ms)
✔ Johanna rumor requires one hundred inn stays and reported Maerchentiere, then preserves two exact customer pages (1.2045ms)
✔ B40 unlocks the marathon rumor and a B42 marathon completion adds its follow-up (1.3212ms)
✔ an existing save that already completed the B42 marathon receives only the latest rumor stage (0.5584ms)
✔ B50 unlocks the relic weapon rumor and any four-relic ownership location unlocks its follow-up (2.3744ms)
✔ B80 plus the B42 marathon unlocks the second marathon rumor and B84 adds its follow-up (1.1108ms)
✔ B100 plus the B84 long march unlocks the final rumor and final completion adds its follow-up (1.2061ms)
✔ legacy saves that already meet all conditions receive only the latest new rumor stages (0.7121ms)
✔ Verfolger rumor unlocks at B90, follows first defeat, and preserves latest-stage history (1.9605ms)
✔ Verfolger already defeated old saves offer only the latest unread stage (0.6275ms)
✔ nested dialogue quotes remain inside typewriter text (0.1582ms)
✔ Lichtbringer rumor uses B90, real ownership, exact dialogue and latest history (2.1248ms)
✔ Johanna cat rumor requires B69 and quest 027; only borrowed cat plus peaceful solution continues (2.153ms)
✔ cat rumor preserves read base after combat-route report and uses owned cat for legacy peaceful saves (2.551ms)
✔ throwing weapons keep fixed damage, individual accuracy, and one-item consumption for every job (40.1792ms)
✔ throwing inherits lightning card or oil and applies weakness per hit without changing accuracy (10.4849ms)
✔ elemental throws respect resistance and immunity and still consume only one item (8.4796ms)
✔ normal and thief DEX30 accuracy boundaries for both new items (12.4935ms)
✔ knives unlock on B70 arrival, spear remains unavailable, saved quantities and caps survive (4.9836ms)
✔ Pisces guardian achievement reads the persisted complete-victory flag (7.6299ms)
✔ B76 fixed optional room preserves its content and shared zodiac gate (50.2367ms)
✔ independent twins and complete victory reward are repeat-safe (8.4841ms)
✔ melee cannot reach even with Sagittarius and follow-up; thrown item can (37.4607ms)
✔ preselection reserves only one whirlpool, alternates and allows guarding (11.4297ms)
✔ dead preparation owner releases reservation; simultaneous deaths do not enrage (5.8792ms)
✔ weight boundaries and fresh snapshot after escape (0.8336ms)
✔ crystal reports actual SP loss including low and empty SP (3.427ms)
✔ AoE damages both, melee skills including holy strike fail, ranged miracles reach (11.6744ms)
✔ stunned preparation remains reserved and excludes the other twin (5.2411ms)
✔ bleed occurs once only on actual hits; total misses do not bleed (4.8881ms)
✔ NPC melee including Erika holy strike cannot reach; Johan magic remains effective (7.0476ms)
✔ escape is guaranteed even at the highest roll (0.411ms)
✔ whirlpool percentage, guard, fixed wall and independent magic barrier (35.2332ms)
✔ main registers continue handlers before the title screen becomes interactive (17.5345ms)
✔ title actions wait for the main game ready handshake (2.9458ms)
✔ title option reuses the game option screen and returns to the title (5.2001ms)
✔ B20F torture-region enemies use their supplied images and replace the prior pool (10.8456ms)
✔ all torture-region enemies use the B90F three-action pattern (0.621ms)
✔ torture-region stats form a survivable progression from the magic region (0.5073ms)
✔ torture-region third actions implement bleeding, defense ignore, and restraint (1.3557ms)
✔ torture-region formations unlock progressively and stay within three enemies (12.0334ms)
✔ missing or invalid legacy touch movement settings fall back to the fixed d-pad (1.7088ms)
✔ mobile and tablet layouts switch exclusively between d-pad and floating stick (2.4899ms)
✔ desktop keeps the existing floating-stick behavior when touch controls are forced on (0.2626ms)
✔ d-pad directions map to the shared forward, back, and turn actions (0.2654ms)
✔ touch movement selection is exposed, persisted, restored, and applied immediately (15.3695ms)
✔ both touch movement UIs use the existing dispatch path and common input lock (2.9584ms)
✔ d-pad cancellation, mode changes, and long presses always clear active state (2.987ms)
✔ d-pad presentation preserves safe areas, minimum touch size, and beveled corners (1.3379ms)
✔ town facilities use the formal character names (1.936ms)
✔ shop greeting and guild quest client names stay synchronized (0.4868ms)
✔ Helen's walking portrait changes permanently after her hidden event (5.2076ms)
✔ Parthenope stops walking through town permanently after quest 028 is accepted (2.006ms)
✔ the horse and chicken walk through town more often than the rare visitor (1.1828ms)
✔ Loretta is enlarged and drawn immediately in front of the priest (0.5571ms)
✔ Malicious hurries through town immediately behind the horse layer (0.7341ms)
✔ Malicious permanently leaves the town passersby after quest 011 is accepted (1.1702ms)
✔ Treliren requires both the explorer rumor and completed dungeon meeting (0.553ms)
✔ town overlays expose touch controls for quantities and paged lists (13.182ms)
✔ transfer destinations require selection before a second tap activates them (3.5866ms)
✔ poison, deadly poison, and death poison use distinct status labels (9.2469ms)
✔ ordinary antidote cannot cure deadly poison or consume an item or battle turn (7.2777ms)
✔ deadly poison antidote rejection has its dedicated text and buzzer feedback (8.6066ms)
✔ transfer destinations are data-driven and expose only unlocked floors (7.8481ms)
✔ achievement popup uses the k8x12 font and queues newly achieved records (12.6832ms)
✔ Eiskoenigin alone receives a reduced-motion-safe multi-sparkle layer (4.5711ms)
✔ Glacies and Eiskoenigin use dedicated large boss image sizes (2.1375ms)
✔ Fleischfresser uses its dedicated large battle image size (1.9284ms)
✔ Otherworldly Wisdom uses its dedicated large battle image size (1.5107ms)
✔ Todes Scorpio uses a dedicated superboss image size (1.6747ms)
✔ transfer destination UI is separate from the six command slots and paginates by five (3.8229ms)
✔ closing the transfer UI restores the shared dungeon and battle command area (2.4288ms)
✔ Iron Maiden sizing cannot shrink the boss HP meter (2.488ms)
✔ treasure colors use their configured 20, 50, and 80 percent trap rates (2.5429ms)
✔ thieves always disarm red treasure traps (3.8907ms)
✔ falling stones and crossbows deal nonlethal maximum-HP damage (1.7049ms)
✔ a successful crossbow saving throw halves damage (0.7032ms)
✔ poison needles inflict poison without damage after both checks fail (1.2608ms)
✔ regional assignment is stable across floors, zones and saved games, with one meeting per expedition (18.2769ms)
✔ all eight regions exclude boss floors, inaccessible ranges and unread rumor (4.9192ms)
✔ patrol never chases, alternates foot image on movement, survives reload and obeys marker exploration (4.7054ms)
✔ incense fills inventory then warehouse, sells for one without buyback and blocks only presence growth (4.1743ms)
✔ rumor unlocks at B10, switches after meeting and retains titled history (3.4588ms)
✔ entrance camp requires a completed meeting and a roll strictly below twenty percent (0.5654ms)
✔ patrol contact and blocked neighbors are distinct legitimate non-movement outcomes (0.5497ms)
✔ all two-handed weapons clear the left hand and prevent it from being re-equipped (17.4901ms)
✔ one-handed weapons continue to allow compatible left-arm equipment (0.6278ms)
✔ normalization repairs saved two-handed and left-arm equipment conflicts (7.4454ms)
✔ tunguska retains supplied parameters and substitutes actual damage (6.4076ms)
✔ tunguska real charge action emits registered presentation per actual target (25.6151ms)
✔ apocalypse retains supplied parameters and substitutes actual damage (2.1418ms)
✔ apocalypse real charge action emits registered presentation per actual target (7.6294ms)
✔ reveal is continuous from silhouette through blur to the actual image (1.7472ms)
✔ blood profile survives combatant creation and particles are bounded and time-based (2.7136ms)
✔ concealed and reduced-motion blood canvases clear without drawing (0.5883ms)
✔ Verfolger data, approved assets and explicit B90-B98 production registry (11.4113ms)
✔ action boundaries are 40/35/25 and reservation replaces the lottery exactly once (22.3721ms)
✔ bites apply bleeding once per action and rend applies deadly poison (5.0454ms)
✔ holy actual damage breaks stance; miss, zero damage, other elements and enemy-side damage do not (5.3896ms)
✔ deadly/death poison remain possible at 5% for ordinary potency; element multipliers correct (0.9155ms)
✔ no gold, items, red chest or cards drop at any roll, and escaping is guaranteed (1.3222ms)
✔ all nine floors place one legal individual; old saves stay empty, escape resets, death persists (73.9179ms)
✔ per-floor defeat and achievement survive normalization without affecting other floors (6.2719ms)
✔ warehouse uses the inventory-style ten-entry paged interface (10.5514ms)
✔ opening introduces the guardian and its magic barrier on separate lines (9.5747ms)
✔ normal and crisis tables exclude useless absorption and repeated actions (3.1771ms)
✔ weighted selection covers all normal actions and ordinary enemies keep their table (3.8321ms)
✔ barrier break exhausts and cancels tide; regeneration waits for next player opportunity (3.1724ms)
✔ real rounds give an exposed hit before regeneration for either action order (21.2297ms)
✔ absorption reserves tide on recovery to max only; chip damage interrupts it (2.1991ms)
✔ tide fires, guard reduces damage, and an earlier player hit cancels preselected tide (8.7594ms)
✔ half HP triggers phase two once; charge and greater spell use configured values (2.4425ms)
✔ strike drains ten SP only on real HP damage, with no barrier recovery (8.5184ms)
✔ new battle has no exhausted, phase-two, reservation or previous-action state (2.5236ms)
✔ poison persists while exposed and is cleansed by regeneration and absorption (4.5168ms)
✔ deadly_poison persists while exposed and is cleansed by regeneration and absorption (2.623ms)
✔ death_poison persists while exposed and is cleansed by regeneration and absorption (2.2551ms)
✔ positive-to-positive recovery, opening, empty poison set and other enemies never cleanse (1.2151ms)
✔ Scorpio can apply death poison to exposed boss; damage ticks and redeployment cleanses it (2.0117ms)
✔ poison blade applies poison through a real attack against exposed HP (2.7481ms)
✔ invalid input does not advance regeneration and skipped enemy preserves tide reservation (2.7654ms)
✔ body sparkle is below the shield and persists without shield; reduced motion is static (1.6095ms)
✔ B18 fixed unlocked event, assets, unique reward and achievement (10.4054ms)
✔ spell damages shield; overflow cannot hit HP; subsequent attack damages HP (17.3076ms)
✔ three thrown hits share shielding and one barrier sound (4.6887ms)
✔ absorption ceilings SP, redeploys, caps and marks full transition; AI uses action (4.9063ms)
✔ escape never marks victory and fresh fight has full barrier (4.8616ms)
✔ five-hit physical action and full misses retain HP; shield does not leak between fights (8.0582ms)
✔ B70F through B79F unlock the four water-region enemies progressively (4.1942ms)
✔ water-region formations deepen from piranha groups into the two B78F mixed parties (1.1388ms)
✔ a mixed water-region battle safely retargets when the selected enemy is already defeated (17.4918ms)
✔ Abyss Piranha uses lightning weakness, multi-hit attacks, and normal bleeding resistance (1.0524ms)
✔ Abgrundaal resists lightning, is weak to ice, and carries two action-disable attacks (0.632ms)
✔ Abgrundkrabbe is the high-defense bleeding-immune enemy and uses existing guard (0.709ms)
✔ Abyss Giant Catfish is the largest reward enemy and applies action disable or speed down (0.5351ms)
✔ all four water-region enemy image files exist and no placeholder materials are assigned (9.2721ms)
✔ elemental oils cost 500G and unlock together after quest 013 reporting (2.2138ms)
✔ elemental armament cards are exclusive SR cost-four cards with future sale values (5.5461ms)
✔ every card follows the fixed rarity cost table (0.3585ms)
✔ physical attack element priority is skill, oil, weapon, card, then physical (1.8976ms)
✔ elemental oil lasts for the battle, rejects the same oil, and another oil overwrites it (19.3393ms)
✔ deck UI uses the shared warning effect for elemental conflicts (9.1939ms)
✔ wing gift shop opens at B80, price is 10000 (1.684ms)
✔ field use subtracts fixed base fifths and rejects fifth use or full SP without consumption (7.0407ms)
✔ normalization and JSON reload retain penalty without compounding (8.8349ms)
✔ battle item consumes one, recovers SP and retains reduced max HP (9.762ms)
✔ seal snapshots equipped Aries only; no opening damage or resource/charge consumption (14.1691ms)
✔ action weights and pride last three subsequent opportunities with no restacking (6.132ms)
✔ triple bleeding is one successful after-damage application; misses and barrier absorption exclude it (2.6481ms)
✔ star arrow is reserved, has a fresh command opportunity, and guard reduces its damage (2.193ms)
✔ Sagittarius preserves immunity and weaknesses while bypassing elemental resistance and DEF (1.8115ms)
✔ Sagittarius applies through real multi-target physical skills and spell actions (5.8109ms)
✔ B96 fixed room, neighboring rooms, first victory, old ownership and saved achievement (15.884ms)
✔ Astronomy is SR cost 4 and enters existing purple chest SR rolls (1.8957ms)
✔ Only equipped Astronomy detects guardians; ownership and former NPC detection do not (5.0686ms)
✔ Gemini retains legacy discovery while Astronomy discovers and follows the active act (1.3756ms)
✔ Virgo points to the active guild objective, then disappears when the dungeon task is done (0.9468ms)
ℹ tests 1668
ℹ suites 0
ℹ pass 1668
ℹ fail 0
ℹ cancelled 0
ℹ skipped 0
ℹ todo 0
ℹ duration_ms 9207.0876
