✔ quest history and adventure record descriptions reserve fixed line counts (12.7579ms)
✔ rumor history reserves more lines and scrolls long dialogue (3.9719ms)
✔ adventure records summarize values already stored in the save (45.8184ms)
✔ adventure statistics include the original entries and new activity counters (1.1044ms)
✔ play time uses an hour counter that can exceed one day (0.279ms)
✔ play time stops for hidden tabs and after five minutes without input (1.4013ms)
✔ play time preserves MVP saves and safely resets when the era changes (1.6514ms)
✔ chronicle restores achieved milestones from existing progress flags (3.0654ms)
✔ B1F survey achievement follows quest 003's one-hundred-cell flag (1.44ms)
✔ reported survey quests rescue all three one-hundred-cell achievements (1.1201ms)
✔ unachieved stable and Otherworldly Wisdom milestones show their hints (1.1005ms)
✔ Mimic and ten-Maikaefer achievements expose their requested hidden hints (1.5371ms)
✔ midgame chronicle includes the seven new boss, floor, and survey achievements (0.7211ms)
✔ deep cold chronicle includes B45F, both ice bosses, B50F, and the second long march (2.0006ms)
✔ new deep-cold achievements conceal their names behind hints until achieved (1.2302ms)
✔ priest recovery achievement keeps its hidden hint until quest 016 is reported (0.8657ms)
✔ jungle achievements follow the requested order and preserve the musk hint (1.6512ms)
✔ the post-Fleischfresser chronicle uses durable progression flags and requested hints (1.7408ms)
✔ the final long march is placed between B100F arrival and the guardian gauntlet (0.684ms)
✔ legacy Amayenak clears retain the B100F guardian achievement (0.6549ms)
✔ the completion achievement is revoked while new item compendium achievement is reserved (2.072ms)
✔ mobile achievement labels stay on one line with a reduced dedicated font (11.5553ms)
✔ rare-event and long-play achievements use the existing immediate notification path (4.0569ms)
✔ Johanna medicine achievement unlocks only after quest 031 is reported (0.9312ms)
✔ new guardian, twelve zodiac kinds and maximum level use independent achievement conditions (3.8287ms)
✔ Anastasia's hidden outfit waits for both her assignment and the five-hundred-donation rumor (3.927ms)
✔ the unlocked outfit and walking-picture suppression apply only on real Sundays (0.358ms)
✔ Anastasia changes back only while the outfit event blackout is opaque (10.1386ms)
✔ maximum SP initializes independent barrier and shared cost permits SP zero (28.5422ms)
✔ magic barrier absorbs complete multi-hit overflow then subsequent attacks hit HP (7.4625ms)
✔ normal barrier consumes one entire attack before magic layer; unequipped overflow stays unchanged (9.3329ms)
✔ persistent changes and loaded saves remove barrier; next battle recreates from current max SP (6.7916ms)
✔ victory removes battle-only magic barrier (2.6017ms)
✔ all skill categories share free cost and normal reductions resume after barrier breaks (2.3812ms)
✔ arrow glint repeats two bounded pulses and is assigned to Zentaurin (2.3589ms)
✔ concealment and reduced motion clear both glint layers (0.7556ms)
✔ Web Audio uses one context with independent cached SE and BGM gain paths (12.6502ms)
✔ auto return routes through an explored normal closed door (4.1158ms)
✔ auto return does not route through locked, boss, or special-room doors (0.5748ms)
✔ persistent auto return rejects duplicate starts and survives a battle input lock (2.4104ms)
✔ manual input interrupts persistent auto return without recreating its spent resource (14.2549ms)
✔ 003: 98 cells incomplete, 99 cells reportable while Leo remains sealed (7.4817ms)
✔ 003: old saved progress 99 survives normalization and return without migration (7.8669ms)
✔ 001+002+003: actual kill and exploration progress unlock B2F only after all reports (2.5663ms)
✔ only B1 survey uses 99; B35/B45 remain accessible 100-cell surveys (1.7831ms)
✔ new B100F, zone, reserved boss, and ending audio assets are registered (2.6451ms)
✔ zone and B100F final boss BGM selectors use their dedicated tracks (0.7846ms)
✔ B100F warp waits for A, starts warp SE, fades, and applies its destination while dark (0.5688ms)
✔ B100F queen shadow overlay fades after its warning (0.4368ms)
✔ B100F blocks minimap only and keeps the entrance portal canvas-rendered (0.5639ms)
✔ B100F warp and guardian prompts use large overlay imagery and phantom silhouettes (0.8117ms)
✔ B100F guardian progress is per exploration while repeat victories award zero EXP (0.6759ms)
✔ Amayenak receives a dedicated enlarged battle image without consuming the vital area (0.363ms)
✔ guardian silhouettes remain forced between hit animations (0.3836ms)
✔ nearby dungeon NPC and boss sprites receive a shared proximity enlargement (0.4495ms)
✔ B100F final prelude registers its altar layers and delays battle for two seconds (0.5577ms)
✔ B70 red chest exact 50/30/15/5 boundaries yield one item (13.4489ms)
✔ the existing medium strong potion is reused without changing its price or effects (0.5072ms)
✔ 蒼真珠: material limits, description, no use, no shop stock (1.0937ms)
✔ 蒼真珠: lot settlement and partial sale preserve quantities and gold (12.4232ms)
✔ 蒼真珠: inventory overflow uses existing warehouse handling (1.7423ms)
✔ 水晶珊瑚: material limits, description, no use, no shop stock (0.3107ms)
✔ 水晶珊瑚: lot settlement and partial sale preserve quantities and gold (2.1947ms)
✔ 水晶珊瑚: inventory overflow uses existing warehouse handling (0.6548ms)
✔ 沈没王国の金貨袋: material limits, description, no use, no shop stock (0.283ms)
✔ 沈没王国の金貨袋: lot settlement and partial sale preserve quantities and gold (1.6261ms)
✔ 沈没王国の金貨袋: inventory overflow uses existing warehouse handling (1.0681ms)
✔ B70 uses the common 1-3 placement count and avoids stairs, NPCs and feature reservations (994.8988ms)
✔ neighboring floors keep red placement and original loot; other chest types exclude new valuables (381.5289ms)
✔ B70 saved chests are preserved and opened/old empty cells gain no chests on restore (36.4797ms)
✔ B99F Seelenwuerger uses the requested before/after event art and conditional dialogue (8.4271ms)
✔ B99F creates one trapped gold chest for its red-rust key and a sealed boss room (43.9888ms)
✔ B99F key chest is not recreated after pickup, door unlock, or boss victory (81.5497ms)
✔ B99F key chest restoration can exclude the player's saved cell (20.2861ms)
✔ B99F pre-battle dialogue waits for A, then starts the battle immediately once (1.5164ms)
✔ battle HP presentation applies attacks, poison, bleeding and healing without drifting (3.0728ms)
✔ quick-status HP can follow every player presentation event through zero HP (0.8015ms)
✔ multi-enemy HP presentation updates only the event target in real time (0.3399ms)
✔ battle speed defaults to the existing fast pace and normalizes all three modes (3.3169ms)
✔ battle speed cycles from fast to normal to slow (0.3079ms)
✔ legacy slow settings migrate to the renamed normal pace (0.271ms)
✔ fast mode preserves every existing standard presentation delay (0.2689ms)
✔ normal mode preserves the former slow pace at 1.8 times (0.2239ms)
✔ slow mode lengthens presentation and auto-battle pacing by 2.6 times (0.1955ms)
✔ three speeds add distinct readable pauses after dedicated effects (0.2294ms)
✔ battle timing is applied only to presentation and automatic action spacing (21.4223ms)
✔ battle speed uses versioned device-wide settings (4.8622ms)
✔ battle speed control exposes all labels through an accessible touch-sized button (2.3078ms)
✔ battle speed handles touchend once even when the global touch guard suppresses click (2.7772ms)
✔ a declined battle chest disappears without awarding loot (2.3026ms)
✔ an opened battle chest uses the normal trap and loot hooks (0.7943ms)
✔ an adjacent NPC does not overwrite the opened chest reward message (0.5006ms)
✔ boss HP meter reports one of 100 remaining segments (1.5724ms)
✔ B9 strange statue boss data is isolated and balance-adjustable (3.9472ms)
✔ only bosses with dedicated remains content leave a dungeon remnant (0.3277ms)
✔ boss victory persists independently from its future reward (3.5949ms)
✔ B2 lingering ghost is a repeatable undead event boss with experience only (0.3003ms)
✔ B4 otherworldly wisdom is a one-time superboss with Libra reward (0.4319ms)
✔ B19 fallen mage is a one-time magic floor boss with a placeholder reward (0.5578ms)
✔ B29 Iron Maiden is a physical checkpoint boss with a low-HP death bite (0.3262ms)
✔ B39 Wicker Man is a fire checkpoint boss with dedicated event art (0.2721ms)
✔ B49 Eiskoenigin is an ice checkpoint boss stronger than Glacies (0.4334ms)
✔ peacefully resolved Sphinx reuses the pre-battle event image while sleeping (0.5539ms)
✔ B16 Jabberwock is a one-time high-difficulty event boss (0.2768ms)
✔ B9 always creates one sealed 1x3 boss room and one trapped key chest (1422.4478ms)
✔ opened B9 red door stays red and defeated boss never respawns (22.8798ms)
✔ B19 creates a reusable 1x3 checkpoint room and leaves remains after victory (93.5763ms)
✔ B29 creates a keyed 1x3 checkpoint room and leaves remains after victory (120.6827ms)
✔ B39 creates a keyed 1x3 checkpoint room and leaves Wicker Man remains (125.3074ms)
✔ B49 creates a keyed 1x3 checkpoint room and leaves Eiskoenigin remains (105.749ms)
✔ the B9 red rust key is a non-sellable key item (1.5929ms)
✔ B9 through B49 red rust keys share a display name but keep separate IDs (0.6856ms)
✔ B10 stairs up is marked as the transfer portal (31.949ms)
✔ B20 stairs up is marked as the second transfer portal (37.1617ms)
✔ B30 stairs up is marked as the third transfer portal (48.5434ms)
✔ every tenth floor through B100F contains a transfer portal (226.102ms)
✔ Brass Bull is a B36F quest event boss with a guaranteed unique material reward (2.362ms)
✔ Glacies is the B46F quest event boss with a warrior hammer reward (0.372ms)
✔ Bouncing Coin is the B1F-B4F one-to-three enemy with fixed per-unit rewards (2.8757ms)
✔ Bouncing Coin only calls one ally at a time and stops after two reinforcements (30.341ms)
✔ fixed coin gold counts every defeated initial or summoned unit and ignores living units (0.858ms)
✔ multi-enemy UI hides HP bars and preserves defeated layout slots invisibly (2.0945ms)
✔ Bouncing Coin multi-hit accuracy averages only one or two hits out of five (1.3859ms)
✔ a multi-battle enemy defeated before its queued turn cannot attack (8.4557ms)
✔ battle presentation skips queued hits after their target has vanished (1.006ms)
✔ Cancer keeps the existing Z identity and exposes the confirmed public and detailed descriptions (6.5551ms)
✔ Cancer raises maximum HP by 25 percent after additive bonuses without healing or duplicate recalculation (18.05ms)
✔ Cancer maximum HP survives protected save and load without multiplying again (19.9592ms)
✔ Cancer does nothing while unequipped and succeeds below but not at the 30 percent boundary (1.6267ms)
✔ Cancer aggregates a multi-hit enemy action and rolls one 120-damage counter after all three hits (23.5735ms)
✔ Cancer uses HP loss after barrier absorption and does not count barrier damage (12.9569ms)
✔ Cancer excludes zero damage, player death, damage-over-time, traps, self damage, reflection, and counters (0.7685ms)
✔ Cancer keeps the recorded loss when the player is healed during the same action (0.4216ms)
✔ Cancer supports attack spells and never applies critical, defense, resistance, or player damage multipliers (0.4138ms)
✔ Cancer never answers player attacks or other non-enemy attack sources (0.4099ms)
✔ Cancer counters each enemy action against its original attacker in multi-enemy battles (5.9456ms)
✔ Cancer counter can defeat a normal enemy or boss and boss rewards retain duplicate protection (9.1712ms)
✔ Cancer counter is a fixed presentation event and cannot recursively trigger hit effects (0.2901ms)
✔ card gallery lists only owned production cards (3.4616ms)
✔ card gallery rarity filter keeps owned cards of the selected rarity (0.5876ms)
✔ B90F cat gold chests map every job to one unique unenhanced weapon (8.1087ms)
✔ cat weapon special descriptions stay in details but are omitted from the compact status row (0.5593ms)
✔ B90F to B98F use the five-percent boundary without affecting B50F gold chests (283.4182ms)
✔ cat weapons are detected in equipment, inventory, warehouse, and the loot bag (1.3021ms)
✔ cat weapons remain unique and unenhanced through loot settlement and save normalization (6.1262ms)
✔ cat weapon bonuses and active effects disappear when the weapon is unequipped (52.0666ms)
✔ B90F ordinary black chests retain the existing generic fallback (0.8961ms)
✔ Katzbalger is a one-handed DEF-piercing HP weapon and repeats only low-HP normal attacks (37.7731ms)
✔ Katzendolch performs four independent half-power hits with capped critical and penetration (3.0164ms)
✔ Katzenkolben is one-handed, boosts miracles, and heals once after a landed normal command (21.2847ms)
✔ Katzenstab applies spell power and multiplicative-before-fixed SP reduction in field and battle paths (5.4411ms)
✔ Cat Whim recasts below thirty percent, stops at the boundary, and never charges extra SP (9.7803ms)
✔ Gemini duplicates every target attack before Cat Whim without recursive copies (7.5901ms)
✔ Cat Whim excludes support, healing, charge, and ultimate actions (15.8518ms)
✔ Cat Whim repeats all-target attack spells against only living enemies and stops after a wipe (8.3328ms)
✔ temple renaming changes only the name and fixed fee (12.5068ms)
✔ temple renaming rejects insufficient gold and empty names without charging (1.1455ms)
✔ character names retain the registration trim and twelve-character limit (0.3006ms)
✔ a renamed character keeps its name through save serialization and normalization (5.117ms)
✔ rename cancellation precedes the rename callback and successful UI refreshes are wired (12.5805ms)
✔ only B40F to B49F are damaging cold floors (1.5455ms)
✔ cold floors deal one step damage and use the shared nonlethal path (12.6893ms)
✔ coldproof boots negate cold floor damage and hide their ice resistance (2.6579ms)
✔ cold area uses a dedicated blue mist palette (3.5491ms)
✔ Golden Beetle increases battle experience by 25 percent (8.4499ms)
✔ Maikaefer usually escapes and leaves no battle reward (16.9842ms)
✔ Maikaefer escape resolves before NPC opening support (3.7511ms)
✔ all classes have 24 stat points and 45 HP+SP (0.2741ms)
✔ registration jobs use the intended order and localized labels (1.2843ms)
✔ initial equipment matches every class profile (1.5971ms)
✔ early enemies use the MVP difficulty profile (0.3311ms)
✔ B2F adds rabbit, undead and poison slime encounters (0.5214ms)
✔ B50F to B59F encounter Abyss Tiger, Abyss Panther, and Abyss Mushroom (1.8208ms)
✔ B60F to B69F encounter the three desert enemies and only Abyss Lizards form groups (2.8435ms)
✔ poison slime sometimes selects an attack that can inflict poison (0.509ms)
✔ enemy action tables select weighted spells and multi-hit attacks (0.8531ms)
✔ all initial classes can damage the adjusted cave slime (2.9955ms)
✔ the oak staff alone uses 0.75 INT and ignores defense (0.4929ms)
✔ future staves do not inherit the oak staff rescue attack (0.1674ms)
✔ Wisdom to Power adds half INT to normal attacks except with the oak staff (0.438ms)
✔ equipment bonuses are included in combat stats (0.5283ms)
✔ detail status derives current character percentages (0.9572ms)
✔ detail status attack power includes weapon and equipment stats (0.4074ms)
✔ detail status includes the dagger DEX damage contribution (0.3825ms)
✔ collected main stats are capped at 30 (0.2555ms)
✔ DEF is capped independently at 60 (0.3862ms)
✔ fixed RNG reproduces physical attack results (0.3576ms)
✔ miss deals zero and a landed hit deals at least one (0.4069ms)
✔ combatants can define a lower physical hit floor and an evasion bonus (0.2017ms)
✔ critical is 1.5x normal with minimum two (0.2296ms)
✔ dagger normal attack, quick strike and poison blade are two hits (0.5211ms)
✔ dagger attacks add one quarter of DEX to attack power (0.2195ms)
✔ dagger battle round exposes two separate hit presentation events (11.6101ms)
✔ healing skill exposes a green-number presentation event (3.4725ms)
✔ Holy Strike ignores defense and uses the combined STR and INT holy formula (0.3587ms)
✔ Guardian Prayer grants five DEF for the full battle and cannot stack (0.1698ms)
✔ Triage is a level-ten battle-only miracle that always acts before ordinary enemy actions (0.9001ms)
✔ poison blade resolves poison once on the first landed hit (1.1361ms)
✔ defense penetration is capped at 75 percent (0.2853ms)
✔ fireball is unavoidable, immunity is zero and weakness is 1.5x (4.9305ms)
✔ Ice, Pierce uses explicit self and enemy turn-order wording (0.1843ms)
✔ the three basic elemental spells use their revised costs and Lightning, Pierce unlocks at level 8 (0.1875ms)
✔ magic damage reduction lowers final spell damage without changing status resistance (0.3116ms)
✔ three Magic Barrier cards combine with deep equipment up to the 75 percent cap (0.5133ms)
✔ the complete anti-magic armor set grants a hidden ten-percent bonus and still respects the cap (0.3845ms)
✔ negative ability cards cost one and cannot lower STR or AGI below one (0.3921ms)
✔ Elemental Spell Resistance and Scorching Resistance reduce only their intended spell damage (0.5597ms)
✔ elemental staves amplify matching magic and increase opposite incoming damage (0.3456ms)
✔ Magic Resistance affects non-elemental spells only (0.261ms)
✔ SP Saver reduces skill costs to a minimum of one (0.201ms)
✔ all implemented enemies and bosses expose internal reference levels (2.8762ms)
✔ healing uses no RNG and cannot overheal (0.1999ms)
✔ Sylvan Emera multiplies DEF and healing miracles by 1.5 (0.2902ms)
✔ Grain Choker healing bonus multiplies with Sylvan Emera (0.1758ms)
✔ Comet Booster grants Fall the Meteor only while equipped (4.817ms)
✔ ice immunity does not prevent ice bind status roll (0.2495ms)
✔ immune status always fails (0.1632ms)
✔ environment saves expose the configured success effect (0.5766ms)
✔ instant death is capped at 50 percent and immunity is zero (0.3797ms)
✔ surprise chance is reduced by LUC and never below zero (0.6278ms)
✔ normal enemy surprise is capped at 30 percent and resistance at 15 percent (0.2049ms)
✔ surprise saving throw uses the final reduced rate (0.2657ms)
✔ zero torch fuel can force an ambush regardless of normal resistance (0.1415ms)
✔ enemy ambush grants exactly one enemy opening action (2.8871ms)
✔ escape uses the enemy escape rate with injectable RNG (0.3003ms)
✔ poison damages at target action end and never expires naturally (0.4858ms)
✔ poison damage stops at one HP (3.5807ms)
✔ deadly poison deals five percent per action lethally and per step nonlethally (0.4568ms)
✔ death poison deals ten percent lethally and is cleared after battle (4.8179ms)
✔ Todes Scorpio is the level 85 B64 optional superboss that inflicts death poison (0.2555ms)
✔ Deadly Poison Immunity is a unique legendary card with full resistance (0.1747ms)
✔ same status refreshes instead of stacking (0.2093ms)
✔ action skip consumes one opportunity and is removed (0.2461ms)
✔ electrified skips the next action and uses LUC plus action-disable resistance (0.3235ms)
✔ turn order uses AGI, speed modifier and raw AGI tie-break (0.2324ms)
✔ illusion changes the physical hit floor to 50 percent (0.1704ms)
✔ initial character receives class vitals and starting skills (0.5525ms)
✔ every initial skill has a display description of up to three lines (1.0865ms)
✔ legacy characters migrate to their class vitals and skills (0.9838ms)
✔ Magic Wall blocks three weak physical actions but not a strong hit (13.2276ms)
✔ Magic Wall blocks the rat, rabbit, slime and lingering ghost normal attacks (15.6748ms)
✔ existing mage saves receive Magic Wall as a starting skill (0.9912ms)
✔ Magic Wall expires when battle-only statuses are cleared (0.2057ms)
✔ inn recovery restores HP and SP to maximum (0.4332ms)
✔ legacy poison turn counters are removed when character data is normalized (1.0939ms)
✔ temple revival restores one HP and preserves death-time SP (0.2165ms)
✔ dungeon defeat loses carried experience unless it is protected (0.2245ms)
✔ growth curve reaches the formal level 197 HP and SP caps (0.3354ms)
✔ HP and SP growth is front-loaded without changing endpoints or job identities (17.6685ms)
✔ deck cost starts at three and rises only at prime-numbered levels (1.1197ms)
✔ new characters have an empty six-slot card deck ready for future cards (0.4745ms)
✔ card deck normalization rejects unknown, unowned, duplicate and over-cost cards (0.5206ms)
✔ inn deck editing equips and removes owned cards without exceeding cost (1.5941ms)
✔ common event cards share inventory with future drops and apply deck bonuses (1.8091ms)
✔ the three initial common cards use the Excel effect values (0.1877ms)
✔ Dexterity Lesson is a stackable cost-one C card with DEX plus one (0.2137ms)
✔ Alertness is a stackable cost-one C card with two percent surprise resistance (2.9111ms)
✔ common HP and SP cards stack up to six copies and raise maximum vitals (15.3921ms)
✔ main card registry contains every rarity and all twelve zodiac cards (0.4391ms)
✔ Aries stores the complete opening-strike contract (0.1779ms)
✔ Aries prevents an enemy ambush and preserves the player's command phase (2.6437ms)
✔ Aries makes every hit of the first attack unavoidable and then expires (5.9792ms)
✔ Aries keeps its opening attack after guard and defeats Maikaefer before escape (5.7673ms)
✔ Aries doubles the first attack spell without affecting later spells (5.5875ms)
✔ Capricorn gains one long-battle stage every five turns up to three (0.179ms)
✔ Capricorn raises dealt damage and reduces received damage in a long battle (6.466ms)
✔ Libra grants thirty percent offense and defense only against bosses or higher-level enemies (8.4574ms)
✔ Ability Boost grants five to every ability and rejects a fourth deck copy (2.5991ms)
✔ Ability Boost Plus grants ten to every ability and rejects a fourth deck copy (2.4016ms)
✔ three Ability Boost cards and three Plus cards coexist, survive normalization, and respect the stat cap (5.544ms)
✔ Resistance Spirit stacks to sixty percent across three R cards (0.3247ms)
✔ Floor Detection is a unique SR exploration card and Defense Up uses the shield icon (0.2251ms)
✔ early detection cards are unique C cards with individual minimap effects (1.3386ms)
✔ Search and Destroy is a unique R card with guaranteed thrown-item accuracy (0.1702ms)
✔ Vorpal Sword raises normal encounter escape rate to 85 percent without affecting bosses (0.1923ms)
✔ First Aid is an R card with thirty percent bleeding resistance (0.1451ms)
✔ legendary vitality cards allow max HP and SP to exceed four digits (7.575ms)
✔ a landed Vorpal Sword normal attack executes only Jabberwock (7.6203ms)
✔ Indomitable Spirit is a six-copy SR card with HP and defense bonuses (0.2277ms)
✔ black-chest R cards cost two and allow six copies (0.2979ms)
✔ Defense Up is a six-copy R card with three defense (0.1869ms)
✔ Goddess's Grace is a unique cost-one C card that preserves defeat experience (0.6798ms)
✔ battle rewards are carried and settled into consecutive inn level-ups (0.9105ms)
✔ one inn settlement can gain several levels and stops at level 197 (1.5046ms)
✔ healing prayer can restore HP and consume SP outside battle (0.5342ms)
✔ field skills reject battle-only actions and full-HP healing (0.3001ms)
✔ Triage resolves before NPC charge skills and uses its explicit healing message (5.1662ms)
✔ Die Triage unlocks at level 40 and resolves before NPC charge skills (3.9832ms)
✔ priests learn Antidote at level 3 and Exorcism at level 5 (1.3987ms)
✔ Antidote cures poison for 3 SP without restoring HP (1.034ms)
✔ Die Antidote is learned at level 25 and cures poison plus deadly poison for 5 SP (1.2544ms)
✔ the three jobs learn their new dungeon skills at the intended levels (2.1252ms)
✔ mages learn Wisdom to Power at level 25 and cannot activate the passive manually (1.0837ms)
✔ Staff Light restores fifty torch points and Conceal Presence cannot stack (3.026ms)
✔ Survival Instinct cures poison nonlethally in the field and battle (4.677ms)
✔ Exorcism banishes only non-boss undead for 5 SP and grants no experience (5.9182ms)
✔ defeat presentation is skipped only when a future recovery resolver restores HP (0.3575ms)
✔ warriors and thieves learn their normal-attack instant-death passives at level 38 (1.7549ms)
✔ passive instant death reaches fifteen percent only with the intended extreme stats (0.3329ms)
✔ Mana Amplifier boosts attack spells and Master's Necklace raises passives only to twenty percent (0.2316ms)
✔ Poison Mask contributes equal poison and deadly-poison application resistance (0.3183ms)
✔ The Five Star attacks five times and Musashi Blade is a two-handed two-hit warrior weapon (0.2385ms)
✔ Glacies Hammer is a warrior-only ice two-handed weapon (0.1267ms)
✔ midgame class skills unlock at levels 22 to 34 with intended costs (5.621ms)
✔ action seal forces normal enemy attacks for three turns and bosses for one (0.5345ms)
✔ greater healing scales with max HP and full INT while magic focus is a one-use multiplier (0.2209ms)
✔ a successful Flash Slash ends remaining hits and requests the shared slash effect (3.6195ms)
✔ B50F black-chest weapons retain their job roles through plus three (0.2507ms)
✔ basic spells scale with INT 1.5 and spend revised SP in real rounds (9.9184ms)
✔ compendium records encounters, defeats, counts, and discovered drops (5.3013ms)
✔ equipment compendium uses the base equipment id independently of enhancement (0.651ms)
✔ legacy saves backfill held collectibles and existing boss victory flags (13.7538ms)
✔ compendium normalization discards unknown ids without losing known progress (0.3283ms)
✔ main game connects battle encounters, victories, drops, and saves to the compendium (15.9803ms)
✔ only B80F through B89F drain SP through the crystal floor (1.8872ms)
✔ the crystal floor drains one SP every third successful step (7.2822ms)
✔ crystal SP drain never goes below zero and resets outside the region (0.3048ms)
✔ legacy saves receive a safe crystal step counter (6.3477ms)
✔ crystal SP damage is presented beside the SP value (18.3439ms)
✔ B80F through B89F use progressive crystal-region formations (11.7042ms)
✔ crystal enemies divide weaknesses, defenses, statuses, rewards, and SP drain (1.4416ms)
✔ crystal multi-hit ranges and SP drain use the shared battle engine safely (26.4643ms)
✔ B89F Creeping Chaos is summoned with the Trapezohedron and gates B90F (0.4915ms)
✔ available crystal monster and boss images exist at their declared paths (9.7098ms)
✔ B80F shop unlocks exactly one unenhanced final armor set for each job (14.109ms)
✔ final armor enhancements preserve job identity through plus three (0.4434ms)
✔ B80F to B89F red chests cycle final armor with 70/25/5 enhancements (0.979ms)
✔ B80F black chests use four crystal-breaking weapons and B88F is job-fixed (1.0305ms)
✔ crystal weapons retain job mechanics while all deal blunt-type physical damage (0.4715ms)
✔ B80F to B89F place red chests and keep the B89F boss floor free of black chests (219.0301ms)
✔ boss and mimic battles conceal enemies when the torch is empty (9.1397ms)
✔ concealed enemies retain a blue-white glowing silhouette in darkness (2.299ms)
✔ 暗黒区域の4体はB90F～B99Fだけで通常抽選される (3.756ms)
✔ 暗黒区域の編成は指定された1～3体構成を返す (1.3565ms)
✔ 各敵は通常・中頻度特殊・条件付き低頻度特殊の3行動を持つ (10.2864ms)
✔ 区域内の強さと経験値は★1から★4の順に段階化される (0.355ms)
✔ 暗黒区域の状態効果と画像参照は既存処理で利用できる (158.0843ms)
✔ new characters see the deck tutorial while legacy recipients do not repeat it (10.3208ms)
✔ deck tutorial isolates and highlights the inn deck command (0.863ms)
✔ lucky charm acquisition starts one locked three-second tutorial (0.5556ms)
✔ B60F through B99F normal enemies use the requested HP and spawn at full health (5.0324ms)
✔ the HP adjustment leaves every other field of the fifteen enemy definitions unchanged (3.861ms)
✔ B30F through B59F normal-enemy HP remains unchanged (1.686ms)
✔ boss, fixed-enemy, obstacle, and B100F HP remains unchanged (0.5931ms)
✔ deep-region formations keep their single, grouped, and mixed encounter shapes (5.1574ms)
✔ monster compendium reports the adjusted HP after a defeat is recorded (47.2ms)
✔ legacy character normalization is unaffected by enemy HP data changes (5.9364ms)
✔ deep normal-enemy pacing uses attainable level, gear, cards, and NPC growth by region (57.8177ms)
✔ all four jobs clear every representative party battle within the pacing average (0.3112ms)
✔ the same seeded matrix records solo action counts as a non-balancing reference (0.232ms)
✔ Lightning Armament uses a registered elemental sword icon (1.7804ms)
✔ Jirene rematch and victory presentation use the requested assets and copy (0.6738ms)
✔ quest 028 reporting unlocks the B80 transfer portal (1.3539ms)
✔ Mana Booster and DEF overcap presentation are visible (0.3417ms)
✔ normal, red and purple dungeon doors load their dedicated WebP textures (14.5122ms)
✔ door images keep generated Canvas textures as a load-failure fallback (6.6238ms)
✔ feature reservations protect footprints and their interaction approaches (2.2817ms)
✔ failed placement transactions restore every changed cell (1.7918ms)
✔ generation order keeps mandatory boss rooms ahead of optional features (0.3638ms)
✔ post-generation validation protects future feature approaches (234.3759ms)
✔ sealed save cells are distinguished from rooms with an operable door (29.6884ms)
✔ B3F restores generated unopened red chests at their saved positions (57.7458ms)
✔ B10F restores generated unopened red chests at their saved positions (55.122ms)
✔ B40F restores generated unopened red chests at their saved positions (45.3948ms)
✔ B80F restores generated unopened red chests at their saved positions (42.9705ms)
✔ opened chests remain absent while other saved treasure kinds keep their existing rules (0.3865ms)
✔ the three combat jobs learn only their own level 12 multi-target skill (18.6403ms)
✔ old level 12 saves are normalized with the new skill and level-up reports it (5.5562ms)
✔ level 12 skill definitions keep their requested combat values (1.9811ms)
✔ physical sweeps use one hit, inherit weapon power and element, and exclude attack-only effects (1.1876ms)
✔ wide swing and blade dance strike each living enemy once without passive executions (37.8092ms)
✔ flame sweep hits every living enemy and applies fire affinity per target (7.4124ms)
✔ multi-target skills reject insufficient SP and a party defeat keeps one reward per enemy (6.7095ms)
✔ Survival Instinct cures only poison and costs one quarter max HP without killing (2.1795ms)
✔ Full Sprint unlocks only for level 20 warriors and old saves receive it (3.8301ms)
✔ Full Sprint consumes 30 SP only after dungeon auto-return eligibility succeeds (2.7808ms)
✔ export/import retains target anchoring, image assets and all audio settings (4.42ms)
✔ every positional part follows a moving target and old parts remain screen anchored (4.3681ms)
✔ target coordinates follow the selected party image including CSS scale and motion (0.5763ms)
✔ damage and healing placeholders resolve without losing target or audio data (0.739ms)
✔ audio offsets, fades, loop and speed use one timeline and pause releases sources (7.4524ms)
✔ stopping while assets prepare settles playback instead of leaving the battle waiting (0.9494ms)
✔ ice orbit rotation is animated, reversible and backward compatible (2.228ms)
✔ editor can preview empty cutin slots while runtime and invalid images remain strict (1.6584ms)
✔ messages seek deterministically, clear in gaps and preserve multiline text (1.0544ms)
✔ magic circle image survives JSON and draws with its dimensions; new popup defaults to k8x12 (1.2182ms)
✔ lot bag cracker JSON remains compatible with the generic effect schema (13.9449ms)
✔ fire ball uses its data-driven depth orb timeline and runtime damage popup (9.2432ms)
✔ the shared battle effect schema retains every generator-only presentation part (0.8005ms)
✔ lot bag identification is skipped only when all carried loot is already known (0.4385ms)
✔ lot bag highlights SR-or-higher cards and equipment enhanced to plus three or more (0.5271ms)
✔ special unique weapons use the orange lot-bag highlight ahead of plus-three yellow (1.7628ms)
✔ inventory, equipment selection, status, and lot bag share equipment highlight priority (0.3358ms)
✔ lightning spells share the requested temporary enemy-following timeline (8.857ms)
✔ fire export preserves its screen trajectory, enemy impact and 100ms SE (9.7388ms)
✔ ice spell uses one enemy-relative orbit with screen damage and the requested cutoff (9.3569ms)
✔ meteor export keeps all 116 parts and resolves damage through the equipment skill registration (24.4442ms)
✔ Eiskrabbe has the requested optional B47 superboss data and existing image (11.2763ms)
✔ B47 fixed room contains Eiskrabbe and no random purple chest (60.3023ms)
✔ Eiskrabbe weighted actions use 40/35/25 and a stance reserves the next great pincer (21.7935ms)
✔ an unbroken reservation executes the great pincer once and then clears (8.3047ms)
✔ a faster fire spell cancels the already selected great pincer into a wait (4.4758ms)
✔ Flame Armament breaks the stance once even on a four-hit physical attack (7.2439ms)
✔ fire oil application alone does not break the stance, but the following physical hit does (7.7281ms)
✔ misses and non-fire elements do not clear a reserved attack (1.1646ms)
✔ fresh retries reset HP and stance, while first-victory reward and flag are idempotent (5.744ms)
✔ victory unlocks the Eiskrabbe achievement and event-boss compendium entry (45.6659ms)
✔ escape remains retryable and the normal boss gate blocks defeated re-entry (15.9823ms)
✔ elemental barriers are expensive one-battle consumables behind independent shop flags (3.3278ms)
✔ using an elemental barrier consumes one item and rejects duplicate use (33.1842ms)
✔ fire and ice reductions affect physical and spell damage and cap at 75 percent (1.4757ms)
✔ empty normal pools explicitly fall back to the rat and never to a roaming boss (6.067ms)
✔ real main encounter selection connects B89 to crystal formations and preserves rare encounters (25.2204ms)
✔ 編成条件でB1Fを単独、B2F以降を混成にできる (3.1629ms)
✔ 特定階・除外階・進行フラグを編成ごとに併用できる (0.5205ms)
✔ 条件適合後の編成は設定した重みで抽選される (0.4029ms)
✔ ending audio waits for decoding, follows the real audio clock, fades and cleans up (10.8736ms)
✔ blocked audio times out and late loading never starts a ghost BGM (25.8753ms)
✔ old characters default to no ending, medal, or blessing without losing regalia (14.6924ms)
✔ story commits the return and unique medal once and leaves credits pending (3.4915ms)
✔ completed ending survives normalization and credits completion without duplicate rewards (4.1536ms)
✔ resume chooses restoration, automatic arrival, then credits only (0.8166ms)
✔ Queen's Blessing has the correct scope at B1F (1.5416ms)
✔ Queen's Blessing has the correct scope at B9F (1.5174ms)
✔ Queen's Blessing has the correct scope at B10F (1.1932ms)
✔ Queen's Blessing has the correct scope at B50F (0.828ms)
✔ Queen's Blessing has the correct scope at B99F (0.8386ms)
✔ Queen's Blessing has the correct scope at B100F (0.7057ms)
✔ Queen's Blessing has the correct scope at B101F (2.1295ms)
✔ Queen's Blessing has the correct scope at B200F (0.6981ms)
✔ town and B100 block regalia while torch and minimap blocking remain renderer responsibilities (0.8507ms)
✔ assets exist, epilogue is ordered and ending collaborators precede production (4.3332ms)
✔ roll timing reserves the medal pause, stationary final image, and final five-second fade (0.4816ms)
✔ confetti reuses the cracker renderer for three inward bursts before a five-second hold (0.881ms)
✔ arrival uses the normal main viewport and its ordinary message area (3.2177ms)
✔ main bridges real victory to automatic entrance, common return settlement, and story autosave (3.1887ms)
✔ configured bosses retain their ambient effect through combat cloning (12.3296ms)
✔ water splash moves over time and stays static with reduced motion (2.1487ms)
✔ PC supports 60/30; phones and tablets cap even a 60fps setting at 30 (0.327ms)
✔ contain geometry follows actual sprite at PC/mobile widths, including party borders (0.6257ms)
✔ ordinary/unknown/dead enemies allocate neither canvas nor animation/listeners (1.2659ms)
✔ multiple targets and repeated sync share exactly one RAF and two layers per enemy (2.4305ms)
✔ tentacle deformation uses the sprite bounds and toggles its host presentation class (0.6159ms)
✔ 60/30 caps work on 60/120Hz RAF without slowing real-time animation (2.8764ms)
✔ 30fps switches live, lowers backing resolution and preserves time (0.4721ms)
✔ hidden document or scene stops all updates; reopening resets scheduling (3.0526ms)
✔ death removes only that target immediately; vanish flags cannot resurrect fire (0.7507ms)
✔ unloaded images wait for load and detached enemies release their scheduler (1.4831ms)
✔ repeated end/restart cycles do not leave RAF, canvases or image listeners (0.8796ms)
✔ reduced-motion draws a static glow once without a permanent loop (0.2589ms)
✔ actual painter halves sparks at 30fps and keeps identical time-based tongue positions (2.0395ms)
✔ tentacle painter deforms only its two clipped regions and stays static for reduced motion (2.0223ms)
✔ battle integration tears down before vanish and close; normal render uses presentation HP (21.6533ms)
✔ enemy battle display uses four reusable size categories (2.6129ms)
✔ ordinary enemies default to small and combatants retain explicit sizes (0.8865ms)
✔ representative bosses use the intended large image categories (1.1751ms)
✔ new enemies follow the B3F to B5F encounter progression (2.039ms)
✔ mimic is excluded from random encounters and uses the black chest reward profile (3.0757ms)
✔ Maikaefer is a 1.5 percent all-floor rare encounter with floor-scaled experience (1.052ms)
✔ Maikaefer is frail, evasive, poison-proof, and highly resistant to action lock (0.4278ms)
✔ viper and vampire bat materials are sell-only drops and bouncing coin carries 20G (0.7442ms)
✔ viper has poison and vampire bat reserves its future drain attack id (0.3082ms)
✔ the legacy mid-depth enemies give way to the torture-region pool on B20F (0.4643ms)
✔ B11F to B20F enemies carry their intended attacks, rewards and materials (0.7842ms)
✔ B30F to B39F fire enemies unlock progressively and replace the previous pool (0.6285ms)
✔ B30F to B39F enemies use fire and heavy attacks with balanced rewards (1.0183ms)
✔ B40F to B49F ice enemies unlock progressively and use their intended attacks (0.7322ms)
✔ vanish effect catalog is generator-compatible and contains every fallback (1.8401ms)
✔ enemy-specific vanish effect takes priority over race and boss defaults (0.3968ms)
✔ unknown individual effect safely falls back to category and default (0.2856ms)
✔ each defeated enemy receives an independent visual playback record without reward state (1.5516ms)
✔ boss timeline can combine shake flash aura shatter and fade (0.3013ms)
✔ completed vanish playback keeps the defeated image hidden until the next battle reset (9.4698ms)
✔ instant-death slash hands its hidden image directly to vanish playback (5.1487ms)
✔ entrance cursor reaches all six slots and wraps within rows (3.1491ms)
✔ B delegates to the game menu without leaving the entrance (2.5241ms)
✔ blank slots do nothing on confirm; explicit return still returns to town (5.7971ms)
✔ depth return bonus uses integer floor division for specified examples (2.3412ms)
✔ Goddess's Grace disables only the depth bonus when equipped (1.524ms)
✔ settlement breakdown distinguishes normal bonus from Goddess suppression (38.3343ms)
✔ Johanna bonus adds ten percent of base experience with floor rounding (0.3923ms)
✔ Johanna bonus is independent of Deep Floor Proof and Goddess protection (5.8302ms)
✔ unlocking Johanna bonus after return updates pending settlement and settles once (2.9217ms)
✔ owning Goddess's Grace does not disable the bonus unless it is in the deck (1.3139ms)
✔ Deep Floor Proof adds ten points unless Goddess protection suppresses the depth bonus (1.9923ms)
✔ Deep Floor Proof bonus remains fixed through normalization and later deck changes (6.7496ms)
✔ Deep Floor Proof settlement survives the protected save and load path (20.672ms)
✔ Johanna bonus is restored without duplication through save normalization (5.9419ms)
✔ Goddess's Grace settlement effect is locked when returning from the dungeon (1.0776ms)
✔ return floor survives save normalization and is settled exactly once at the inn (1.5074ms)
✔ stable lodging settles experience but only restores thirty percent of HP and SP (0.8307ms)
✔ normal lodging restores HP and SP without curing poison (0.411ms)
✔ temple treatment costs level times two and cures persistent ailments without changing HP or SP (0.6985ms)
✔ tent backgrounds switch at all local-hour boundaries (2.7614ms)
✔ 0, 1, 5, 6 and 10 fixtures paginate and wrap without invalid selection (0.728ms)
✔ second touch opens details, cancelled touch selection is reset by navigation (0.353ms)
✔ fixtures include identical content with different signatures and long names (0.3459ms)
✔ debug gate starts off and only notifies UI subscribers (1.4133ms)
✔ locked entrance preview buttons are skipped and cannot open a preview (1.9037ms)
✔ save-facing town state maps preview back to entrance without persisting fixtures (1.4677ms)
✔ layout-mobile: native taps select twice, explicit actions execute once (20.3964ms)
✔ layout-tablet: native taps select twice, explicit actions execute once (6.2044ms)
✔ appraisal touch sequence saves only after final confirmation and then opens registered detail (4.1657ms)
✔ duplicate appraisal can be cancelled without consumption even with ten registered maps (6.1491ms)
✔ failed UI appraisal keeps unidentified map and reports failure rather than success (2.4787ms)
✔ touch guard still protects the game surface and preserves existing command exemptions (10.6211ms)
✔ keyboard/gamepad action routing retains paging and detail return position (8.7759ms)
✔ exploration confirms registered selection, routes runtime input and disposes on return (11.1966ms)
✔ appraisal, registration and management actions need only one tap (7.4509ms)
✔ signature gamepad navigates input, register, back without losing typed signature (2.2666ms)
✔ management delete confirmation clamps six maps to first page and save failure retains map (6.823ms)
✔ share display/import uses original discoverer and duplicate keeps ten slots (9.4409ms)
✔ clipboard failure retains visible selectable code and reports a manual-copy fallback (5.4586ms)
✔ paste success: never auto-registers and keeps manual input usable (3.0222ms)
✔ paste denied: never auto-registers and keeps manual input usable (2.5814ms)
✔ paste unavailable: never auto-registers and keeps manual input usable (2.7771ms)
✔ late clipboard response cannot replace input on another screen (3.3722ms)
✔ B100F loads the mapper JSON as a terminal fixed floor (23.2709ms)
✔ B100F converts bottom-left mapper coordinates and warp targets (2.5772ms)
✔ B100F warp portals wait for confirmation and apply every configured arrival direction (13.8196ms)
✔ B100F return portals always face west and missing facing preserves the prior direction (10.0779ms)
✔ B100F queen shadows carry the final warnings and fade after confirmation (0.5432ms)
✔ B100F begins with all ten unique checkpoint bosses and no final boss (2.0357ms)
✔ B100F unlocks Erzdaemonin only after all ten rematch flags (2.4018ms)
✔ persistent first-victory flags do not prevent guardian phantoms from returning on a new exploration (1.8442ms)
✔ B100F resumes with Amayenak after Erzdaemonin is defeated (3.4302ms)
✔ Erzdaemonin starts through the five-page altar prelude and layered portraits (1.1775ms)
✔ B100F boss definitions form the final two-stage battle (0.3383ms)
✔ floors before B100F retain one downward staircase (40.2983ms)
✔ B95F reserves the Lichtbringer pickup for request 033's event room (2.993ms)
✔ B99F Soul Strangler has all three specials and Lichtbringer weakens it (11.2578ms)
✔ the Trapezohedron is a consumable important item reserved for B89F summoning (0.4501ms)
✔ accepting request 030 grants the Trapezohedron once (8.7937ms)
✔ Lichtbringer restores normal torch behavior instead of permanent illumination (22.6542ms)
✔ only B30F to B39F are damaging fire floors (1.4706ms)
✔ fire floors deal one step damage unless fireproof boots are equipped (10.9037ms)
✔ fireproof boots secretly reduce fire damage while displaying only floor immunity (13.647ms)
✔ only new characters are eligible for the first dungeon tutorial (10.9473ms)
✔ the tutorial exposes the minimap and torch meter through labeled windows (0.789ms)
✔ the first dungeon tutorial locks input and enables confirmation after three seconds (0.9071ms)
✔ Fleischfresserknospe has the requested event-boss data and artwork (8.9262ms)
✔ Fleischfresserknospe actions use 40/25/20/15 weights and reserve predation (2.519ms)
✔ the bleed roll is per action and life drain is based on actual HP loss (0.6507ms)
✔ life drain integration heals only the HP actually removed from its target (20.6941ms)
✔ Knospe stance requires a landed fire attack that removes HP (0.9702ms)
✔ the reserved predation waits for the player's response even when the boss is faster (6.1218ms)
✔ existing Eiskrabbe still breaks on a landed fire hit even when damage is zero (0.5466ms)
✔ both herbicides deal 500 fixed damage to Knospe and refresh five turns (7.7912ms)
✔ legacy herbicide target ids remain usable even without the new data trait (0.6309ms)
✔ herbicide descriptions cover both flesh-eating plant bosses (0.4803ms)
✔ touch control AUTO follows coarse touch capability while ON and OFF override it (2.8804ms)
✔ floating stick applies its dead zone, radius cap, and circular diagonal normalization (2.4688ms)
✔ floating touch UI is available across town, dungeon, battle, and menus (113.9702ms)
✔ only B90F to B99F force the torch gauge to zero (1.5319ms)
✔ all themed dungeon areas use their fixed wall and floor colors (4.777ms)
✔ all themed dungeon areas load their dedicated WebP wall textures and mist (23.4271ms)
✔ Lichtbringer changes only B90F to B99F to the light theme (0.509ms)
✔ the named dungeon zones cover B1F through B100F exactly (3.1785ms)
✔ floor transition overlay renders the zone name beneath the floor number in a smaller font (11.1454ms)
✔ entering through a transfer portal also shows the destination floor and zone (2.9416ms)
✔ Follow-Up Plus definition, shared icon, cost and ownership/deck limits (23.6202ms)
✔ Follow-Up 10: warrior attack applies one combined event (24.0967ms)
✔ Follow-Up 10: warrior wide_swing applies one combined event (8.9267ms)
✔ Follow-Up 10: mage fireball applies one combined event (5.2271ms)
✔ Follow-Up 50: warrior attack applies one combined event (4.7005ms)
✔ Follow-Up 50: warrior wide_swing applies one combined event (11.615ms)
✔ Follow-Up 50: mage fireball applies one combined event (5.209ms)
✔ Follow-Up 60: warrior attack applies one combined event (4.8002ms)
✔ Follow-Up 60: warrior wide_swing applies one combined event (5.3077ms)
✔ Follow-Up 60: mage fireball applies one combined event (5.5526ms)
✔ Five Star's five landed hits add only 50, never 250 or recursive follow-ups (5.5147ms)
✔ all-enemy spell applies once to each surviving damaged target (6.3327ms)
✔ eight random hits deduplicate each affected target, including repeated selections (20.9002ms)
✔ SR excludes all misses, zero damage, direct kills and capture puzzle fights (17.4558ms)
✔ DOT, item and NPC damage do not trigger SR follow-ups (10.0638ms)
✔ DEF, elemental resistance, critical hits and magic focus do not scale fixed damage (13.9698ms)
✔ Gemini keeps one follow-up per casting for C, SR and combined cards (17.1894ms)
✔ SR lethal follow-up produces one victory with all enemies defeated (7.7501ms)
✔ Follow-Up Plus is exclusive to B70-B79 purple chests (136.1776ms)
✔ protected auto and manual saves restore the new card and preserve C-only legacy saves (24.0162ms)
✔ B50F through B58F place five giant vines until Fleischfresser is defeated (232.8324ms)
✔ giant vines and Fleischfresser use their dedicated confirmed artwork and escape rules (0.4285ms)
✔ herbicide quests, items, and legendary step-recovery cards keep their contract (1.8491ms)
✔ strong herbicide is available immediately when any living battle target is a giant vine (5.6368ms)
✔ strong herbicide always deals its configured 500 fixed damage and refreshes regain suppression (30.2804ms)
✔ strong herbicide can defeat Fleischfresser through the normal victory path (3.9414ms)
✔ Fleischfresser loses five regain opportunities before its ordinary five-percent regain returns (12.458ms)
✔ trial herbicide still removes a giant vine in one use and records only that quest use (6.0242ms)
✔ multi-enemy herbicide damage stays on the selected Fleischfresser target (7.1652ms)
✔ the hidden legacy enemy stage cannot appear behind a multi-enemy formation (23.2162ms)
✔ the formation highlight follows the target-selection cursor (1.583ms)
✔ multi-enemy names use the k8x12 pixel font (2.6931ms)
✔ healing fountains appear on floors ending in 5 or 9 through B99F (2.8482ms)
✔ configured floors place fountains without competing with stairs, NPCs, or treasures (882.861ms)
✔ B65F and B69F contain one real oasis and two identical mirages (104.8743ms)
✔ oasis mirages share the prompt and disappear with a reduced-motion-safe fade (12.2007ms)
✔ fountain rest fully restores HP and SP without curing status conditions (5.132ms)
✔ B40F to B47F black chests select all frost weapons evenly and never fall back to the stiletto (4.5331ms)
✔ B48F black chests guarantee the current job weapon (0.5172ms)
✔ frost-region black chest weapons always use the existing 70/25/5 enhanced drop rates (0.4529ms)
✔ frost weapons keep physical damage, job restrictions, enhancement stats, and prices (1.33ms)
✔ B41F to B49F red chests use 10/10/80 bands and select all frost accessories evenly (0.9721ms)
✔ frost accessories always drop enhanced and expose the requested bonuses at every level (1.0257ms)
✔ all four jobs can equip every frost accessory (9.4562ms)
✔ B40F keeps its existing armor table while adjacent loot bands remain unchanged (0.6216ms)
✔ loot settlement, identification, equipping, locking, warehouse, sale, and save-load preserve frost gear (23.9034ms)
✔ frost accessories reduce actual ice damage and stack with coldproof boots by the existing additive rule (30.7841ms)
[NDA] Gamepad connected: TEST PAD
✔ left stick ignores small drift and resolves cardinal directions (3.0087ms)
✔ D-pad directions override stick input (0.3856ms)
✔ direction input fires immediately, waits, repeats, and rearms at neutral (2.0241ms)
✔ buttons use rising edges and expose standard mappings (0.3848ms)
✔ standard mapping uses the lower button to confirm and right button to cancel (0.3543ms)
✔ custom bindings override a controller mapping and keep actions unique (0.3313ms)
✔ resume suppression waits for neutral and prevents a held button burst (2.6149ms)
✔ connection polling announces once, removes disconnects, and permits reconnect (1.0297ms)
✔ Gamepad API unsupported environments return a harmless cleanup (1.146ms)
✔ focused special-map forms allow real gamepad polling while ordinary text fields remain protected (4.2959ms)
✔ gamepad polling supports iOS wake and lifecycle recovery without OS sniffing (9.2171ms)
✔ connection notification is nonblocking, timed, and separate from battle messages (4.4286ms)
✔ options include the iPhone and iPad reconnection hint (6.7618ms)
✔ options put press-to-bind gamepad config first and persist four shortcuts (11.8559ms)
✔ equipment lock is available without a mouse through keyboard and configured item button (4.105ms)
✔ Gemini sun grants a unique key item and persistent stage one completion (2.7111ms)
✔ Moon failure survives reload and blocks retries until a new expedition (0.478ms)
✔ Gemini dialogue uses A, choice uses A/B, and opening ignores repeated input (3.6088ms)
✔ Final access, unique reward, existing ownership, save/load and marker lifecycle (5.0603ms)
✔ Placement supports cancellation, wrong order, unique pieces, timed convergence and single reward (3.5619ms)
✔ Refusing leaves retry available without reward; B73 has fixed event (42.2156ms)
✔ B59 event coexists with floor boss and does not become insect room (66.2143ms)
✔ Fourth questions have one solution, persist retry and grant only once (2.4423ms)
✔ Fourth selector wraps with sound; failure and success fade and reward is not repeated (3.4831ms)
✔ Gemini duplicates every eligible cast at half damage with one SP and charge payment (35.3873ms)
✔ Gemini independently rolls poison and excludes charge, normal attacks and killed targets (12.4288ms)
✔ Gemini copy does not inherit Aries opening boost and all-target copies skip dead enemies (13.4664ms)
✔ Leo doubles normal attacks, triples at 25%, pays rounded snapshot HP only once (9.3859ms)
✔ Leo multi-hit and automatic weapon repeat pay only once (4.3091ms)
✔ Leo costs HP on misses and out-of-range; never on skills, skipped or invalid commands (6.0615ms)
✔ Leo HP cost bypasses Aquarius and Pisces invincibility but cannot cause death (8.5749ms)
✔ Leo snapshot is fresh after healing, applies with Aries, and does not persist into another battle (9.3674ms)
✔ card IDs, rarity, cost and copy limits remain unchanged (0.3865ms)
✔ B22 released entrance opens immediately without twenty bumps (4.8189ms)
✔ Gemini follow-up audio runs after popup closes; other card rewards keep their sound (3.5218ms)
✔ Retry scenes alternate on failure, survive save/load, and reward the displayed correct box (3.6631ms)
✔ B31 fixed room and markers move from B20 to B30 to B40 with source condition intact (1.4571ms)
✔ Second act fades after two pages, saves completion, and revisits show only reminder (4.7183ms)
✔ Retry A opens moon and produces reward with matching emblem (1.5019ms)
✔ Third act gates, saves, fixed rooms and marker persist until red sister finishes (4.3849ms)
✔ Single-sister dialogue fades, saves only at end and exits with A; white revisit recalls hint (3.6193ms)
✔ Canvas draws only the selected sister on her original side and removes her after fading (1.2363ms)
✔ Gemini transfer marker requires contact plus one of the three explicit detection sources (3.957ms)
✔ Marker follows sisters presence; discovery persists across success and retry (1.9755ms)
✔ call_goddess_name retains supplied parameters and substitutes actual damage (8.8554ms)
✔ call_goddess_name real charge action emits registered presentation per actual target (28.0584ms)
✔ Return the Favor uses a configurable ten-percent effect and excludes HP/SP items (4.5948ms)
✔ field healing items restore SP from actual HP recovery in town and dungeon (9.091ms)
✔ field SP return uses capped actual healing and does not activate without the card (2.1192ms)
✔ full HP gives no free SP and simultaneous HP/SP medicine is excluded (2.263ms)
✔ battle healing items apply Return the Favor once and use the SP cap (18.6649ms)
✔ battle overheal counts its actual HP gain, while no-card use does not restore SP (7.3442ms)
✔ the quest notice reuses the bell layout with distinct blue presentation (4.0179ms)
✔ persistent state changes, reload resume, and guild rendering recheck quest notices (5.2645ms)
✔ notification assets use the current cache revision (0.8771ms)
✔ initial requests wait for guild introduction and then queue as one persistent batch (10.3054ms)
✔ availability uses quest conditions while active and completed requests are excluded (7.632ms)
✔ a request accepted while waiting is removed before presentation (2.5712ms)
✔ completion marks only the displayed IDs and preserves requests unlocked during display (1.0723ms)
✔ notification completion does not accept or complete a request (1.218ms)
✔ legacy and malformed saved notification state is normalized safely (5.1071ms)
✔ pending and notified request IDs survive character normalization (1.218ms)
✔ guild quest page size stays between three and six across layouts (1.7151ms)
✔ guild quest list keeps pager controls and clips rows inside the notice (19.569ms)
✔ guild quest lists hide locked requests and separate acceptance from reporting (1.8728ms)
✔ healing fountain isolates its jingle, resets presence, and resumes dungeon BGM (11.2494ms)
✔ Iron Maiden has a dedicated reduced-motion-safe pendulum presentation (2.866ms)
✔ Helen rumor requires both 500 recorded purchases and quest 020 completion (8.4405ms)
✔ quest 021 consumes the scent gland and grants Mana Barrier plus its shop-event flag (5.9783ms)
✔ Musk Beast formation supports independent targets and herbicide removes only a vine (31.6774ms)
✔ Discount Pass halves ordinary purchases and prevents resale profit (1.9622ms)
✔ Discount Pass preserves resale values for drop-only items and equipment (2.39ms)
✔ facility dialogue completion restores the facility menu after granting the Discount Pass (12.4255ms)
✔ an inn keeper stays fixed across redraws and may change only on a new visit or explicit story transition (1.793ms)
✔ the selected inn keeper is saved, restored, and resolved with a new-visit boundary (3.5761ms)
✔ inn profiles can supply portraits, dialogue, stay messages, and one-shot voice cues (1.6698ms)
✔ medicine delivery locks input, swaps the portrait while black, and resumes a returned dialogue (6.1785ms)
✔ sad Anna keeps a subdued wake-up line and quest history respects custom headings (1.9138ms)
✔ inventory separates page navigation from tab navigation (19.2269ms)
✔ category sort places recovery before exploration and treats antidote as a cure (2.8578ms)
✔ first acquisition order survives consumption, reacquisition and reload; missing history uses item number (1.8213ms)
✔ legacy equipment migrates to stable individual instances (9.8978ms)
✔ unique romance weapons reject duplicate grants and remain warehouse compatible (2.4896ms)
✔ equipment preview can be normalized without mutating current HP (2.0022ms)
✔ identical equipment is kept as independent acquisition-ordered instances (1.727ms)
✔ enhanced equipped weapons retain their individual display name and effects (1.431ms)
✔ warehouse fills partial consumable stacks before creating another (0.6219ms)
✔ shop warehouse deposits and withdraws one carried item (1.8486ms)
✔ shop warehouse deposits a selected quantity from a stack (0.8058ms)
✔ shop warehouse withdraws a selected quantity from a stack (0.8712ms)
✔ shop warehouse preserves an equipment instance while depositing and withdrawing it (1.2521ms)
✔ shop warehouse refuses to deposit equipped gear (1.3495ms)
✔ inventory overflow and loot settlement retain every acquired item (1.5842ms)
✔ Allheilmittel carries one, stores ninety-nine total, then converts overflow to gold (1.622ms)
✔ Zaubertrank carries five, stores ninety-nine total, then converts overflow to gold (0.533ms)
✔ a full Allheilmittel warehouse refuses manual deposit without consuming the carried item (0.4149ms)
✔ unidentified stiletto quality is retained when the loot bag is settled (0.4627ms)
✔ final shop armor keeps its class identity and enhancement stat profiles (0.37ms)
✔ B50F armor enhancements improve defense and preserve each class identity (0.2452ms)
✔ tiara draft has exact display copy without altering the real item (6.0637ms)
✔ library item catalog is wired into the menu (114.6566ms)
✔ wing gift catalog preserves the requested wording and display price (0.3872ms)
✔ unobtained catalog entries expose neither names nor detail data (5.9539ms)
✔ purchase then sell or consume before a save preserves discovery across reload (8.1733ms)
✔ consumed key items stay unlocked and failed grants do not unlock items (2.0335ms)
✔ legacy saves retain old acquisition history and backfill warehouse and loot (2.7645ms)
✔ Molten Brass is a valuable unique material that can be bought back (8.4959ms)
✔ buyback keeps only the latest eligible item or equipment (2.0016ms)
✔ selling ordinary equipment does not erase the single eligible buyback slot (1.0223ms)
✔ legacy buyback records receive stable ids and quantity-correct totals (4.6467ms)
✔ locked equipment cannot be sold and retains its lock through normalization (1.8063ms)
✔ legacy characters receive an empty normalized inventory (3.0651ms)
✔ shop equipment costs 100G and creates an individual weapon instance (0.9093ms)
✔ B10 weapon upgrades require the strange statue victory and keep their enhancement profiles (5.1224ms)
✔ the anti-magic necklace unlocks after B10 and the strange statue victory (2.6382ms)
✔ Spell-Sealing Talisman unlocks at B50 and scales spell resistance through plus three (3.9451ms)
✔ B60 shop unlocks four new base accessories and their plus-three profiles (2.4067ms)
✔ Rebellious Choker unlocks with the large healing potion and grants action-skip resistance (1.9846ms)
✔ Rebellious Choker uses the compact Japanese resistance label in status displays (27.8018ms)
✔ Rebellious Choker compact resistance label is also used by the detail status screen (3.0623ms)
✔ thief armor shop tiers share enhancement-aware purchase and stat handling (3.3091ms)
✔ thief plus-three armor requires both B20 progression flags (2.5381ms)
✔ warrior armor tiers preserve the shield and two-handed defense tradeoff (4.0304ms)
✔ equipment below plus three is sold without entering buyback (1.1079ms)
✔ priest armor tiers trade some defense growth for LUC and AGI (2.5908ms)
✔ priest plus-two armor requires B10 arrival and the strange statue victory (1.7117ms)
✔ mage armor tiers exchange defense for INT and AGI (4.1333ms)
✔ mage plus-two armor requires B10 arrival and the strange statue victory (2.5122ms)
✔ inventory respects the per-item ownership limit (0.6523ms)
✔ healing potion restores 30 HP and is consumed (2.7487ms)
✔ small, medium and large healing potions use the intended recovery and prices (1.4779ms)
✔ shop healing potions unlock permanently by deepest reached floor (1.751ms)
✔ strong small healing potion unlocks at B50F and heals 30 percent of max HP (0.8626ms)
✔ strong antidote unlocks at B50F and cures poison plus deadly poison while healing 60 HP (1.0508ms)
✔ antidotes heal normally but explicitly cannot cure death poison (4.606ms)
✔ Allheilmittel fully restores HP and SP and cures every registered ailment and debuff (1.1909ms)
✔ Allheilmittel can only be used once in each battle (15.315ms)
✔ Zaubertrank restores twenty-five percent maximum SP in the field and cannot be used at full SP (0.9634ms)
✔ Zaubertrank restores SP up to the maximum during battle (5.8703ms)
✔ B50F enemy materials resolve to their registered item data (0.1403ms)
✔ Silent Steps passively stacks with Conceal Presence up to full reduction (0.4442ms)
✔ shop stock uses explicit arrival flags instead of a debug-inflated deepest floor (0.599ms)
✔ antidote cures poison and restores 15 HP (0.5941ms)
✔ medium antidote shares the final shop unlock and restores 30 HP with or without poison (0.7344ms)
✔ styptic cures bleeding and restores 15 HP (0.6017ms)
✔ styptic remains usable from the field inventory at full HP while bleeding (0.8655ms)
✔ shop and temple purchases spend gold and grant the selected item (0.9812ms)
✔ purchases reject insufficient gold and send full-stack overflow to storage (0.769ms)
✔ shop can purchase several consumables at once (0.3585ms)
✔ shop sells one consumable for half its purchase price (0.4614ms)
✔ shop can sell several stacked consumables at once (0.3455ms)
✔ shop sells unequipped equipment instances but rejects equipped ones (0.4493ms)
✔ sold equipment can be bought back as the same individual instance (0.5991ms)
✔ torch and talisman expose dungeon environment effects (1.8753ms)
✔ Emergency Escape is an expensive shop consumable with a dungeon-only escape effect (1.1976ms)
✔ holy water only banishes a non-boss undead and awards no experience (2.7573ms)
✔ Active Healing Potion Small overheals by one hundred once per battle (3.4534ms)
✔ presence reset clears a lingering talisman suppression (0.2705ms)
✔ restored presence suppression is capped at the item-defined 30 steps (0.1299ms)
✔ presence increase reduction halves odd gains in the player's favor and survives gauge resets (0.2053ms)
✔ a restored full presence gauge can trigger an encounter on the next step (0.2438ms)
✔ temple and shop event rewards enter inventory once only (1.0902ms)
✔ guild request unlocks only after every town introduction event (0.4429ms)
✔ quests 028 and 029 use the requested unlock flow and fifteen-count beeswax counter (11.2493ms)
✔ quest copy stays within 23 full-width characters and rewards are registered (0.5559ms)
✔ Lightning Armament applies lightning after weapon and temporary imbue priority (2.1884ms)
✔ Mana Booster applies after additive max SP bonuses and recovers five percent once at battle start (12.0706ms)
✔ Musa's Crown exposes DEF while retaining hidden future temptation immunity (2.384ms)
✔ B8 hive and B58 Kirke house use the supplied event art (18.9649ms)
✔ the giant hive rumor follows quest 029 and delivery state (3.0208ms)
✔ quest presentation and safe Jirene transformation remain wired outside exploration data (8.6915ms)
✔ Jirene is the keyed B79F checkpoint boss and drops Musa's Crown (9.3664ms)
✔ B79F generates Jirene's isolated boss room and a red-rust-key chest (49.722ms)
✔ Jirene's song selects only attacks, guard, or affordable hostile skills (7.8048ms)
✔ Jirene's first encounter runs three protected automatic turns without NPC support (25.8529ms)
✔ B80 remains locked until Jirene is genuinely defeated (2.1829ms)
✔ the scripted battle blocks saving, returns to B79F stairs, and prevents unprotected re-entry (8.8958ms)
✔ new and legacy characters have an independent empty key-item collection (11.839ms)
✔ key-item normalization has no owned-type or stack capacity limit (8.2235ms)
✔ the queen's tiara is a permanent unsellable key item (0.5852ms)
✔ special medicine ingredients share one key-item slot and can be consumed together (3.1767ms)
✔ Johanna rescue materials are unique unsellable event items (0.6177ms)
✔ holy and dark armaments reach real normal attacks and physical skill rounds (41.5269ms)
✔ new armaments share weapon resolution, intrinsic priority and requested quick-status icons (1.9333ms)
✔ crystal smashing clamps SP and cannot be bypassed by Johan or Erika (52.3521ms)
✔ dark orb requires holy weapon or accompanying Erika, never Johan or generic magic (0.739ms)
✔ crystal purple table is exclusively 50/50 on B80 through B89 (0.8749ms)
✔ new cards retain SR cost, one-copy limits and normalized serialized deck state (3.0885ms)
✔ Leo and Gemini textures apply only to their own special doors; other doors retain their textures (3.558ms)
✔ Sealed Leo entrance rejects movement and interaction even for previously opened doors (90.0921ms)
✔ defeated queen door stays passable even without qualification; new players remain blocked (2.0812ms)
✔ first entry rolls 5 percent, exact boundary is ordinary empty throne (1.898ms)
✔ timeline holds throne, fades 700ms, blacks out 300ms, blurs 28 to 22 to zero (1.8176ms)
✔ locked loading/reveal ignores repeated A/B, achievement only after reveal and 400ms hold (0.5889ms)
✔ cancel prompt and ordinary throne exit; reduced motion reaches unblurred final frame (0.3454ms)
✔ five achievements: kill and bath separate, 50 insects, complete public bestiary, item placeholder locked (4.913ms)
✔ first/repeat pity boundaries, wins reset and floor resets discard visits (1.0269ms)
✔ prompt ignores A/B for 3000ms without queuing, then presents choices (0.649ms)
✔ actual judgment (including a miss) creates opening; roar and incapacitated judgment do not (44.4536ms)
✔ phase HP100000 multiplies final damage by 3 (4.6359ms)
✔ phase HP50000 multiplies final damage by 4 (3.8142ms)
✔ phase HP25000 multiplies final damage by 5 (6.1383ms)
✔ power_strike: every hit amplified, one action consumed (4.9324ms)
✔ blade_dance: every hit amplified, one action consumed (3.0918ms)
✔ holy_light: every hit amplified, one action consumed (6.1991ms)
✔ lightning_bolt: every hit amplified, one action consumed (4.3142ms)
✔ miss uses opportunity; invalid command and incapacitation do not (2.56ms)
✔ nonattack guard expires without use (1.7057ms)
✔ nonattack wait expires without use (1.8983ms)
✔ nonattack triage expires without use (2.4656ms)
✔ nonattack item expires without use (6.3194ms)
✔ poison tick unchanged by opening (1.7794ms)
✔ deadly_poison tick unchanged by opening (1.478ms)
✔ death_poison tick unchanged by opening (1.5391ms)
✔ bleeding tick unchanged by opening (1.6074ms)
✔ Cancer counter and phase-three self cost unchanged (3.0364ms)
✔ Gemini reruns at 50%, opening once on both; Aries only boosts original (12.9532ms)
✔ Sagittarius ignores physical DEF; opening applied after Capricorn and Libra (13.6378ms)
✔ Libra applies 1.3 dealt and .7 received to lower-level boss (2.8319ms)
✔ all-target spell only amplifies queen; multiple targets still consume once (7.2535ms)
✔ phase transition during action keeps original opening multiplier for Gemini (2.6553ms)
✔ victory and escape cleanup; fresh retry has no opening (4.4693ms)
✔ ordinary enemy never gains or receives opening multiplier (3.0822ms)
✔ NPC charge and normal support damage do not amplify or consume the opening (3.8267ms)
✔ throwing item remains fixed damage and expires opening without using it (3.8389ms)
✔ priority healing expires opening, and restarting with a stale enemy cannot preserve it (12.3745ms)
✔ Capricorn full stacks and opening compose without changing incoming damage (6.1379ms)
✔ all eleven distinct non-Leo cards unlock rumor but not the door (13.0329ms)
✔ only completed reading opens the door; notification alone does not (3.5691ms)
✔ exact customer and Rosa text uses the shared typewriter format (2.7883ms)
✔ continuation requires both defeat and Leo; reading it moves full dialogue to history (1.9919ms)
✔ legacy saves and JSON normalization preserve new flags without migration (8.0565ms)
✔ B1 room connects queen intro, golden door remains isolated, battle selects holy-war music (2.0208ms)
✔ exact phase boundaries, direct skip, no healing regression or extra action (15.236ms)
✔ all phase tables cover four actions and require ordinary action after judgment (9.7034ms)
✔ physical and magic damage scale 1/2/3 and defense works against judgment (44.585ms)
✔ roar has no damage, reserves one judgment and lets slow player act first (3.5596ms)
✔ phase three self cost is once per action including multiple hits/misses, never lethal (11.3999ms)
✔ action skip preserves judgment and never pays self cost (1.604ms)
✔ normal and Aquarius barriers retain action-level protection, even against fangs (19.4175ms)
✔ Pisces revives against judgment and Scorpio can poison the queen (7.4033ms)
✔ queen-only damage over time caps preserve status and other enemy damage (9.6161ms)
✔ eleven distinct owned cards and the heard rumor unlock the public gate (2.4132ms)
✔ escape has no reward; retry resets state; victory flags and reward are one-time (7.2633ms)
✔ intro waits five seconds on challenge, victory awaits reward then fades out (1.018ms)
✔ lot bag tutorial starts unseen only for new saves (9.3013ms)
✔ lot bag tutorial highlights the action after a three second lock (3.2964ms)
✔ loot identification results allow vertical touch scrolling without relaxing other touch guards (2.0193ms)
✔ loot result rows grow with wrapped names and destination descriptions (0.4364ms)
✔ the fixed identification action remains outside the scrolling result list (0.3308ms)
✔ Maikaefer drops the Golden Beetle card at one percent (4.2779ms)
✔ gold chests grant the player job's unique unenhanced romance weapon (9.742ms)
✔ gold chest romance weapons cannot be obtained twice across storage locations (1.0926ms)
✔ B50F to B58F replace the black chest with a gold chest on the one-percent roll (180.4601ms)
✔ B1F to B9F purple chests use the card-only 30/30/30/9/1 table (0.5203ms)
✔ early enemy drops use 40/55/5 percent bands (0.3223ms)
✔ B1F to B9F red chests use the early reward bands and upgraded gold values (0.8331ms)
✔ B41F starts the frost accessory red chest table (0.3057ms)
✔ B10F to B19F red chests use the midgame consumable, card and anti-magic armor table (0.75ms)
✔ B19F ends the anti-magic armor table and B20F starts the restraint equipment table (0.4804ms)
✔ B20F to B29F consistently use the torture-region red chest table (0.6428ms)
✔ B30F keeps the former midgame table at the region boundary (0.4759ms)
✔ B31F to B40F red chests use floor-fixed class armor and 70/25/5 enhancements (0.6009ms)
✔ B50F to B59F red chests cycle the new class armor with 70/25/5 enhancements (0.4723ms)
✔ B60F to B69F red chests feature all five enhanced accessory series (0.4318ms)
✔ B6F to B9F black chests use the potion, R-card and SR-card bands (0.8946ms)
✔ B10F to B19F black chests use SP cards, magic resistance, and the moved enhanced weapons (0.3426ms)
✔ B20F to B29F black chests provide four job weapon upgrades (0.4065ms)
✔ B20F to B29F red chests provide restraint armor and an accessory (0.26ms)
✔ B50F to B59F black chests cycle job weapons with 70/25/5 enhancements (0.2668ms)
✔ B60F to B69F black chests repeat the B50F deep weapon table (0.2866ms)
✔ unidentified card loot settles into the card collection (2.2264ms)
✔ a duplicate unique C card converts into 100 gold when the loot bag settles (1.2997ms)
✔ a duplicate Search and Destroy card converts into 1000 gold (1.2724ms)
✔ B1F to B4F keep one to three red chests alongside eligible purple special-room chests (143.652ms)
✔ B10F to B20F place one to three red chests alongside any enabled black chest (187.7738ms)
✔ B21F to B30F place one to three red chests with the temporary midgame table (213.4509ms)
✔ B31F to B40F place red chests and keep B39F free of black chests (196.4837ms)
✔ B41F to B49F place frost-region red chests and keep B49F free of black chests (124.025ms)
✔ B50F to B59F place one to three red chests and keep B59F free of black chests (218.1715ms)
✔ B60F to B69F place one to three red chests (242.1178ms)
✔ inn fee is two gold per level (0.2178ms)
✔ the inn stable restores thirty percent without exceeding maximums (0.2735ms)
✔ quest 029 hive moves to B8 and starts from active quest state without rumor 007 (10.5914ms)
✔ quest 029 paper uses the objective heading and requested objective (5.0924ms)
✔ quest 026 has a unique number and unlocks only after reported quests 028 and 029 (3.5021ms)
✔ Kirke gives one reusable birdlime and capture progress survives normalization (8.7102ms)
✔ Maerchentiere uses a deterministic harmless three-action cycle (20.9465ms)
✔ three successful stones leave 3 HP and birdlime captures without being consumed (24.7117ms)
✔ birdlime fails at HP4, ignores unsupported targets, and HP0 is an unrewarded escape (17.3885ms)
✔ capture battles suppress NPC instant-death bonus damage without suppressing the NPC attack (3.9179ms)
✔ quest 026 report grants Swift Foot and five Zaubertrank once (2.8024ms)
✔ Swift Foot makes final presence gain zero and removing it restores normal gain (1.1694ms)
✔ Kirke result dialogue waits for input and exits only after every requested page (1.6039ms)
✔ quest 026 assets and input-driven event wiring are present (13.4001ms)
✔ Magic Focus strengthens one single-target casting and is then consumed (34.0325ms)
✔ Magic Focus applies to every target in the original casting (13.6732ms)
✔ Magic Focus does not carry from the original casting into Gemini's extra casting (10.0079ms)
✔ B10F to B19F magic-region enemies use the requested names, images and display sizes (11.2857ms)
✔ magic-region enemies use the B90F-style three-action weighting (0.7169ms)
✔ magic-region stats and spell damage stay appropriate for the shallow B10F band (2.054ms)
✔ B10F begins with single enemies and unlocks larger groups gradually (50.4734ms)
✔ magic-region formations keep Junghexe single and the smaller enemies at one to three (15.4103ms)
✔ random encounters route B10F to B19F through the magic-region formation table (7.8906ms)
✔ B10F-B19F purple chest table uses the exact 33/33/33/1 boundaries (3.6174ms)
✔ B1F-B9F purple table keeps rarity rates and shares its SR slot with Astronomy (0.5718ms)
✔ new card definitions expose the requested costs, limits, prices and gallery data (0.9236ms)
✔ new cards use generic grant, duplicate conversion, deck and save normalization (15.1479ms)
✔ Follow-Up triggers once after normal, physical-skill and spell direct damage (31.8993ms)
✔ Follow-Up applies only once to a target after a multi-hit attack (5.6822ms)
✔ Follow-Up applies to each damaged living target of an all-enemy attack (9.2339ms)
✔ Follow-Up excludes misses, zero damage, DOT, banishment and NPC attacks (23.0459ms)
✔ Follow-Up can defeat one or several enemies without duplicating victory (15.9643ms)
✔ Guard Stone creates a fresh 15-point barrier and absorbs only enemy direct damage (20.8318ms)
✔ Guard Stone adds to the existing Sphinx Majesty barrier with existing rounding (4.8069ms)
✔ Mana Recovery restores actual SP once on a real victory and persists on the battle player (5.1859ms)
✔ Mana Recovery is included in the persistent character state at battle completion (7.2651ms)
✔ Mana Recovery caps the actual amount and stays silent at full SP (7.1187ms)
✔ Mana Recovery also resolves once when NPC support defeats the last enemy (8.6911ms)
✔ Mana Recovery never activates for escape, defeat, forced defeat or interruption (11.509ms)
✔ Mana Recovery runs once for a multi-enemy victory regardless of enemy count (6.6659ms)
✔ B10F-B19F purple chests use empty special rooms and never replace fixed contents (470.4706ms)
✔ purple chest save restoration keeps unopened chests and does not revive opened ones (19.3461ms)
✔ Mana Booster restores only SP and presents it in the SP status area (15.2711ms)
✔ Todes Scorpio grants the unique Zodiac Scorpio card through the boss reward path (1.9671ms)
✔ the final long march reaches B100F without return or transfer and allows dungeon backtracking (11.7102ms)
✔ the final long march grants Aries exactly once and survives save normalization (2.6385ms)
✔ legacy final-long-march clears receive Aries once without duplicating an owned card (1.4143ms)
✔ Aries cannot be claimed before the final long march is complete (0.5059ms)
✔ returning, defeat, transfers, and skipped floors invalidate the final long march (3.7723ms)
✔ the B1F to B42F marathon survives save normalization and completes in strict order (8.016ms)
✔ all four checkpoint bosses are required for the marathon reward (0.8152ms)
✔ returning or breaking the sequential descent invalidates the marathon (0.5264ms)
✔ a completed marathon cannot be restarted (0.6815ms)
✔ the second long march tracks strict descent from B1F through B84F (1.0413ms)
✔ the second long march survives saves and fails on a skipped floor (1.1203ms)
✔ returning, defeat, and transfer entry invalidate the second long march (2.5969ms)
✔ the B84F long march starts only after the B80F transfer portal is unlocked (1.1696ms)
✔ a legacy B79F boss clear starts the long march whenever B80F is a valid transfer destination (0.5003ms)
✔ legacy quest 028 reports and reached B80F boss clears backfill the B80F portal flag (3.263ms)
✔ the town entrance route reaches B84F, grants Taurus once, and survives save normalization (4.2171ms)
✔ main grants Taurus after the B84F achievement presentation (2.4891ms)
✔ main grants Aries after the B100F achievement presentation and backfills legacy clears (3.6241ms)
✔ message pagination uses rendered height and preserves every character (2.0651ms)
✔ message pagination keeps a fitting message on one page and handles a hidden element (1.6136ms)
✔ the truth staff is a unique unsellable key item (5.1844ms)
✔ Michaela restoration preserves all six requested dialogue pages (2.0214ms)
✔ Michaela dialogue measures the message box, splits naturally, and always shows the A prompt (1.5099ms)
✔ Amayenak victory persists recovery flags and returns to the B100F entrance (2.3586ms)
✔ the real battle completion snapshot reaches the restoration bridge with Amayenak's ID (11.1631ms)
✔ restoration overlay uses the cat and both Michaela portraits (4.5892ms)
✔ restoration returns silently without an unrelated floor transition message (1.8193ms)
✔ main.js keeps the current top-level cache buster without versioned module imports (2.381ms)
✔ midgame HP bonus joins the existing curve at levels 20 and 100 and peaks at level 60 (2.4423ms)
✔ levels 1 and 20 retain old HP while level 54 enters every requested job range (1.1438ms)
✔ levels 100 through 197 retain the old HP curve and B100F level-100 bases (6.8946ms)
✔ all jobs retain monotonic HP growth, including the level-99 to level-100 join (12.8256ms)
✔ SP remains byte-for-byte identical to the previous curve at every level (6.2739ms)
✔ fixed HP cards and HP multipliers keep their existing addition and rounding order (14.8496ms)
✔ save-load normalization recalculates max HP without healing or clearing persistent state (20.8773ms)
✔ normal lodging heals to the new maximum and level-up HP gain matches the actual growth delta (2.786ms)
✔ a level-54 priest enters an actual jungle battle with the recalculated maximum HP (5.4303ms)
✔ black chest mimic scales in ten-floor tiers (1.7693ms)
✔ mimic scaling leaves unrelated enemies untouched (0.2911ms)
✔ mobile rendering skips frames until the 30fps interval elapses (6.3681ms)
✔ desktop rendering remains unrestricted (0.3163ms)
✔ renderer uses existing mobile and tablet layout detection without double scheduling (17.4671ms)
✔ saved frame-rate modes override the automatic device default (0.5385ms)
✔ options page exposes the frame-rate toggle, motion warning, and HUD indicator (4.3343ms)
✔ main imports quest progress before gating the B6 special door (13.9807ms)
✔ main does not import the same module more than once (4.382ms)
✔ internal ES module imports never use cache-busting query strings (710.9998ms)
✔ dungeon state resolves to one shared ES module instance (0.8545ms)
✔ player can start an actual move through an open entrance exit (53.0023ms)
✔ monster compendium exposes the requested floor filters and masks unknown public entries (8.8754ms)
✔ secret and event monsters have no pre-encounter slot but appear after encounter (2.0726ms)
✔ encounter, defeat, and discovered drop progressively unlock monster details (55.7849ms)
✔ completion rate counts defeated public entries without leaking hidden catalog size (1.8318ms)
✔ library and menu connect the monster compendium without versioned internal imports (16.001ms)
✔ the requested debug settings are the defaults for data without saved options (3.6793ms)
✔ existing settings receive the requested defaults once without resetting unrelated options (0.5803ms)
✔ a migrated setting keeps later user changes (0.4014ms)
✔ NEW GAME reapplies every requested setting and its display hooks (18.0854ms)
✔ night staff gold replacement has a strict 1% boundary only at B70-78 and requires eligibility (993.7095ms)
✔ gold reward survives loot settlement and reload and prevents duplicate ownership (10.4049ms)
✔ equipped staff grants all-target dark spell, consumes SP once and removal revokes it after reload (25.5009ms)
✔ dark multiplier applies once, respects resistance, and ordinary magic stays between existing staves (6.1883ms)
✔ supplied 80-part effect retains all parameters after normalization (9.7281ms)
✔ generic Mikan candidates contain the existing line and all four new lines (204.0292ms)
✔ B4F Mikan Nyanko warns the player away from the superboss room (78.8854ms)
✔ B2F and both B6F states keep their existing Mikan guidance (56.4989ms)
✔ B5F Mikan Nyanko guides the player to the fountain (24.2318ms)
✔ B9F Mikan Nyanko guides the player to the red-door key (39.6099ms)
✔ Mikan Nyanko gives floor-specific guidance throughout the desert region (340.0422ms)
✔ B47F Mikan warns about Eiskrabbe until the optional boss is defeated (94.0088ms)
✔ new regional Mikan guidance follows the existing floor-zone definitions (402.3033ms)
✔ queen-shadow quests keep priority over generic and regional Mikan (144.4964ms)
✔ Maikaefer encounter and nest rates remain unchanged (0.381ms)
✔ a generated Mikan dialogue ID survives save and load without changing the encounter (169.3446ms)
✔ Mikan Nyanko no longer appears after all three queen regalia are collected (53.2711ms)
✔ quest 008 replaces Mikan with the queen shadow in strict floor order (120.8248ms)
✔ main screen reserves three empty NPC status slots for future party members (12.0589ms)
✔ NPC charge skill cut-ins use the four battle assets and a sequential 2.5 second presentation (6.1784ms)
✔ Rebecca defense down is visible on the enemy name without expanding the charge message (2.2179ms)
✔ NPC management reserves four rows and follows keyboard selection while scrolling (4.9314ms)
✔ touch selection requires a second tap for NPC hiring and guild quests (4.8578ms)
✔ four initial NPC definitions use stable IDs, jobs and existing image paths (3.0675ms)
✔ legacy saves normalize to an empty independent NPC system (11.3562ms)
✔ NPC charge state is backward compatible, clamped and independently persisted (0.5329ms)
✔ stage six Erika and Johan passives recover one point every five successful steps (1.6471ms)
✔ exploration HP and SP passive recovery both have popup hooks (2.5587ms)
✔ stage five exploration NPCs do not receive stage six passives (0.8053ms)
✔ Rebecca stage six charge skill checks assassination on every hit (5.5016ms)
✔ registration is unique and hiring charges level times five at growth stage zero (0.9043ms)
✔ NPC hiring fee scales with that NPC's growth stage through stage ten (0.6601ms)
✔ party normalization enforces three slots, unique NPCs and unique NPC jobs (0.5384ms)
✔ expedition growth is confirmed on return and renewal preserves the roster (2.5977ms)
✔ NPC-free battle remains unchanged and active supports create presentation events (23.9022ms)
✔ three NPC supports target roughly one and a half heroes of combined contribution (3.4566ms)
✔ NPC stages seven and eight upgrade support, charge attacks and Erika recovery (6.8492ms)
✔ stage nine advanced passives damage instant-death-immune bosses and improve Goddess Breath (7.2636ms)
✔ stage ten capstones provide Vandervalke, Siegfried and Golden Wheat once per battle (15.2108ms)
✔ Johan stages seven through nine strengthen magic support, the wall and Mana Activation (7.8538ms)
✔ Der Zauberschild reduces a large hit before Siegfried and restores ten percent SP (4.3502ms)
✔ charge rates follow thief, priest, warrior, mage and cooldown skips one full turn (2.0943ms)
✔ Alec and Rebecca charge skills use the intended physical hit profiles (5.5071ms)
✔ Erika charge skill executes normal undead, preserves EXP and only deals triple damage to undead bosses (5.7172ms)
✔ Johan charge wall blocks low per-hit damage for three turns but lets strong hits through (9.1023ms)
✔ status page three derives each active NPC display from current support balance (7.5207ms)
✔ NPC renewal hides background commands and restores its originating town screen (2.1838ms)
✔ NPC management clears every storage-only overlay state before reuse (3.6493ms)
✔ fire oil flows through use, attack, physical skill and rejection (47.2662ms)
✔ ice oil flows through use, attack, physical skill and rejection (7.9671ms)
✔ lightning oil flows through use, attack, physical skill and rejection (7.5094ms)
✔ item presentation includes actual healing and barrier reduction (3.2379ms)
✔ invalid oil and barrier elements are not silently converted to fire (0.2693ms)
✔ existing Pisces identity, description and limits remain one Z card (2.3348ms)
✔ normal: death revives once, preserves SP and protects the complete next turn (32.715ms)
✔ multi: death revives once, preserves SP and protects the complete next turn (7.6763ms)
✔ spell: death revives once, preserves SP and protects the complete next turn (11.7413ms)
✔ instant death: death revives once, preserves SP and protects the complete next turn (5.2347ms)
✔ not equipped at start never revives, and later deck changes do not grant or revoke eligibility (6.0526ms)
✔ multi-enemy remaining actions deal zero after revival and protection expires after all actions (6.7334ms)
✔ ambush protects first command turn only, invalid input does not shorten it (3.5276ms)
✔ deadly_poison on the final action revives with full next-turn protection (3.0209ms)
✔ death_poison on the final action revives with full next-turn protection (4.0602ms)
✔ ordinary poison/bleeding retain existing nonlethal rules (3.4971ms)
✔ all registered ailments/debuffs clear, buffs and sealed-arrow gimmick survive (3.3786ms)
✔ fixed, percentage and reflection HP loss use the common gate; simultaneous death resolves before victory (3.0452ms)
✔ Alec lethal avoidance precedes Pisces without consuming both (4.2544ms)
✔ immunity persists through phase changes, allows healing and expires at turn end (3.9861ms)
✔ battle-local status is removed on normalization, cleanup and a new battle (5.2617ms)
✔ scripted nonlethal event does not consume Pisces or prevent its ending (9.7361ms)
✔ HP presentation places revival after the complete multi-hit damage sequence (3.3509ms)
✔ late turn and player-first ordering preserve the next full turn; minimum HP is one (6.1317ms)
✔ revival HP presentation is absolute even when an instant kill has no damage-number event (2.1201ms)
✔ invulnerability never triggers Cancer or consumes a damage barrier (3.3514ms)
✔ fixed-damage action goes through death and immunity in the real action pipeline (3.9498ms)
✔ simultaneous deaths without a remaining resurrection consistently end in defeat (2.1998ms)
✔ the early enemy-escape branch also removes immunity (2.1919ms)
✔ player charge is backward compatible and uses the requested action gains (4.9267ms)
✔ using a full player charge resets it and skips one full action before charging again (0.4451ms)
✔ each job learns exactly one configured charge skill at level 55 (0.6004ms)
✔ charge skills expose their intended hit, element and passive profiles (0.3459ms)
✔ a charge skill is selectable only when learned and fully charged (5.8232ms)
✔ legacy characters gain an independent normalized player charge state (4.6019ms)
✔ player charge presentation JSON is data-driven and safely normalized (0.9804ms)
✔ each job learns charge skills at levels 10, 30, 55 and 80 (0.7159ms)
✔ level 80 charge skills cost an unreduced 100 SP and are once per battle (25.3093ms)
✔ mana spring makes ordinary attack spells free but not charge skills (0.7859ms)
✔ Blindheit lowers the afflicted enemy's physical accuracy (0.3214ms)
✔ level 80 priest and mage expose holy execution and resistance bypass rules (0.2372ms)
✔ Acht Streich randomly distributes its eight hits and retargets after a defeat (8.322ms)
✔ normal player steps update the same presence observed by the HUD and encounter hook (1.8465ms)
✔ Auto Walker freezes presence until automatic travel ends (1.02ms)
✔ exorcism talisman suppresses exactly 30 steps and growth resumes on step 31 (0.3497ms)
✔ プロローグ本文は指定文を変更せず保持する (1.7938ms)
✔ プロローグ画像と演出時間は一箇所に集約される (0.3385ms)
✔ NEW GAMEはプロローグから案内画面へ接続する (12.0502ms)
✔ ゲーム開始前の案内はセーブ方法と操作方法の二ページで進行する (4.9651ms)
✔ プロローグは表示後の画面高から本文開始位置を決める (2.0294ms)
✔ プロローグは二段階スキップとゲームパッド入力に対応する (7.486ms)
✔ プロローグ画面はディザ端処理とモバイル調整を持つ (4.7311ms)
✔ the queen regalia grant their separate hidden minimap effects (4.1111ms)
✔ the necklace map reveal requires an effective torch (0.5526ms)
✔ the hidden effects do not change the player-facing key-item descriptions (0.5522ms)
✔ B100F minimap blocking remains higher priority than the regalia (14.1202ms)
✔ quest 011 links quest 010 to quest 012 without invalidating legacy quest 012 state (6.2138ms)
✔ three clues progress in any order, survive abandonment, and restore on reacceptance (1.9734ms)
✔ quest clue events are mandatory on B22, B24, and B26 only while needed (176.1433ms)
✔ B27 hideout requires an active quest and all three clues (0.4772ms)
✔ Thief Leader uses the requested art and balanced single-element actions (1.3688ms)
✔ boss defeat completes quest 011 and reporting grants only missing unique cards plus 2000G (4.0649ms)
✔ legacy completed quest 011 saves receive the Malicious recruitment unlock (3.999ms)
✔ quest 015 follows quest 014 and restores the three B39F/B40F flags (6.194ms)
✔ quest 019 is prepared after quest 018 and restores the three B49F/B50F flags (0.9168ms)
✔ Goddess's Mercy combines Grace and Floor Detection without separating the original pair (41.7893ms)
✔ Perpetual Torch exposes consumption suppression and forced torch effects (15.0779ms)
✔ quest 016 places one persistent ingredient event on every floor from B51F through B58F (367.5823ms)
✔ quest 024 unlocks after quest 020 and keeps accepted legacy progress (8.0518ms)
✔ quest 024 records B60F-B65F in any order and finishes at the B66F event room (1.7798ms)
✔ quest 024 suppresses Mikan throughout the desert and places only unfound shadows on B60F-B65F (166.1458ms)
✔ quest 024 copy, earring, reward, and finale dialogue match the specification (4.3905ms)
✔ Mirage rolls once for the first enemy attack and evades the whole attack on success (19.2147ms)
✔ quest 030 unlocks after quest 029 and B80F without rolling back accepted saves (11.3616ms)
✔ quest 030 uses the requested copy and grants Life Booster plus forty thousand gold (3.3448ms)
✔ Life Booster mirrors Mana Booster for HP and presents recovery over HP (12.1743ms)
✔ quest 031 has the requested unique paper and unlocks only after Anna explains the problem (8.6365ms)
✔ quest 031 flower, brewing, delivery, and recovery transitions are atomic and idempotent (4.957ms)
✔ quest 031 report grants Return the Favor once and Johanna's thanks unlocks the bonus once (2.5662ms)
✔ quest 031 report reward, thanks handoff, and achievement survive protected save loading without duplication (25.6902ms)
✔ post-quest innkeeper selection uses the 25 percent boundary without consuming hidden randomness (0.7196ms)
✔ quest 031 definitions and progression survive legacy normalization without duplicating key items (2.7067ms)
✔ B57 has the fixed medicine spring while the B57 ingredient and B58 Kirke room remain intact (78.5878ms)
✔ the B57 spring cannot start its boss before Kirke has been consulted (50.3443ms)
✔ the first spring visit is nine input-driven pages, changes to NPC_event_28, then starts one boss battle (26.7234ms)
✔ a revisit skips the long introduction and starts the retry from its confirmation (43.9429ms)
✔ victory resumes the NPC_event_29 flower handoff and grants the saved key item only once (7.7279ms)
✔ main wires the B57 battle identity, saved victory handoff, retry origin, and renderer assets (15.367ms)
✔ quest 032 unlocks after quest 033 and preserves an already-owned necklace (21.4363ms)
✔ quest 032 records B90F-B98F in any order and finishes in the B99F event room (2.9932ms)
✔ dark-region floors place only needed queen shadows and never ordinary Mikan (85.7206ms)
✔ quest 032 copy, necklace, finale dialogue, and Vital Surge reward match the specification (4.8496ms)
✔ B100F requires the defeated B99F boss and all three pieces of queen regalia (0.9358ms)
✔ quest 033 unlocks after quest 030 and preserves an already-owned Lichtbringer (8.153ms)
✔ quest 033 copy, event room, client scene, and Virgo reward match the specification (2.0359ms)
✔ B95F generation preserves the active Lichtbringer pickup inside its special room (36.8541ms)
✔ B95F does not restore Lichtbringer before acceptance or after acquisition (35.4686ms)
✔ reporting quest 033 grants the one-copy Z Virgo card (2.0737ms)
✔ Virgo raises maximum HP and SP by 25 percent and heals 10 percent on descent (6.579ms)
✔ Virgo maximum HP and SP remain applied after either kind of inn stay (5.2439ms)
✔ inn recalculation preserves the established order of every vital multiplier card (7.4038ms)
✔ quest 016 unlocks after its rumor, consumes eight ingredients, and unlocks Loretta (12.5214ms)
✔ quest history lists reportable, active, then completed requests (5.9491ms)
✔ quest state is normalized into character saves (4.3815ms)
✔ quest 001 can be accepted and abandoned (0.7529ms)
✔ rat defeats advance only quest 001 and stop at 15 (1.06ms)
✔ defeat quest progress messages include the updated count (1.2689ms)
✔ B1F forces rats only until the active quest reaches its target (1.0993ms)
✔ quest 002 forces cave slimes on B1F and can progress beside quest 003 (1.3794ms)
✔ quest 002 report grants an HP card and 200G (0.9848ms)
✔ B2F remains locked until quests 001, 002, and 003 are completed (1.2533ms)
✔ B20F remains locked until the B19 checkpoint boss is defeated (0.472ms)
✔ B30F remains locked until the B29 checkpoint boss is defeated (0.4054ms)
✔ B40F remains locked until the B39 checkpoint boss is defeated (0.34ms)
✔ B60F remains locked until Fleischfresser is defeated (0.2903ms)
✔ B70F remains locked until Sphinx is defeated or answered (0.3033ms)
✔ quest 003 tracks B1F explored cells and resets before completion (0.4958ms)
✔ quest 003 completion survives return and grants an SP card and 200G (0.6834ms)
✔ quest 003 no longer installs or opens the obsolete tutorial overlay (3.0594ms)
✔ quest 004 unlocks with B2F and forces abyss rabbits until 15 defeats (0.8738ms)
✔ quest 004 report grants Alertness and 200G (0.7135ms)
✔ quest 005 forces wandering dead only on B4F and ignores other floors (0.5909ms)
✔ quest 005 report grants Dexterity Lesson and 400G once (0.7332ms)
✔ reporting a completed quest grants the C-rarity AGI card once (0.6073ms)
✔ invalid quest entries are discarded during normalization (0.2135ms)
✔ quest 006 unlocks after quest 005 and rewards First Aid once (1.599ms)
✔ defeating the B6 quest mimic completes quest 006 (2.7338ms)
✔ quest 007 requires the B9 boss and restores progress after abandonment (4.3611ms)
✔ quest 007 grants the defense card once when accepted (2.0129ms)
✔ completed quest 007 saves receive the missing acceptance card once (0.8825ms)
✔ quest 007 rescues saves where the B9 boss was defeated before acceptance (0.622ms)
✔ quest 007 rescues an already-active legacy quest after the B9 boss was defeated (1.0053ms)
✔ quest 008 follows the queen shadow from B10F through B14F and rewards Resistance Spirit (4.9391ms)
✔ quest 008 keeps unique shadow progress after abandonment and reacceptance (0.6265ms)
✔ quest 009 unlocks after quest 006 and rewards Floor Detection plus 800G (0.8039ms)
✔ quest 010 requires completed quest 007 and B10F, then rewards Magic Barrier plus 1000G (0.6828ms)
✔ quest 010 rescues saves that already defeated the B19F boss (0.3869ms)
✔ quest 012 tracks the B29F red door, Iron Maiden, and B30F arrival (0.745ms)
✔ quest 013 supplies ten large potions, resets on leaving B35F, and rewards fireproof boots (1.9282ms)
✔ quest 017 follows quest 015, supplies fifteen large potions, and rewards coldproof boots (1.0376ms)
✔ quest 014 is gated by quest 013, tracks the B36F Brass Bull, and unlocks Scorching Barrier sales (0.7127ms)
✔ quest 018 follows quest 017, tracks B46F Glacies, and unlocks Extreme Cold Barrier sales (0.6703ms)
✔ multi-item quest rewards pass their quantity separately to the item popup (46.533ms)
✔ quest supplies use their actual item names in the item popup (3.5587ms)
✔ Helen's herbicide reward uses the important item popup (4.8428ms)
✔ active 100-cell surveys guarantee only their target floor special door (0.51ms)
✔ quick status keeps separate Japanese and English job labels (3.0306ms)
✔ mobile quick status truncates only names of six or more characters (0.3525ms)
✔ quick status level uses at least two digits without truncating high levels (0.3468ms)
✔ quick status money is nonnegative and has no digit separators (0.4325ms)
✔ current HP becomes critical only below ten percent (0.409ms)
✔ desert quicksand is limited to B60F through B68F (1.7116ms)
✔ explored quicksand uses a visible sand-colored minimap marker (3.2826ms)
✔ desert floors contain three cyclic quicksand points without feature overlap (263.1636ms)
✔ quicksand transition completes once on success, pre-fade rejection, and failure (1.0919ms)
✔ quicksand contact shows its image then uses a short fade transition (19.4343ms)
✔ fulgura gold loot, settlement, equip and save/load preserve unlock and prevent duplicate (17.911ms)
✔ fulgura real combat uses exact hit count, attributes and SP40 once (21.8877ms)
✔ jormungandr gold loot, settlement, equip and save/load preserve unlock and prevent duplicate (7.569ms)
✔ jormungandr real combat uses exact hit count, attributes and SP40 once (7.5915ms)
✔ cucullus_domini gold loot, settlement, equip and save/load preserve unlock and prevent duplicate (8.3224ms)
✔ cucullus_domini real combat uses exact hit count, attributes and SP40 once (6.3109ms)
✔ mixed hits independently respect immunity, weakness and ice reduction (0.7795ms)
✔ scepter normal attack ignores all DEF and has two 0.6 hits (0.5228ms)
✔ normal mixed weapon hits preserve innate attributes through oil and trigger second-element reactions (17.742ms)
✔ rapid currents are generated only on B70F through B78F (115.7923ms)
✔ generated rapid currents are straight, separated, safe, and end on normal shores (108.5889ms)
✔ rapid-current placement is reproducible on the same completed map and RNG sequence (59.8286ms)
✔ forced-current paths move one cell at a time and finish at the saved shore (0.5591ms)
✔ rapid-current presentation uses the supplied image and MP3 files (19.5531ms)
✔ discovered rapid currents use visible vector direction arrows on the minimap (0.8618ms)
✔ current_cleaving_longsword: every enhancement matches stats and existing weapon mechanics (3.6636ms)
✔ current_cleaving_longsword: job restriction, shield handling and normalized save restore (14.0658ms)
✔ current_cleaving_longsword: flame card and oil use existing physical imbue rules (45.2419ms)
✔ whirlpool_dagger: every enhancement matches stats and existing weapon mechanics (0.5431ms)
✔ whirlpool_dagger: job restriction, shield handling and normalized save restore (9.0962ms)
✔ whirlpool_dagger: flame card and oil use existing physical imbue rules (29.0187ms)
✔ tide_piercing_mace: every enhancement matches stats and existing weapon mechanics (0.581ms)
✔ tide_piercing_mace: job restriction, shield handling and normalized save restore (3.8876ms)
✔ tide_piercing_mace: flame card and oil use existing physical imbue rules (14.1058ms)
✔ deep_current_staff: every enhancement matches stats and existing weapon mechanics (0.6996ms)
✔ deep_current_staff: job restriction, shield handling and normalized save restore (2.518ms)
✔ deep_current_staff: flame card and oil use existing physical imbue rules (12.0318ms)
✔ B70-B77 weapon order and B78 four jobs use +1/+2/+3 boundaries (5.24ms)
✔ mace total penetration is 35/35/40/45%, including standard blunt penetration exactly once (1.191ms)
✔ staff SP equipment bonus neither heals on equip nor duplicates after remove/re-equip (3.8502ms)
✔ black chest unlock, one-per-floor, neighbors and saved empty cells keep existing rules (968.4765ms)
✔ loot settlement and protected saves retain all four weapons and enhancement (22.4788ms)
✔ late-region obstacles preserve reserved rooms and place crystal purple chests in empty rooms (835.5783ms)
✔ crystal contact, cancellation and confirmation spend SP only once and play boon (11.0722ms)
✔ Erika and holy weapon remove dark orb through the actual input flow (2.9866ms)
✔ Glut and Frost floors place three safe, separated exploration obstacles except survey floors (911.2537ms)
✔ fixed generation input reproduces obstacle coordinates and preserves B39F/B49F boss rooms (108.1872ms)
✔ obstacle definitions use the requested assets and floor-zone exclusions (7.7943ms)
✔ walking into an unavailable obstacle does not move or change facing (0.8091ms)
✔ regional obstacles use contact-only red and cyan triangle minimap markers (0.2262ms)
✔ a mage spends ten SP only after confirming the matching spell (3.704ms)
✔ SP9 cannot remove an obstacle by magic but the matching weapon element remains selectable (1.1262ms)
✔ a mage can deliberately choose an elemental weapon without spending SP (0.5519ms)
✔ an accompanying Johan always removes the obstacle without consuming player resources (0.4658ms)
✔ registered but non-accompanying Johan does not grant free removal (0.4799ms)
✔ only the matching weapon element removes each obstacle and opposite or lightning elements cannot (0.9398ms)
✔ removal immediately updates traversal and auto-return pathfinding (0.4776ms)
✔ obstacle discovery and removal persist in saved floor snapshots (108.8378ms)
✔ B35F and B45F survey quests still complete on a fully explored map (1.7466ms)
✔ obstacle effects animate inside the shared renderer and remain reduced-motion safe (0.3399ms)
✔ matching weapon element removal uses the registered sliding2 sound once (4.0931ms)
✔ elemental oils keep their battle-only prices and shop unlock contract (0.331ms)
✔ renderer, minimap, save restore, and shared input paths include exploration obstacles (2.2178ms)
✔ oil ownership alone is rejected; equipment priority and confirmation recheck match the icon (0.4681ms)
✔ the four romance relics remain unique, unenhanced, unsellable job weapons (7.6316ms)
✔ Musashi Blade is B80-ready while Katzbalger remains the safer final weapon (1.6844ms)
✔ The Five Star keeps five-hit identity below Katzendolch's final-region ceiling (1.8204ms)
✔ Sylvan Emera keeps its defensive identity and Katzenkolben remains the final hybrid (0.3236ms)
✔ Comet Booster supports late magic while Katzenstab remains the general spellcasting apex (1.3455ms)
✔ sprite centers remain visible directly ahead for NPCs, treasure, fountains and bosses (1.7479ms)
✔ a sprite behind a corner wall is not visible (0.3748ms)
✔ a visible sprite center is retained when only a cell edge is occluded (0.3302ms)
✔ revival prayer selects Lumina at exactly the five-percent boundary (1.5776ms)
✔ revival prayer chooses its image once before the existing animation starts (25.5776ms)
✔ the achievement popup can appear above the revival scene (1.8847ms)
✔ temple defeat revival uses the assigned keeper for normal and festival outfits (0.6438ms)
✔ temple defeat revival preserves protected and lost experience messages (0.3579ms)
✔ loot and no-loot defeat paths clear the message until the revival prayer finishes (6.0751ms)
✔ production roaming-enemy registry enables only approved Verfolger floors (4.2152ms)
✔ roaming definitions support explicit floors and inclusive ranges (1.274ms)
✔ farthest placement uses Manhattan distance and injected RNG for ties (5.5705ms)
✔ a player standing on stairs uses reachable neighboring floor cells as path roots (0.7644ms)
✔ placement terminates cleanly when no reachable normal floor exists (0.8617ms)
✔ the shared occupancy predicate blocks every live static feature (0.6349ms)
✔ open normal doors are passable while closed, locked, and event doors are not (0.5984ms)
✔ opened treasures and removed obstacles become traversable despite stale temporary reservations (0.3459ms)
✔ patrol avoids an immediate reversal when another route exists and reverses at a dead end (1.3044ms)
✔ patrol waits when every neighboring cell is forbidden (0.5774ms)
✔ line-of-sight discovery enters chase and follows a shortest valid path (0.9775ms)
✔ losing sight returns to patrol when the path to the last seen cell vanishes (0.6872ms)
✔ after losing sight the enemy investigates the last seen position before resuming patrol (0.5403ms)
✔ player contact is resolved before enemy movement (0.6426ms)
✔ enemy contact waits for movement interpolation to finish (0.6387ms)
✔ an instance marked in battle cannot patrol until combat ends (0.4138ms)
✔ render coordinates interpolate while logical collision coordinates stay integral (0.6042ms)
✔ escape success resets combat state and moves the enemy to the farthest reachable cell (0.5085ms)
✔ escape without a legal destination removes the instance without rewards (0.3204ms)
✔ defeat removes the instance and grants its per-map reward only once (0.3403ms)
✔ save data preserves identity, movement memory, and terminal state without animation internals (0.7356ms)
✔ old saves and malformed roaming references do not create a new instance (0.3195ms)
✔ an invalid occupied coordinate is restored as departed instead of retry-looping (0.2789ms)
✔ the minimap marker is visible only on the enemy's currently explored cell (0.2805ms)
✔ full dungeon generation places a configured test enemy after static features (66.3863ms)
✔ ordinary production dungeon generation does not add an unspecified roaming enemy (55.0992ms)
✔ the movement hook runs once after a successful step and not for turns or wall collisions (4.927ms)
✔ runtime integration orders roaming contact before random encounters and persists the map instance (22.7007ms)
✔ one rumor rings once, reveals copy after the bell, and completes once (14.973ms)
✔ multiple pending stages are deduplicated into one plural notification (43.3278ms)
✔ muted or failed audio still keeps the bell-only interval before showing text (119.1768ms)
✔ a rumor heard while waiting is removed before sound or presentation (32.4925ms)
✔ an interrupted notification is concealed and presented again when safe (116.4193ms)
✔ reset invalidates an active generation instead of reviving its old queue (65.6309ms)
✔ achievement and rumor presentations share one serial coordinator (82.2077ms)
✔ rumor and quest notices share the coordinator and quest copy stays singular (132.1929ms)
✔ a quest unlocked during an active batch is left for the next display (119.0983ms)
NDA save data could not be read (nda.save.slot1.current). SyntaxError: Expected property name or '}' in JSON at position 1 (line 1 column 2)
    at JSON.parse (<anonymous>)
    at readSerializedSave (file:///E:/GitHub/never-dungeon-abyss/js/save-data.js:53:25)
    at readKey (file:///E:/GitHub/never-dungeon-abyss/js/save-data.js:66:10)
    at loadGame (file:///E:/GitHub/never-dungeon-abyss/js/save-data.js:72:19)
    at TestContext.<anonymous> (file:///E:/GitHub/never-dungeon-abyss/tests/save-data.test.mjs:166:18)
    at Test.runInAsyncScope (node:async_hooks:227:14)
    at Test.run (node:internal/test_runner/test:1382:25)
    at async Test.processPendingSubtests (node:internal/test_runner/test:960:7)
NDA save data could not be read (nda.save.slot1.current). SyntaxError: Expected property name or '}' in JSON at position 1 (line 1 column 2)
    at JSON.parse (<anonymous>)
    at readSerializedSave (file:///E:/GitHub/never-dungeon-abyss/js/save-data.js:53:25)
    at readKey (file:///E:/GitHub/never-dungeon-abyss/js/save-data.js:66:10)
    at loadGame (file:///E:/GitHub/never-dungeon-abyss/js/save-data.js:72:19)
    at TestContext.<anonymous> (file:///E:/GitHub/never-dungeon-abyss/tests/save-data.test.mjs:170:18)
    at Test.runInAsyncScope (node:async_hooks:227:14)
    at Test.run (node:internal/test_runner/test:1382:25)
    at async Test.processPendingSubtests (node:internal/test_runner/test:960:7)
NDA save data could not be read (nda.save.manual1.current). SyntaxError: Expected property name or '}' in JSON at position 1 (line 1 column 2)
    at JSON.parse (<anonymous>)
    at readSerializedSave (file:///E:/GitHub/never-dungeon-abyss/js/save-data.js:53:25)
    at readKey (file:///E:/GitHub/never-dungeon-abyss/js/save-data.js:66:10)
    at loadGame (file:///E:/GitHub/never-dungeon-abyss/js/save-data.js:72:19)
    at TestContext.<anonymous> (file:///E:/GitHub/never-dungeon-abyss/tests/save-data.test.mjs:166:18)
    at Test.runInAsyncScope (node:async_hooks:227:14)
    at Test.run (node:internal/test_runner/test:1382:25)
    at async Test.processPendingSubtests (node:internal/test_runner/test:960:7)
NDA save data could not be read (nda.save.manual1.current). SyntaxError: Expected property name or '}' in JSON at position 1 (line 1 column 2)
    at JSON.parse (<anonymous>)
    at readSerializedSave (file:///E:/GitHub/never-dungeon-abyss/js/save-data.js:53:25)
    at readKey (file:///E:/GitHub/never-dungeon-abyss/js/save-data.js:66:10)
    at loadGame (file:///E:/GitHub/never-dungeon-abyss/js/save-data.js:72:19)
    at TestContext.<anonymous> (file:///E:/GitHub/never-dungeon-abyss/tests/save-data.test.mjs:170:18)
    at Test.runInAsyncScope (node:async_hooks:227:14)
    at Test.run (node:internal/test_runner/test:1382:25)
    at async Test.processPendingSubtests (node:internal/test_runner/test:960:7)
NDA save data could not be read (nda.save.slot1.current). SyntaxError: Unexpected token 'c', "corrupt" is not valid JSON
    at JSON.parse (<anonymous>)
    at readSerializedSave (file:///E:/GitHub/never-dungeon-abyss/js/save-data.js:53:25)
    at readKey (file:///E:/GitHub/never-dungeon-abyss/js/save-data.js:66:10)
    at loadGame (file:///E:/GitHub/never-dungeon-abyss/js/save-data.js:72:19)
    at TestContext.<anonymous> (file:///E:/GitHub/never-dungeon-abyss/tests/save-data.test.mjs:182:16)
    at Test.runInAsyncScope (node:async_hooks:227:14)
    at Test.run (node:internal/test_runner/test:1382:25)
    at async Test.processPendingSubtests (node:internal/test_runner/test:960:7)
NDA save data could not be read (nda.save.slot1.current). SyntaxError: Unexpected token 'b', "broken" is not valid JSON
    at JSON.parse (<anonymous>)
    at readSerializedSave (file:///E:/GitHub/never-dungeon-abyss/js/save-data.js:53:25)
    at readKey (file:///E:/GitHub/never-dungeon-abyss/js/save-data.js:66:10)
    at loadGame (file:///E:/GitHub/never-dungeon-abyss/js/save-data.js:72:19)
    at TestContext.<anonymous> (file:///E:/GitHub/never-dungeon-abyss/tests/save-data.test.mjs:193:20)
    at Test.runInAsyncScope (node:async_hooks:227:14)
    at Test.run (node:internal/test_runner/test:1382:25)
    at async Test.processPendingSubtests (node:internal/test_runner/test:960:7)
✔ load summaries show cat medal only for the awarded save slot (19.2988ms)
✔ rumor notification state survives protected saves without crossing slots (2.1055ms)
✔ guild request notification state survives protected saves without crossing slots (2.503ms)
✔ auto and three manual save slots are stored independently (3.5293ms)
✔ JSON archive restores exported save slots after storage is cleared (5.7736ms)
✔ invalid JSON archive does not alter existing saves (0.8163ms)
✔ a modified protected archive is rejected without altering existing saves (1.4679ms)
✔ a modified current save falls back to its protected backup (1.4604ms)
✔ auto preserves a healthy backup through promotion and later saves (3.5905ms)
✔ manual1 preserves a healthy backup through promotion and later saves (2.754ms)
✔ an unreadable current save never replaces a healthy backup (2.288ms)
✔ a legacy backup is upgraded when it is promoted (0.8633ms)
✔ Todes Scorpio uses the reduced regain and death-poison values (2.0434ms)
✔ Todes Scorpio lowers dangerous-action weights while chilled (2.3463ms)
✔ an ice hit chills Todes Scorpio and blocks its next regain (25.4724ms)
✔ Todes Scorpio regains exactly 150 HP when ice does not suppress it (8.1197ms)
✔ Poison Mask resistance also reduces death-poison application (9.7479ms)
✔ Strong Healing Potion (M) restores half max HP and unlocks at B70F (4.1494ms)
✔ Glacies Hammer explicitly describes its ice attack (0.2923ms)
✔ equipment screens describe the expanded poison resistance and Glacies ice attack (26.8684ms)
✔ Scorpio exposes the complete overpowered Zodiac effect (3.3082ms)
✔ Scorpio death-poison rate is twenty percent and halves against bosses (0.4971ms)
✔ Scorpio inflicts five-percent death poison on a landed attack even through boss immunity (23.3898ms)
✔ Scorpio completely blocks poison, deadly poison, and death poison (6.6535ms)
✔ custom Scorpio death poison does not change the original ten-percent death poison (0.3945ms)
✔ shop baseline, unlock, persistence and acknowledgement (13.5665ms)
✔ B10F creates one shop announcement and an unseen item badge (9.8274ms)
✔ final shop armor requires B30F arrival and the Iron Maiden victory (2.7785ms)
✔ B50F shop armor provides one full job-specific set after the transfer portal unlock (4.7709ms)
✔ opening a shop category clears only that category's badge (3.4519ms)
✔ legacy B10F saves receive the stock notice once (1.0277ms)
✔ thief armor category becomes new only after the boss and arrival requirements (3.0584ms)
✔ battle skills hide passives and paginate as two columns of six (12.8814ms)
✔ field skills paginate every eight entries without overlapping (2.4972ms)
✔ item and skill overlays remember the last used selection separately by context (3.3219ms)
✔ battle items paginate as two columns of six without vertical scrolling (2.8737ms)
✔ code is canonical, bounded, preserves every original field and excludes owner metadata (19.2288ms)
✔ URL alphabet hyphens and underscores are real data; every single-character mutation is rejected (132.1893ms)
✔ reject malformed format, unsupported versions, invalid signature and out of range seed (1.6868ms)
✔ cross-save import, full duplicate preservation, same-content confirmation and deletion restore (2.8599ms)
✔ failed import/delete/favorite saves preserve complete previous character (1.1869ms)
✔ new and legacy prefix cases preserve payload and share original identity (1.3151ms)
✔ doors 0: deterministic, valid, independent of topology mutation (61.019ms)
✔ doors 1: deterministic, valid, independent of topology mutation (51.2294ms)
✔ doors 12345: deterministic, valid, independent of topology mutation (54.1262ms)
✔ doors 65535: deterministic, valid, independent of topology mutation (42.7332ms)
✔ doors reject bad inputs and do not consume Math.random (2.9807ms)
✔ canonical boundaries share identities and reject outer edges (0.4274ms)
✔ closed door blocks both sides; only adjacent front opens; animation then permits passage (8.7004ms)
✔ minimap hides unseen doors and uses existing closed/open colors from either explored side (13.4848ms)
✔ Candidate 2 changes only raw weight transform and revision, preserving selection and normalization (2.6143ms)
✔ Candidate 2 uses the same weight draws directly, Candidate 1 cubes them (19.1812ms)
✔ archived Candidate 1 samples reproduce prior audit, including fingerprints (3.0848ms)
✔ every archived singleton seed keeps its exact species and 100% weight (31.705ms)
✔ special-map-v1 seed 0: repeat 100 times, valid positive ecology (38.1016ms)
✔ special-map-v1 seed 1: repeat 100 times, valid positive ecology (25.8995ms)
✔ special-map-v1 seed 12345: repeat 100 times, valid positive ecology (24.5676ms)
✔ special-map-v1 seed 32768: repeat 100 times, valid positive ecology (26.645ms)
✔ special-map-v1 seed 65535: repeat 100 times, valid positive ecology (20.9154ms)
✔ phase2a-1 seed 0: repeat 100 times, valid positive ecology (20.5068ms)
✔ phase2a-1 seed 1: repeat 100 times, valid positive ecology (10.267ms)
✔ phase2a-1 seed 12345: repeat 100 times, valid positive ecology (59.6418ms)
✔ phase2a-1 seed 32768: repeat 100 times, valid positive ecology (22.128ms)
✔ phase2a-1 seed 65535: repeat 100 times, valid positive ecology (19.3048ms)
✔ ecology requires no random source, clock, character, or save state (2.3456ms)
✔ ecology streams are independent and leave topology baseline untouched (3.0024ms)
✔ original signatures and ownership metadata never participate in ecology (1.291ms)
✔ invalid seed, ruleset and blueprint identity/theme are rejected (5.3802ms)
✔ positive integer normalization totals 10000, ties use selection order (0.8549ms)
✔ candidate pools match reviewed normal-encounter baseline, excluding special-only enemies (12.8501ms)
✔ sample includes natural single species, biases and varying ecologies without zero weights (534.216ms)
✔ fingerprint canonicalization ignores object key order and rejects mutated output (0.7423ms)
✔ audit checker detects malformed distribution rather than merely generating statistics (0.7815ms)
✔ ecology stays outside gameplay and does not add seed-specific production branches (1.7254ms)
✔ V1 frozen examples repeat 100 times with independent complete structure checks (204.1757ms)
✔ V1 PRNG/subseed vectors and future streams cannot consume topology randomness (2.0916ms)
✔ generator rejects invalid seeds/rulesets without coercion (1.0833ms)
✔ no Math.random dependency or mutable output shared across calls (5.8378ms)
✔ legacy registered originals regenerate without changing save, name rules or shared code (21.3545ms)
✔ real protected snapshot reload retains unidentified then appraised original (16.9817ms)
✔ save failure at .temp preserves unidentified in memory and on disk (3.9171ms)
✔ save failure at .backup preserves unidentified in memory and on disk (2.6922ms)
✔ save failure at .current preserves unidentified in memory and on disk (2.4096ms)
✔ post-commit cleanup error does not roll back a committed appraisal (2.5932ms)
✔ post-commit event error does not roll back a committed appraisal (1.863ms)
✔ shared import, favorite and deletion survive real protected save reload (7.3573ms)
✔ registered V1 starts at frozen entrance and direction with one explored cell (12.3409ms)
✔ collision, animation, exploration and BFS exit work without touching normal save (330.6939ms)
✔ shared origins and different discoverers use only ruleset and seed for terrain (17.998ms)
✔ real minimap accepts session cells without revealing unknown exits (5.3284ms)
✔ renderer binding restores exact normal references and theme after immediate disposal (3.3339ms)
✔ runtime controller exits immediately, restores renderer, and never invokes normal gameplay (8.6208ms)
✔ backward travel and left turns preserve facing and mark only visited cells (1.2997ms)
✔ keyboard and touch controls cannot fall through to normal movement or generation (2.6487ms)
✔ survey mask validates old/corrupt saves and derives completion rather than trusting flags (3.3142ms)
✔ actual walk surveys 100 unique cells, exit is not terminal, completion transitions once (28.1916ms)
✔ 63 cells survive snapshot reload and reentry while position and door state reset (16.6265ms)
✔ opening doors does not survey the neighboring cell (2.0466ms)
✔ failed saves preserve registered map and committed mask, retry saves pending visits (4.9227ms)
✔ shared code excludes survey; deletion and reimport reset it; original signatures isolate knowledge (7.4362ms)
✔ signature trims and normalizes NFC, accepts 1–4 BMP characters without truncating (2.0245ms)
✔ old characters migrate to empty ownership without changing their name or inventory (10.5381ms)
✔ unidentified cap is checked before random draws and originals survive JSON reload (0.7696ms)
✔ appraisal derives fixed info without random draws and moves original atomically (1.6244ms)
✔ registration counts 0–10, full rejection retains map, full duplicate preserves all records (0.692ms)
✔ same seed, different signatures are distinct originals with identical content (0.3421ms)
✔ failed or throwing save restores the complete pre-appraisal character; retry grants once (0.7708ms)
✔ invalid saved originals do not enter arrays; unsupported rules cannot be appraised as current rules (0.2646ms)
✔ B96 uses the live door access gate with four distinct owned Zodiac cards (24.8594ms)
✔ B2 special room contains the repeatable lingering ghost event boss (1.4869ms)
✔ The lingering ghost event marker is visible before exploration except at zero torch (0.3404ms)
✔ B6 special room is the quest-gated one-time mimic event (0.2666ms)
✔ B6 special room blocks unaccepted or completed quest states and admits an active quest (0.4587ms)
✔ B6 quest room unlocks and retains the mimic event content (33.6289ms)
✔ B14 queen shadow room unlocks only after the first four sightings (0.3354ms)
✔ B16 Jabberwock room is gated by quest 009 (0.4595ms)
✔ B36 Brass Bull room is gated by quest 014 (0.321ms)
✔ B46 Glacies room is gated by quest 018 (0.3791ms)
✔ B47 is reserved for the three-Zodiac Eiskrabbe event without replacing B46 (0.4133ms)
✔ Zodiac access counts distinct owned kinds without requiring them to be set (0.2907ms)
✔ B64 is reserved for the Zodiac-gated Todes Scorpio event (0.2213ms)
✔ B64 opens first, then asks for confirmation when entering (40.5634ms)
✔ escaping Todes Scorpio blocks a rematch until the next exploration (4.2072ms)
✔ B4 special room warns before entering the one-time superboss event (0.3148ms)
✔ declining a special-room boss keeps valid retreat coordinates (35.4783ms)
✔ forced encounters block special-room unlocking without exposing a rate (0.5399ms)
✔ each floor creates at most one sealed one-cell special room with an internal black door (176.9095ms)
✔ configured empty special rooms contain one purple card chest without replacing fixed events (199.7462ms)
✔ an eligible empty special room can become a Maikaefer nest instead of a purple chest (45.3823ms)
✔ Maikaefer nests never replace fixed or forced-quest special rooms (74.498ms)
✔ the Maikaefer nest event is consumed before battle and keeps its escape flavor (5.0905ms)
✔ special-room lock gets three attempts with a lower rate after each failure (49.0146ms)
✔ standard black doors remain accessible to low-DEX jobs (0.2458ms)
✔ special-room lock supports elite, fixed and guaranteed difficulty modes (0.1954ms)
✔ successful unlocking lasts for the exploration and regeneration locks the room again (73.9557ms)
✔ survey protection makes the purple special-room lock a guaranteed success (42.1165ms)
✔ Sphinx route cards are unique L cards with the confirmed effects (2.6063ms)
✔ Sphinx wisdom multiplies player damage by 1.15 only when the resolved element is weak (31.5987ms)
✔ Sphinx majesty creates a ceil 15 percent barrier and absorbs direct damage before HP (10.976ms)
✔ battle UI exposes weakness icons and the effect_06 barrier indicator (14.2117ms)
✔ borrowing Johanna's cat waits for the final confirmation before granting and saving it (15.7335ms)
✔ the cat item popup owns the three-second wait and the inn transition timers are disposable (5.8926ms)
✔ returning Johanna's cat waits for her dialogue and removes it during blackout (1.994ms)
✔ Anastasia keeps her separate facility blackout path (1.0771ms)
✔ the peaceful Sphinx reward displays its card popup after state settlement (0.4034ms)
✔ battle-earned cards move the popup into the dungeon viewport and Sphinx waits for settlement (1.089ms)
✔ sr_vital_abundance: additive 1-3 copies and L stacking (20.9192ms)
✔ sr_vital_abundance: existing percentage order and repeated equipment changes cannot heal (14.2178ms)
✔ sr_spirit_abundance: additive 1-3 copies and L stacking (12.602ms)
✔ sr_spirit_abundance: existing percentage order and repeated equipment changes cannot heal (13.5866ms)
✔ sr_vital_abundance: limits, icon, SR pricing and overflow (6.7822ms)
✔ sr_spirit_abundance: limits, icon, SR pricing and overflow (4.4249ms)
✔ sr_sp_saver_plus: limits, icon, SR pricing and overflow (3.2424ms)
✔ SP Saver Plus uses C's icon and exact text (0.5691ms)
✔ SP reduction 3: zero/minimum and equipment multiplier order (2.3846ms)
✔ SP reduction 4: zero/minimum and equipment multiplier order (2.2951ms)
✔ SP reduction 5: zero/minimum and equipment multiplier order (2.6033ms)
✔ SP reduction 1: zero/minimum and equipment multiplier order (1.4325ms)
✔ wide_swing: battle SP boundary and actual payment (30.6773ms)
✔ fireball: battle SP boundary and actual payment (12.6232ms)
✔ ice_bind: battle SP boundary and actual payment (11.4546ms)
✔ greater_healing: battle SP boundary and actual payment (14.9821ms)
✔ field healing uses the same reduced cost and rejects insufficient SP (10.108ms)
✔ Gemini recast remains free and normal/item actions keep zero SP payment (13.7164ms)
✔ protected save roundtrip retains new cards and original C/L-only saves (36.2479ms)
✔ rapid-current purple chest exact 30/30/30/5/2.5/2.5 boundaries and counts (4.3875ms)
✔ B70-B79 purple chests use vacant event rooms and never replace fixed or rare events (401.9442ms)
✔ new cards do not enter other floors or other chest pools (43.7857ms)
✔ inventory uses fewer rows on phone-sized screens (1.5051ms)
✔ status quest pages include active and reportable quests but exclude reported quests (5.1283ms)
✔ status always provides a fourth quest page when no quest is active (1.5418ms)
✔ B1F creates one to three stone pickup circles and no later floor does (93.3905ms)
✔ stones enter the loot bag and settle into inventory (7.43ms)
✔ a thrown stone uses normal hit chance and deals fixed nine damage (36.0474ms)
✔ the dungeon pickup handler adds stones to the loot bag (17.2722ms)
✔ floor materials and key items use the shared silhouette-hiding glow (5.7132ms)
✔ Search and Destroy makes thrown items hit even the Maikaefer at the maximum miss roll (3.0947ms)
✔ Taurus is a unique cost-eight Zodiac card with only the confirmed public description (1.736ms)
✔ Taurus raises maximum HP by fifty percent after additive bonuses (10.688ms)
✔ Taurus depth DEF follows ten-floor bands and caps its bonus at sixty (0.5904ms)
✔ Taurus applies a derived DEF bonus without storing or accumulating it (4.002ms)
✔ main uses contextual Taurus stats for status, battle, traps, and lock checks (6.5345ms)
✔ town receives the persistent character instead of a Taurus presentation copy (2.6372ms)
✔ tavern menu reserves the requested five-command layout (1.7827ms)
✔ NPC hiring opens its implemented submenu while past rumors remain available (0.5721ms)
✔ past rumors open a paginated history panel from the tavern (0.7489ms)
✔ the rumor list returns every available unread rumor in registration order (8.7925ms)
✔ only the latest unlocked stage of each rumor is returned (1.2289ms)
✔ saved event flags drive stage updates without duplicated caller conditions (0.829ms)
✔ sync queues every current unread stage once and persists the queue (1.4236ms)
✔ a newly unlocked stage replaces its obsolete queued stage (0.822ms)
✔ completing a notification does not mark the tavern rumor as read (1.0856ms)
✔ a notified rumor can queue its newly available conversation stage (0.8603ms)
✔ reading a rumor while its notification waits removes it from the queue (0.8626ms)
✔ malformed and legacy notification state is normalized safely (4.5326ms)
✔ pending and completed notification IDs survive character normalization (1.4555ms)
✔ the Johanna rumor participates in the same notification list (0.6281ms)
✔ the B42 marathon follow-up replaces the pending B40 rumor stage (0.728ms)
✔ new relic and long-march rumor stages use the shared notification queue (0.8091ms)
✔ Verfolger notification changes from base to defeated without marking the rumor read (0.7316ms)
✔ Lichtbringer notification switches to ownership stage without reading it (0.7403ms)
✔ cat rumor notification requires the accepted quest and switches only after peaceful resolution (0.9024ms)
✔ tavern rumor typewriter isolates only customer and Rosa dialogue (3.4896ms)
✔ tavern rumor becomes read and is unavailable until its Mikan update (6.0772ms)
✔ meeting Mikan before hearing the rumor starts with the updated version (1.029ms)
✔ B2 unlocks the lingering ghost rumor and victory unlocks its update (1.3549ms)
✔ unread tavern rumors are returned in registration order (0.7377ms)
✔ past rumors list only heard topics without a current unread update (1.3631ms)
✔ past rumor descriptions preserve the two customers and Rosa (0.7835ms)
✔ B4 unlocks the terrifying presence rumor and Otherworldly Wisdom adds Rosa's follow-up (1.2007ms)
✔ priest rumor requires quest 019 plus one hundred donations and updates after quest 016 (1.3928ms)
✔ acolyte rumor unlocks at five hundred donations and continues after the hidden temple event (1.2867ms)
✔ acolyte rumor stays hidden at five hundred donations until the priest rumor is complete (0.7722ms)
✔ Johanna rumor requires one hundred inn stays and reported Maerchentiere, then preserves two exact customer pages (1.1205ms)
✔ B40 unlocks the marathon rumor and a B42 marathon completion adds its follow-up (1.3816ms)
✔ an existing save that already completed the B42 marathon receives only the latest rumor stage (0.5632ms)
✔ B50 unlocks the relic weapon rumor and any four-relic ownership location unlocks its follow-up (2.8292ms)
✔ B80 plus the B42 marathon unlocks the second marathon rumor and B84 adds its follow-up (1.2882ms)
✔ B100 plus the B84 long march unlocks the final rumor and final completion adds its follow-up (1.2775ms)
✔ legacy saves that already meet all conditions receive only the latest new rumor stages (2.476ms)
✔ Verfolger rumor unlocks at B90, follows first defeat, and preserves latest-stage history (2.2053ms)
✔ Verfolger already defeated old saves offer only the latest unread stage (0.9239ms)
✔ nested dialogue quotes remain inside typewriter text (0.1494ms)
✔ Lichtbringer rumor uses B90, real ownership, exact dialogue and latest history (2.8642ms)
✔ Johanna cat rumor requires B69 and quest 027; only borrowed cat plus peaceful solution continues (3.0785ms)
✔ cat rumor preserves read base after combat-route report and uses owned cat for legacy peaceful saves (1.0731ms)
✔ throwing weapons keep fixed damage, individual accuracy, and one-item consumption for every job (36.7356ms)
✔ throwing inherits lightning card or oil and applies weakness per hit without changing accuracy (15.2395ms)
✔ elemental throws respect resistance and immunity and still consume only one item (12.2644ms)
✔ normal and thief DEX30 accuracy boundaries for both new items (10.4611ms)
✔ knives unlock on B70 arrival, spear remains unavailable, saved quantities and caps survive (6.2249ms)
✔ Pisces guardian achievement reads the persisted complete-victory flag (9.7026ms)
✔ B76 fixed optional room preserves its content and shared zodiac gate (54.9487ms)
✔ independent twins and complete victory reward are repeat-safe (9.6842ms)
✔ melee cannot reach even with Sagittarius and follow-up; thrown item can (34.1284ms)
✔ preselection reserves only one whirlpool, alternates and allows guarding (11.8271ms)
✔ dead preparation owner releases reservation; simultaneous deaths do not enrage (10.2234ms)
✔ weight boundaries and fresh snapshot after escape (0.7542ms)
✔ crystal reports actual SP loss including low and empty SP (5.3443ms)
✔ AoE damages both, melee skills including holy strike fail, ranged miracles reach (12.3663ms)
✔ stunned preparation remains reserved and excludes the other twin (5.4283ms)
✔ bleed occurs once only on actual hits; total misses do not bleed (4.6826ms)
✔ NPC melee including Erika holy strike cannot reach; Johan magic remains effective (6.9392ms)
✔ escape is guaranteed even at the highest roll (1.5908ms)
✔ whirlpool percentage, guard, fixed wall and independent magic barrier (32.7663ms)
✔ main registers continue handlers before the title screen becomes interactive (13.3003ms)
✔ title actions wait for the main game ready handshake (3.1774ms)
✔ title option reuses the game option screen and returns to the title (4.9392ms)
✔ B20F torture-region enemies use their supplied images and replace the prior pool (11.1718ms)
✔ all torture-region enemies use the B90F three-action pattern (0.6804ms)
✔ torture-region stats form a survivable progression from the magic region (0.6046ms)
✔ torture-region third actions implement bleeding, defense ignore, and restraint (1.7837ms)
✔ torture-region formations unlock progressively and stay within three enemies (11.5683ms)
✔ missing or invalid legacy touch movement settings fall back to the fixed d-pad (3.1168ms)
✔ mobile and tablet layouts switch exclusively between d-pad and floating stick (5.9985ms)
✔ desktop keeps the existing floating-stick behavior when touch controls are forced on (0.2681ms)
✔ d-pad directions map to the shared forward, back, and turn actions (0.306ms)
✔ touch movement selection is exposed, persisted, restored, and applied immediately (15.3881ms)
✔ both touch movement UIs use the existing dispatch path and common input lock (3.0109ms)
✔ d-pad cancellation, mode changes, and long presses always clear active state (1.4273ms)
✔ d-pad presentation preserves safe areas, minimum touch size, and beveled corners (1.4446ms)
✔ town facilities use the formal character names (1.4412ms)
✔ shop greeting and guild quest client names stay synchronized (0.4593ms)
✔ Helen's walking portrait changes permanently after her hidden event (5.4381ms)
✔ Parthenope stops walking through town permanently after quest 028 is accepted (1.9386ms)
✔ the horse and chicken walk through town more often than the rare visitor (1.1544ms)
✔ Loretta is enlarged and drawn immediately in front of the priest (0.5332ms)
✔ Malicious hurries through town immediately behind the horse layer (0.6899ms)
✔ Malicious permanently leaves the town passersby after quest 011 is accepted (0.8578ms)
✔ Treliren requires both the explorer rumor and completed dungeon meeting (0.6375ms)
✔ town overlays expose touch controls for quantities and paged lists (13.6913ms)
✔ transfer destinations require selection before a second tap activates them (5.3429ms)
✔ poison, deadly poison, and death poison use distinct status labels (11.2144ms)
✔ ordinary antidote cannot cure deadly poison or consume an item or battle turn (14.1813ms)
✔ deadly poison antidote rejection has its dedicated text and buzzer feedback (8.8905ms)
✔ transfer destinations are data-driven and expose only unlocked floors (10.4951ms)
✔ achievement popup uses the k8x12 font and queues newly achieved records (11.5605ms)
✔ Eiskoenigin alone receives a reduced-motion-safe multi-sparkle layer (2.9358ms)
✔ Glacies and Eiskoenigin use dedicated large boss image sizes (3.5535ms)
✔ Fleischfresser uses its dedicated large battle image size (1.9554ms)
✔ Otherworldly Wisdom uses its dedicated large battle image size (1.4172ms)
✔ Todes Scorpio uses a dedicated superboss image size (2.3831ms)
✔ transfer destination UI is separate from the six command slots and paginates by five (1.9681ms)
✔ closing the transfer UI restores the shared dungeon and battle command area (1.5764ms)
✔ Iron Maiden sizing cannot shrink the boss HP meter (5.0952ms)
✔ treasure colors use their configured 20, 50, and 80 percent trap rates (2.0064ms)
✔ thieves always disarm red treasure traps (3.7261ms)
✔ falling stones and crossbows deal nonlethal maximum-HP damage (1.6585ms)
✔ a successful crossbow saving throw halves damage (0.6647ms)
✔ poison needles inflict poison without damage after both checks fail (0.9633ms)
✔ regional assignment is stable across floors, zones and saved games, with one meeting per expedition (11.8653ms)
✔ all eight regions exclude boss floors, inaccessible ranges and unread rumor (3.6568ms)
✔ patrol never chases, alternates foot image on movement, survives reload and obeys marker exploration (5.1712ms)
✔ incense fills inventory then warehouse, sells for one without buyback and blocks only presence growth (4.6473ms)
✔ rumor unlocks at B10, switches after meeting and retains titled history (5.629ms)
✔ entrance camp requires a completed meeting and a roll strictly below twenty percent (0.6774ms)
✔ patrol contact and blocked neighbors are distinct legitimate non-movement outcomes (3.3927ms)
✔ all two-handed weapons clear the left hand and prevent it from being re-equipped (15.4935ms)
✔ one-handed weapons continue to allow compatible left-arm equipment (0.6352ms)
✔ normalization repairs saved two-handed and left-arm equipment conflicts (6.3126ms)
✔ tunguska retains supplied parameters and substitutes actual damage (6.9971ms)
✔ tunguska real charge action emits registered presentation per actual target (21.7752ms)
✔ apocalypse retains supplied parameters and substitutes actual damage (2.1211ms)
✔ apocalypse real charge action emits registered presentation per actual target (8.7793ms)
✔ reveal is continuous from silhouette through blur to the actual image (1.7382ms)
✔ blood profile survives combatant creation and particles are bounded and time-based (3.6954ms)
✔ concealed and reduced-motion blood canvases clear without drawing (0.4961ms)
✔ Verfolger data, approved assets and explicit B90-B98 production registry (10.9772ms)
✔ action boundaries are 40/35/25 and reservation replaces the lottery exactly once (20.2669ms)
✔ bites apply bleeding once per action and rend applies deadly poison (6.9128ms)
✔ holy actual damage breaks stance; miss, zero damage, other elements and enemy-side damage do not (5.0045ms)
✔ deadly/death poison remain possible at 5% for ordinary potency; element multipliers correct (0.8619ms)
✔ no gold, items, red chest or cards drop at any roll, and escaping is guaranteed (1.1311ms)
✔ all nine floors place one legal individual; old saves stay empty, escape resets, death persists (78.6732ms)
✔ per-floor defeat and achievement survive normalization without affecting other floors (7.5193ms)
✔ warehouse uses the inventory-style ten-entry paged interface (13.2809ms)
✔ opening introduces the guardian and its magic barrier on separate lines (8.7124ms)
✔ normal and crisis tables exclude useless absorption and repeated actions (2.9883ms)
✔ weighted selection covers all normal actions and ordinary enemies keep their table (3.7447ms)
✔ barrier break exhausts and cancels tide; regeneration waits for next player opportunity (2.9432ms)
✔ real rounds give an exposed hit before regeneration for either action order (22.324ms)
✔ absorption reserves tide on recovery to max only; chip damage interrupts it (2.2ms)
✔ tide fires, guard reduces damage, and an earlier player hit cancels preselected tide (7.4634ms)
✔ half HP triggers phase two once; charge and greater spell use configured values (1.3754ms)
✔ strike drains ten SP only on real HP damage, with no barrier recovery (10.43ms)
✔ new battle has no exhausted, phase-two, reservation or previous-action state (3.7754ms)
✔ poison persists while exposed and is cleansed by regeneration and absorption (4.4235ms)
✔ deadly_poison persists while exposed and is cleansed by regeneration and absorption (3.6109ms)
✔ death_poison persists while exposed and is cleansed by regeneration and absorption (3.5726ms)
✔ positive-to-positive recovery, opening, empty poison set and other enemies never cleanse (2.7045ms)
✔ Scorpio can apply death poison to exposed boss; damage ticks and redeployment cleanses it (3.4736ms)
✔ poison blade applies poison through a real attack against exposed HP (4.0694ms)
✔ invalid input does not advance regeneration and skipped enemy preserves tide reservation (4.7882ms)
✔ body sparkle is below the shield and persists without shield; reduced motion is static (2.2971ms)
✔ B18 fixed unlocked event, assets, unique reward and achievement (9.5311ms)
✔ spell damages shield; overflow cannot hit HP; subsequent attack damages HP (16.5103ms)
✔ three thrown hits share shielding and one barrier sound (4.5369ms)
✔ absorption ceilings SP, redeploys, caps and marks full transition; AI uses action (5.3388ms)
✔ escape never marks victory and fresh fight has full barrier (4.0715ms)
✔ five-hit physical action and full misses retain HP; shield does not leak between fights (9.6995ms)
✔ B70F through B79F unlock the four water-region enemies progressively (4.0249ms)
✔ water-region formations deepen from piranha groups into the two B78F mixed parties (1.2726ms)
✔ a mixed water-region battle safely retargets when the selected enemy is already defeated (16.7718ms)
✔ Abyss Piranha uses lightning weakness, multi-hit attacks, and normal bleeding resistance (1.1087ms)
✔ Abgrundaal resists lightning, is weak to ice, and carries two action-disable attacks (0.6284ms)
✔ Abgrundkrabbe is the high-defense bleeding-immune enemy and uses existing guard (0.6925ms)
✔ Abyss Giant Catfish is the largest reward enemy and applies action disable or speed down (0.5247ms)
✔ all four water-region enemy image files exist and no placeholder materials are assigned (8.0799ms)
✔ elemental oils cost 500G and unlock together after quest 013 reporting (2.3443ms)
✔ elemental armament cards are exclusive SR cost-four cards with future sale values (5.1307ms)
✔ every card follows the fixed rarity cost table (0.3415ms)
✔ physical attack element priority is skill, oil, weapon, card, then physical (1.817ms)
✔ elemental oil lasts for the battle, rejects the same oil, and another oil overwrites it (16.9161ms)
✔ deck UI uses the shared warning effect for elemental conflicts (11.9999ms)
✔ wing gift shop opens at B80, price is 10000 (1.6188ms)
✔ field use subtracts fixed base fifths and rejects fifth use or full SP without consumption (7.432ms)
✔ normalization and JSON reload retain penalty without compounding (8.4197ms)
✔ battle item consumes one, recovers SP and retains reduced max HP (14.1897ms)
✔ seal snapshots equipped Aries only; no opening damage or resource/charge consumption (15.3658ms)
✔ action weights and pride last three subsequent opportunities with no restacking (5.6675ms)
✔ triple bleeding is one successful after-damage application; misses and barrier absorption exclude it (2.6459ms)
✔ star arrow is reserved, has a fresh command opportunity, and guard reduces its damage (2.1224ms)
✔ Sagittarius preserves immunity and weaknesses while bypassing elemental resistance and DEF (2.0912ms)
✔ Sagittarius applies through real multi-target physical skills and spell actions (5.8016ms)
✔ B96 fixed room, neighboring rooms, first victory, old ownership and saved achievement (15.2498ms)
✔ Astronomy is SR cost 4 and enters existing purple chest SR rolls (1.2105ms)
✔ Only equipped Astronomy detects guardians; ownership and former NPC detection do not (3.8252ms)
✔ Gemini retains legacy discovery while Astronomy discovers and follows the active act (1.1356ms)
✔ Virgo points to the active guild objective, then disappears when the dungeon task is done (0.5796ms)
ℹ tests 1668
ℹ suites 0
ℹ pass 1668
ℹ fail 0
ℹ cancelled 0
ℹ skipped 0
ℹ todo 0
ℹ duration_ms 9435.8024
